Date;26.04.2025;;;;;;;;;;;;;;;
;;;;;;;;;;;;;;;;
;;;;;;;;;;;;;;;;
Date;DateKey;Year;YearQuarter;YearQuarterNumber;Quarter;YearMonth;YearMonthShort;YearMonthNumber;Month;MonthShort;MonthNumber;DayofWeek;DayofWeekShort;DayofWeekNumber;WorkingDay;WorkingDayNumber
01.01.2015;20150101;2015;Q1-2015;8061;Q1;01.01.2015;01.01.2015;24181;January;Jan;1;Thursday;Thu;5;0;0
02.01.2015;20150102;2015;Q1-2015;8061;Q1;01.01.2015;01.01.2015;24181;January;Jan;1;Friday;Fri;6;1;1
03.01.2015;20150103;2015;Q1-2015;8061;Q1;01.01.2015;01.01.2015;24181;January;Jan;1;Saturday;Sat;7;0;1
04.01.2015;20150104;2015;Q1-2015;8061;Q1;01.01.2015;01.01.2015;24181;January;Jan;1;Sunday;Sun;1;0;1
05.01.2015;20150105;2015;Q1-2015;8061;Q1;01.01.2015;01.01.2015;24181;January;Jan;1;Monday;Mon;2;1;2
06.01.2015;20150106;2015;Q1-2015;8061;Q1;01.01.2015;01.01.2015;24181;January;Jan;1;Tuesday;Tue;3;1;3
07.01.2015;20150107;2015;Q1-2015;8061;Q1;01.01.2015;01.01.2015;24181;January;Jan;1;Wednesday;Wed;4;1;4
08.01.2015;20150108;2015;Q1-2015;8061;Q1;01.01.2015;01.01.2015;24181;January;Jan;1;Thursday;Thu;5;1;5
09.01.2015;20150109;2015;Q1-2015;8061;Q1;01.01.2015;01.01.2015;24181;January;Jan;1;Friday;Fri;6;1;6
10.01.2015;20150110;2015;Q1-2015;8061;Q1;01.01.2015;01.01.2015;24181;January;Jan;1;Saturday;Sat;7;0;6
11.01.2015;20150111;2015;Q1-2015;8061;Q1;01.01.2015;01.01.2015;24181;January;Jan;1;Sunday;Sun;1;0;6
12.01.2015;20150112;2015;Q1-2015;8061;Q1;01.01.2015;01.01.2015;24181;January;Jan;1;Monday;Mon;2;1;7
13.01.2015;20150113;2015;Q1-2015;8061;Q1;01.01.2015;01.01.2015;24181;January;Jan;1;Tuesday;Tue;3;1;8
14.01.2015;20150114;2015;Q1-2015;8061;Q1;01.01.2015;01.01.2015;24181;January;Jan;1;Wednesday;Wed;4;1;9
15.01.2015;20150115;2015;Q1-2015;8061;Q1;01.01.2015;01.01.2015;24181;January;Jan;1;Thursday;Thu;5;1;10
16.01.2015;20150116;2015;Q1-2015;8061;Q1;01.01.2015;01.01.2015;24181;January;Jan;1;Friday;Fri;6;1;11
17.01.2015;20150117;2015;Q1-2015;8061;Q1;01.01.2015;01.01.2015;24181;January;Jan;1;Saturday;Sat;7;0;11
18.01.2015;20150118;2015;Q1-2015;8061;Q1;01.01.2015;01.01.2015;24181;January;Jan;1;Sunday;Sun;1;0;11
19.01.2015;20150119;2015;Q1-2015;8061;Q1;01.01.2015;01.01.2015;24181;January;Jan;1;Monday;Mon;2;0;11
20.01.2015;20150120;2015;Q1-2015;8061;Q1;01.01.2015;01.01.2015;24181;January;Jan;1;Tuesday;Tue;3;1;12
21.01.2015;20150121;2015;Q1-2015;8061;Q1;01.01.2015;01.01.2015;24181;January;Jan;1;Wednesday;Wed;4;1;13
22.01.2015;20150122;2015;Q1-2015;8061;Q1;01.01.2015;01.01.2015;24181;January;Jan;1;Thursday;Thu;5;1;14
23.01.2015;20150123;2015;Q1-2015;8061;Q1;01.01.2015;01.01.2015;24181;January;Jan;1;Friday;Fri;6;1;15
24.01.2015;20150124;2015;Q1-2015;8061;Q1;01.01.2015;01.01.2015;24181;January;Jan;1;Saturday;Sat;7;0;15
25.01.2015;20150125;2015;Q1-2015;8061;Q1;01.01.2015;01.01.2015;24181;January;Jan;1;Sunday;Sun;1;0;15
26.01.2015;20150126;2015;Q1-2015;8061;Q1;01.01.2015;01.01.2015;24181;January;Jan;1;Monday;Mon;2;1;16
27.01.2015;20150127;2015;Q1-2015;8061;Q1;01.01.2015;01.01.2015;24181;January;Jan;1;Tuesday;Tue;3;1;17
28.01.2015;20150128;2015;Q1-2015;8061;Q1;01.01.2015;01.01.2015;24181;January;Jan;1;Wednesday;Wed;4;1;18
29.01.2015;20150129;2015;Q1-2015;8061;Q1;01.01.2015;01.01.2015;24181;January;Jan;1;Thursday;Thu;5;1;19
30.01.2015;20150130;2015;Q1-2015;8061;Q1;01.01.2015;01.01.2015;24181;January;Jan;1;Friday;Fri;6;1;20
31.01.2015;20150131;2015;Q1-2015;8061;Q1;01.01.2015;01.01.2015;24181;January;Jan;1;Saturday;Sat;7;0;20
01.02.2015;20150201;2015;Q1-2015;8061;Q1;01.02.2015;01.02.2015;24182;February;Feb;2;Sunday;Sun;1;0;20
02.02.2015;20150202;2015;Q1-2015;8061;Q1;01.02.2015;01.02.2015;24182;February;Feb;2;Monday;Mon;2;1;21
03.02.2015;20150203;2015;Q1-2015;8061;Q1;01.02.2015;01.02.2015;24182;February;Feb;2;Tuesday;Tue;3;1;22
04.02.2015;20150204;2015;Q1-2015;8061;Q1;01.02.2015;01.02.2015;24182;February;Feb;2;Wednesday;Wed;4;1;23
05.02.2015;20150205;2015;Q1-2015;8061;Q1;01.02.2015;01.02.2015;24182;February;Feb;2;Thursday;Thu;5;1;24
06.02.2015;20150206;2015;Q1-2015;8061;Q1;01.02.2015;01.02.2015;24182;February;Feb;2;Friday;Fri;6;1;25
07.02.2015;20150207;2015;Q1-2015;8061;Q1;01.02.2015;01.02.2015;24182;February;Feb;2;Saturday;Sat;7;0;25
08.02.2015;20150208;2015;Q1-2015;8061;Q1;01.02.2015;01.02.2015;24182;February;Feb;2;Sunday;Sun;1;0;25
09.02.2015;20150209;2015;Q1-2015;8061;Q1;01.02.2015;01.02.2015;24182;February;Feb;2;Monday;Mon;2;1;26
10.02.2015;20150210;2015;Q1-2015;8061;Q1;01.02.2015;01.02.2015;24182;February;Feb;2;Tuesday;Tue;3;1;27
11.02.2015;20150211;2015;Q1-2015;8061;Q1;01.02.2015;01.02.2015;24182;February;Feb;2;Wednesday;Wed;4;1;28
12.02.2015;20150212;2015;Q1-2015;8061;Q1;01.02.2015;01.02.2015;24182;February;Feb;2;Thursday;Thu;5;1;29
13.02.2015;20150213;2015;Q1-2015;8061;Q1;01.02.2015;01.02.2015;24182;February;Feb;2;Friday;Fri;6;1;30
14.02.2015;20150214;2015;Q1-2015;8061;Q1;01.02.2015;01.02.2015;24182;February;Feb;2;Saturday;Sat;7;0;30
15.02.2015;20150215;2015;Q1-2015;8061;Q1;01.02.2015;01.02.2015;24182;February;Feb;2;Sunday;Sun;1;0;30
16.02.2015;20150216;2015;Q1-2015;8061;Q1;01.02.2015;01.02.2015;24182;February;Feb;2;Monday;Mon;2;0;30
17.02.2015;20150217;2015;Q1-2015;8061;Q1;01.02.2015;01.02.2015;24182;February;Feb;2;Tuesday;Tue;3;1;31
18.02.2015;20150218;2015;Q1-2015;8061;Q1;01.02.2015;01.02.2015;24182;February;Feb;2;Wednesday;Wed;4;1;32
19.02.2015;20150219;2015;Q1-2015;8061;Q1;01.02.2015;01.02.2015;24182;February;Feb;2;Thursday;Thu;5;1;33
20.02.2015;20150220;2015;Q1-2015;8061;Q1;01.02.2015;01.02.2015;24182;February;Feb;2;Friday;Fri;6;1;34
21.02.2015;20150221;2015;Q1-2015;8061;Q1;01.02.2015;01.02.2015;24182;February;Feb;2;Saturday;Sat;7;0;34
22.02.2015;20150222;2015;Q1-2015;8061;Q1;01.02.2015;01.02.2015;24182;February;Feb;2;Sunday;Sun;1;0;34
23.02.2015;20150223;2015;Q1-2015;8061;Q1;01.02.2015;01.02.2015;24182;February;Feb;2;Monday;Mon;2;1;35
24.02.2015;20150224;2015;Q1-2015;8061;Q1;01.02.2015;01.02.2015;24182;February;Feb;2;Tuesday;Tue;3;1;36
25.02.2015;20150225;2015;Q1-2015;8061;Q1;01.02.2015;01.02.2015;24182;February;Feb;2;Wednesday;Wed;4;1;37
26.02.2015;20150226;2015;Q1-2015;8061;Q1;01.02.2015;01.02.2015;24182;February;Feb;2;Thursday;Thu;5;1;38
27.02.2015;20150227;2015;Q1-2015;8061;Q1;01.02.2015;01.02.2015;24182;February;Feb;2;Friday;Fri;6;1;39
28.02.2015;20150228;2015;Q1-2015;8061;Q1;01.02.2015;01.02.2015;24182;February;Feb;2;Saturday;Sat;7;0;39
01.03.2015;20150301;2015;Q1-2015;8061;Q1;01.03.2015;01.03.2015;24183;March;Mar;3;Sunday;Sun;1;0;39
02.03.2015;20150302;2015;Q1-2015;8061;Q1;01.03.2015;01.03.2015;24183;March;Mar;3;Monday;Mon;2;1;40
03.03.2015;20150303;2015;Q1-2015;8061;Q1;01.03.2015;01.03.2015;24183;March;Mar;3;Tuesday;Tue;3;1;41
04.03.2015;20150304;2015;Q1-2015;8061;Q1;01.03.2015;01.03.2015;24183;March;Mar;3;Wednesday;Wed;4;1;42
05.03.2015;20150305;2015;Q1-2015;8061;Q1;01.03.2015;01.03.2015;24183;March;Mar;3;Thursday;Thu;5;1;43
06.03.2015;20150306;2015;Q1-2015;8061;Q1;01.03.2015;01.03.2015;24183;March;Mar;3;Friday;Fri;6;1;44
07.03.2015;20150307;2015;Q1-2015;8061;Q1;01.03.2015;01.03.2015;24183;March;Mar;3;Saturday;Sat;7;0;44
08.03.2015;20150308;2015;Q1-2015;8061;Q1;01.03.2015;01.03.2015;24183;March;Mar;3;Sunday;Sun;1;0;44
09.03.2015;20150309;2015;Q1-2015;8061;Q1;01.03.2015;01.03.2015;24183;March;Mar;3;Monday;Mon;2;1;45
10.03.2015;20150310;2015;Q1-2015;8061;Q1;01.03.2015;01.03.2015;24183;March;Mar;3;Tuesday;Tue;3;1;46
11.03.2015;20150311;2015;Q1-2015;8061;Q1;01.03.2015;01.03.2015;24183;March;Mar;3;Wednesday;Wed;4;1;47
12.03.2015;20150312;2015;Q1-2015;8061;Q1;01.03.2015;01.03.2015;24183;March;Mar;3;Thursday;Thu;5;1;48
13.03.2015;20150313;2015;Q1-2015;8061;Q1;01.03.2015;01.03.2015;24183;March;Mar;3;Friday;Fri;6;1;49
14.03.2015;20150314;2015;Q1-2015;8061;Q1;01.03.2015;01.03.2015;24183;March;Mar;3;Saturday;Sat;7;0;49
15.03.2015;20150315;2015;Q1-2015;8061;Q1;01.03.2015;01.03.2015;24183;March;Mar;3;Sunday;Sun;1;0;49
16.03.2015;20150316;2015;Q1-2015;8061;Q1;01.03.2015;01.03.2015;24183;March;Mar;3;Monday;Mon;2;1;50
17.03.2015;20150317;2015;Q1-2015;8061;Q1;01.03.2015;01.03.2015;24183;March;Mar;3;Tuesday;Tue;3;1;51
18.03.2015;20150318;2015;Q1-2015;8061;Q1;01.03.2015;01.03.2015;24183;March;Mar;3;Wednesday;Wed;4;1;52
19.03.2015;20150319;2015;Q1-2015;8061;Q1;01.03.2015;01.03.2015;24183;March;Mar;3;Thursday;Thu;5;1;53
20.03.2015;20150320;2015;Q1-2015;8061;Q1;01.03.2015;01.03.2015;24183;March;Mar;3;Friday;Fri;6;1;54
21.03.2015;20150321;2015;Q1-2015;8061;Q1;01.03.2015;01.03.2015;24183;March;Mar;3;Saturday;Sat;7;0;54
22.03.2015;20150322;2015;Q1-2015;8061;Q1;01.03.2015;01.03.2015;24183;March;Mar;3;Sunday;Sun;1;0;54
23.03.2015;20150323;2015;Q1-2015;8061;Q1;01.03.2015;01.03.2015;24183;March;Mar;3;Monday;Mon;2;1;55
24.03.2015;20150324;2015;Q1-2015;8061;Q1;01.03.2015;01.03.2015;24183;March;Mar;3;Tuesday;Tue;3;1;56
25.03.2015;20150325;2015;Q1-2015;8061;Q1;01.03.2015;01.03.2015;24183;March;Mar;3;Wednesday;Wed;4;1;57
26.03.2015;20150326;2015;Q1-2015;8061;Q1;01.03.2015;01.03.2015;24183;March;Mar;3;Thursday;Thu;5;1;58
27.03.2015;20150327;2015;Q1-2015;8061;Q1;01.03.2015;01.03.2015;24183;March;Mar;3;Friday;Fri;6;1;59
28.03.2015;20150328;2015;Q1-2015;8061;Q1;01.03.2015;01.03.2015;24183;March;Mar;3;Saturday;Sat;7;0;59
29.03.2015;20150329;2015;Q1-2015;8061;Q1;01.03.2015;01.03.2015;24183;March;Mar;3;Sunday;Sun;1;0;59
30.03.2015;20150330;2015;Q1-2015;8061;Q1;01.03.2015;01.03.2015;24183;March;Mar;3;Monday;Mon;2;1;60
31.03.2015;20150331;2015;Q1-2015;8061;Q1;01.03.2015;01.03.2015;24183;March;Mar;3;Tuesday;Tue;3;1;61
01.04.2015;20150401;2015;Q2-2015;8062;Q2;01.04.2015;01.04.2015;24184;April;Apr;4;Wednesday;Wed;4;1;62
02.04.2015;20150402;2015;Q2-2015;8062;Q2;01.04.2015;01.04.2015;24184;April;Apr;4;Thursday;Thu;5;1;63
03.04.2015;20150403;2015;Q2-2015;8062;Q2;01.04.2015;01.04.2015;24184;April;Apr;4;Friday;Fri;6;1;64
04.04.2015;20150404;2015;Q2-2015;8062;Q2;01.04.2015;01.04.2015;24184;April;Apr;4;Saturday;Sat;7;0;64
05.04.2015;20150405;2015;Q2-2015;8062;Q2;01.04.2015;01.04.2015;24184;April;Apr;4;Sunday;Sun;1;0;64
06.04.2015;20150406;2015;Q2-2015;8062;Q2;01.04.2015;01.04.2015;24184;April;Apr;4;Monday;Mon;2;1;65
07.04.2015;20150407;2015;Q2-2015;8062;Q2;01.04.2015;01.04.2015;24184;April;Apr;4;Tuesday;Tue;3;1;66
08.04.2015;20150408;2015;Q2-2015;8062;Q2;01.04.2015;01.04.2015;24184;April;Apr;4;Wednesday;Wed;4;1;67
09.04.2015;20150409;2015;Q2-2015;8062;Q2;01.04.2015;01.04.2015;24184;April;Apr;4;Thursday;Thu;5;1;68
10.04.2015;20150410;2015;Q2-2015;8062;Q2;01.04.2015;01.04.2015;24184;April;Apr;4;Friday;Fri;6;1;69
11.04.2015;20150411;2015;Q2-2015;8062;Q2;01.04.2015;01.04.2015;24184;April;Apr;4;Saturday;Sat;7;0;69
12.04.2015;20150412;2015;Q2-2015;8062;Q2;01.04.2015;01.04.2015;24184;April;Apr;4;Sunday;Sun;1;0;69
13.04.2015;20150413;2015;Q2-2015;8062;Q2;01.04.2015;01.04.2015;24184;April;Apr;4;Monday;Mon;2;1;70
14.04.2015;20150414;2015;Q2-2015;8062;Q2;01.04.2015;01.04.2015;24184;April;Apr;4;Tuesday;Tue;3;1;71
15.04.2015;20150415;2015;Q2-2015;8062;Q2;01.04.2015;01.04.2015;24184;April;Apr;4;Wednesday;Wed;4;1;72
16.04.2015;20150416;2015;Q2-2015;8062;Q2;01.04.2015;01.04.2015;24184;April;Apr;4;Thursday;Thu;5;1;73
17.04.2015;20150417;2015;Q2-2015;8062;Q2;01.04.2015;01.04.2015;24184;April;Apr;4;Friday;Fri;6;1;74
18.04.2015;20150418;2015;Q2-2015;8062;Q2;01.04.2015;01.04.2015;24184;April;Apr;4;Saturday;Sat;7;0;74
19.04.2015;20150419;2015;Q2-2015;8062;Q2;01.04.2015;01.04.2015;24184;April;Apr;4;Sunday;Sun;1;0;74
20.04.2015;20150420;2015;Q2-2015;8062;Q2;01.04.2015;01.04.2015;24184;April;Apr;4;Monday;Mon;2;1;75
21.04.2015;20150421;2015;Q2-2015;8062;Q2;01.04.2015;01.04.2015;24184;April;Apr;4;Tuesday;Tue;3;1;76
22.04.2015;20150422;2015;Q2-2015;8062;Q2;01.04.2015;01.04.2015;24184;April;Apr;4;Wednesday;Wed;4;1;77
23.04.2015;20150423;2015;Q2-2015;8062;Q2;01.04.2015;01.04.2015;24184;April;Apr;4;Thursday;Thu;5;1;78
24.04.2015;20150424;2015;Q2-2015;8062;Q2;01.04.2015;01.04.2015;24184;April;Apr;4;Friday;Fri;6;1;79
25.04.2015;20150425;2015;Q2-2015;8062;Q2;01.04.2015;01.04.2015;24184;April;Apr;4;Saturday;Sat;7;0;79
26.04.2015;20150426;2015;Q2-2015;8062;Q2;01.04.2015;01.04.2015;24184;April;Apr;4;Sunday;Sun;1;0;79
27.04.2015;20150427;2015;Q2-2015;8062;Q2;01.04.2015;01.04.2015;24184;April;Apr;4;Monday;Mon;2;1;80
28.04.2015;20150428;2015;Q2-2015;8062;Q2;01.04.2015;01.04.2015;24184;April;Apr;4;Tuesday;Tue;3;1;81
29.04.2015;20150429;2015;Q2-2015;8062;Q2;01.04.2015;01.04.2015;24184;April;Apr;4;Wednesday;Wed;4;1;82
30.04.2015;20150430;2015;Q2-2015;8062;Q2;01.04.2015;01.04.2015;24184;April;Apr;4;Thursday;Thu;5;1;83
01.05.2015;20150501;2015;Q2-2015;8062;Q2;01.05.2015;01.05.2015;24185;May;May;5;Friday;Fri;6;1;84
02.05.2015;20150502;2015;Q2-2015;8062;Q2;01.05.2015;01.05.2015;24185;May;May;5;Saturday;Sat;7;0;84
03.05.2015;20150503;2015;Q2-2015;8062;Q2;01.05.2015;01.05.2015;24185;May;May;5;Sunday;Sun;1;0;84
04.05.2015;20150504;2015;Q2-2015;8062;Q2;01.05.2015;01.05.2015;24185;May;May;5;Monday;Mon;2;1;85
05.05.2015;20150505;2015;Q2-2015;8062;Q2;01.05.2015;01.05.2015;24185;May;May;5;Tuesday;Tue;3;1;86
06.05.2015;20150506;2015;Q2-2015;8062;Q2;01.05.2015;01.05.2015;24185;May;May;5;Wednesday;Wed;4;1;87
07.05.2015;20150507;2015;Q2-2015;8062;Q2;01.05.2015;01.05.2015;24185;May;May;5;Thursday;Thu;5;1;88
08.05.2015;20150508;2015;Q2-2015;8062;Q2;01.05.2015;01.05.2015;24185;May;May;5;Friday;Fri;6;1;89
09.05.2015;20150509;2015;Q2-2015;8062;Q2;01.05.2015;01.05.2015;24185;May;May;5;Saturday;Sat;7;0;89
10.05.2015;20150510;2015;Q2-2015;8062;Q2;01.05.2015;01.05.2015;24185;May;May;5;Sunday;Sun;1;0;89
11.05.2015;20150511;2015;Q2-2015;8062;Q2;01.05.2015;01.05.2015;24185;May;May;5;Monday;Mon;2;1;90
12.05.2015;20150512;2015;Q2-2015;8062;Q2;01.05.2015;01.05.2015;24185;May;May;5;Tuesday;Tue;3;1;91
13.05.2015;20150513;2015;Q2-2015;8062;Q2;01.05.2015;01.05.2015;24185;May;May;5;Wednesday;Wed;4;1;92
14.05.2015;20150514;2015;Q2-2015;8062;Q2;01.05.2015;01.05.2015;24185;May;May;5;Thursday;Thu;5;1;93
15.05.2015;20150515;2015;Q2-2015;8062;Q2;01.05.2015;01.05.2015;24185;May;May;5;Friday;Fri;6;1;94
16.05.2015;20150516;2015;Q2-2015;8062;Q2;01.05.2015;01.05.2015;24185;May;May;5;Saturday;Sat;7;0;94
17.05.2015;20150517;2015;Q2-2015;8062;Q2;01.05.2015;01.05.2015;24185;May;May;5;Sunday;Sun;1;0;94
18.05.2015;20150518;2015;Q2-2015;8062;Q2;01.05.2015;01.05.2015;24185;May;May;5;Monday;Mon;2;1;95
19.05.2015;20150519;2015;Q2-2015;8062;Q2;01.05.2015;01.05.2015;24185;May;May;5;Tuesday;Tue;3;1;96
20.05.2015;20150520;2015;Q2-2015;8062;Q2;01.05.2015;01.05.2015;24185;May;May;5;Wednesday;Wed;4;1;97
21.05.2015;20150521;2015;Q2-2015;8062;Q2;01.05.2015;01.05.2015;24185;May;May;5;Thursday;Thu;5;1;98
22.05.2015;20150522;2015;Q2-2015;8062;Q2;01.05.2015;01.05.2015;24185;May;May;5;Friday;Fri;6;1;99
23.05.2015;20150523;2015;Q2-2015;8062;Q2;01.05.2015;01.05.2015;24185;May;May;5;Saturday;Sat;7;0;99
24.05.2015;20150524;2015;Q2-2015;8062;Q2;01.05.2015;01.05.2015;24185;May;May;5;Sunday;Sun;1;0;99
25.05.2015;20150525;2015;Q2-2015;8062;Q2;01.05.2015;01.05.2015;24185;May;May;5;Monday;Mon;2;0;99
26.05.2015;20150526;2015;Q2-2015;8062;Q2;01.05.2015;01.05.2015;24185;May;May;5;Tuesday;Tue;3;1;100
27.05.2015;20150527;2015;Q2-2015;8062;Q2;01.05.2015;01.05.2015;24185;May;May;5;Wednesday;Wed;4;1;101
28.05.2015;20150528;2015;Q2-2015;8062;Q2;01.05.2015;01.05.2015;24185;May;May;5;Thursday;Thu;5;1;102
29.05.2015;20150529;2015;Q2-2015;8062;Q2;01.05.2015;01.05.2015;24185;May;May;5;Friday;Fri;6;1;103
30.05.2015;20150530;2015;Q2-2015;8062;Q2;01.05.2015;01.05.2015;24185;May;May;5;Saturday;Sat;7;0;103
31.05.2015;20150531;2015;Q2-2015;8062;Q2;01.05.2015;01.05.2015;24185;May;May;5;Sunday;Sun;1;0;103
01.06.2015;20150601;2015;Q2-2015;8062;Q2;01.06.2015;01.06.2015;24186;June;Jun;6;Monday;Mon;2;1;104
02.06.2015;20150602;2015;Q2-2015;8062;Q2;01.06.2015;01.06.2015;24186;June;Jun;6;Tuesday;Tue;3;1;105
03.06.2015;20150603;2015;Q2-2015;8062;Q2;01.06.2015;01.06.2015;24186;June;Jun;6;Wednesday;Wed;4;1;106
04.06.2015;20150604;2015;Q2-2015;8062;Q2;01.06.2015;01.06.2015;24186;June;Jun;6;Thursday;Thu;5;1;107
05.06.2015;20150605;2015;Q2-2015;8062;Q2;01.06.2015;01.06.2015;24186;June;Jun;6;Friday;Fri;6;1;108
06.06.2015;20150606;2015;Q2-2015;8062;Q2;01.06.2015;01.06.2015;24186;June;Jun;6;Saturday;Sat;7;0;108
07.06.2015;20150607;2015;Q2-2015;8062;Q2;01.06.2015;01.06.2015;24186;June;Jun;6;Sunday;Sun;1;0;108
08.06.2015;20150608;2015;Q2-2015;8062;Q2;01.06.2015;01.06.2015;24186;June;Jun;6;Monday;Mon;2;1;109
09.06.2015;20150609;2015;Q2-2015;8062;Q2;01.06.2015;01.06.2015;24186;June;Jun;6;Tuesday;Tue;3;1;110
10.06.2015;20150610;2015;Q2-2015;8062;Q2;01.06.2015;01.06.2015;24186;June;Jun;6;Wednesday;Wed;4;1;111
11.06.2015;20150611;2015;Q2-2015;8062;Q2;01.06.2015;01.06.2015;24186;June;Jun;6;Thursday;Thu;5;1;112
12.06.2015;20150612;2015;Q2-2015;8062;Q2;01.06.2015;01.06.2015;24186;June;Jun;6;Friday;Fri;6;1;113
13.06.2015;20150613;2015;Q2-2015;8062;Q2;01.06.2015;01.06.2015;24186;June;Jun;6;Saturday;Sat;7;0;113
14.06.2015;20150614;2015;Q2-2015;8062;Q2;01.06.2015;01.06.2015;24186;June;Jun;6;Sunday;Sun;1;0;113
15.06.2015;20150615;2015;Q2-2015;8062;Q2;01.06.2015;01.06.2015;24186;June;Jun;6;Monday;Mon;2;1;114
16.06.2015;20150616;2015;Q2-2015;8062;Q2;01.06.2015;01.06.2015;24186;June;Jun;6;Tuesday;Tue;3;1;115
17.06.2015;20150617;2015;Q2-2015;8062;Q2;01.06.2015;01.06.2015;24186;June;Jun;6;Wednesday;Wed;4;1;116
18.06.2015;20150618;2015;Q2-2015;8062;Q2;01.06.2015;01.06.2015;24186;June;Jun;6;Thursday;Thu;5;1;117
19.06.2015;20150619;2015;Q2-2015;8062;Q2;01.06.2015;01.06.2015;24186;June;Jun;6;Friday;Fri;6;1;118
20.06.2015;20150620;2015;Q2-2015;8062;Q2;01.06.2015;01.06.2015;24186;June;Jun;6;Saturday;Sat;7;0;118
21.06.2015;20150621;2015;Q2-2015;8062;Q2;01.06.2015;01.06.2015;24186;June;Jun;6;Sunday;Sun;1;0;118
22.06.2015;20150622;2015;Q2-2015;8062;Q2;01.06.2015;01.06.2015;24186;June;Jun;6;Monday;Mon;2;1;119
23.06.2015;20150623;2015;Q2-2015;8062;Q2;01.06.2015;01.06.2015;24186;June;Jun;6;Tuesday;Tue;3;1;120
24.06.2015;20150624;2015;Q2-2015;8062;Q2;01.06.2015;01.06.2015;24186;June;Jun;6;Wednesday;Wed;4;1;121
25.06.2015;20150625;2015;Q2-2015;8062;Q2;01.06.2015;01.06.2015;24186;June;Jun;6;Thursday;Thu;5;1;122
26.06.2015;20150626;2015;Q2-2015;8062;Q2;01.06.2015;01.06.2015;24186;June;Jun;6;Friday;Fri;6;1;123
27.06.2015;20150627;2015;Q2-2015;8062;Q2;01.06.2015;01.06.2015;24186;June;Jun;6;Saturday;Sat;7;0;123
28.06.2015;20150628;2015;Q2-2015;8062;Q2;01.06.2015;01.06.2015;24186;June;Jun;6;Sunday;Sun;1;0;123
29.06.2015;20150629;2015;Q2-2015;8062;Q2;01.06.2015;01.06.2015;24186;June;Jun;6;Monday;Mon;2;1;124
30.06.2015;20150630;2015;Q2-2015;8062;Q2;01.06.2015;01.06.2015;24186;June;Jun;6;Tuesday;Tue;3;1;125
01.07.2015;20150701;2015;Q3-2015;8063;Q3;01.07.2015;01.07.2015;24187;July;Jul;7;Wednesday;Wed;4;1;126
02.07.2015;20150702;2015;Q3-2015;8063;Q3;01.07.2015;01.07.2015;24187;July;Jul;7;Thursday;Thu;5;1;127
03.07.2015;20150703;2015;Q3-2015;8063;Q3;01.07.2015;01.07.2015;24187;July;Jul;7;Friday;Fri;6;0;127
04.07.2015;20150704;2015;Q3-2015;8063;Q3;01.07.2015;01.07.2015;24187;July;Jul;7;Saturday;Sat;7;0;127
05.07.2015;20150705;2015;Q3-2015;8063;Q3;01.07.2015;01.07.2015;24187;July;Jul;7;Sunday;Sun;1;0;127
06.07.2015;20150706;2015;Q3-2015;8063;Q3;01.07.2015;01.07.2015;24187;July;Jul;7;Monday;Mon;2;1;128
07.07.2015;20150707;2015;Q3-2015;8063;Q3;01.07.2015;01.07.2015;24187;July;Jul;7;Tuesday;Tue;3;1;129
08.07.2015;20150708;2015;Q3-2015;8063;Q3;01.07.2015;01.07.2015;24187;July;Jul;7;Wednesday;Wed;4;1;130
09.07.2015;20150709;2015;Q3-2015;8063;Q3;01.07.2015;01.07.2015;24187;July;Jul;7;Thursday;Thu;5;1;131
10.07.2015;20150710;2015;Q3-2015;8063;Q3;01.07.2015;01.07.2015;24187;July;Jul;7;Friday;Fri;6;1;132
11.07.2015;20150711;2015;Q3-2015;8063;Q3;01.07.2015;01.07.2015;24187;July;Jul;7;Saturday;Sat;7;0;132
12.07.2015;20150712;2015;Q3-2015;8063;Q3;01.07.2015;01.07.2015;24187;July;Jul;7;Sunday;Sun;1;0;132
13.07.2015;20150713;2015;Q3-2015;8063;Q3;01.07.2015;01.07.2015;24187;July;Jul;7;Monday;Mon;2;1;133
14.07.2015;20150714;2015;Q3-2015;8063;Q3;01.07.2015;01.07.2015;24187;July;Jul;7;Tuesday;Tue;3;1;134
15.07.2015;20150715;2015;Q3-2015;8063;Q3;01.07.2015;01.07.2015;24187;July;Jul;7;Wednesday;Wed;4;1;135
16.07.2015;20150716;2015;Q3-2015;8063;Q3;01.07.2015;01.07.2015;24187;July;Jul;7;Thursday;Thu;5;1;136
17.07.2015;20150717;2015;Q3-2015;8063;Q3;01.07.2015;01.07.2015;24187;July;Jul;7;Friday;Fri;6;1;137
18.07.2015;20150718;2015;Q3-2015;8063;Q3;01.07.2015;01.07.2015;24187;July;Jul;7;Saturday;Sat;7;0;137
19.07.2015;20150719;2015;Q3-2015;8063;Q3;01.07.2015;01.07.2015;24187;July;Jul;7;Sunday;Sun;1;0;137
20.07.2015;20150720;2015;Q3-2015;8063;Q3;01.07.2015;01.07.2015;24187;July;Jul;7;Monday;Mon;2;1;138
21.07.2015;20150721;2015;Q3-2015;8063;Q3;01.07.2015;01.07.2015;24187;July;Jul;7;Tuesday;Tue;3;1;139
22.07.2015;20150722;2015;Q3-2015;8063;Q3;01.07.2015;01.07.2015;24187;July;Jul;7;Wednesday;Wed;4;1;140
23.07.2015;20150723;2015;Q3-2015;8063;Q3;01.07.2015;01.07.2015;24187;July;Jul;7;Thursday;Thu;5;1;141
24.07.2015;20150724;2015;Q3-2015;8063;Q3;01.07.2015;01.07.2015;24187;July;Jul;7;Friday;Fri;6;1;142
25.07.2015;20150725;2015;Q3-2015;8063;Q3;01.07.2015;01.07.2015;24187;July;Jul;7;Saturday;Sat;7;0;142
26.07.2015;20150726;2015;Q3-2015;8063;Q3;01.07.2015;01.07.2015;24187;July;Jul;7;Sunday;Sun;1;0;142
27.07.2015;20150727;2015;Q3-2015;8063;Q3;01.07.2015;01.07.2015;24187;July;Jul;7;Monday;Mon;2;1;143
28.07.2015;20150728;2015;Q3-2015;8063;Q3;01.07.2015;01.07.2015;24187;July;Jul;7;Tuesday;Tue;3;1;144
29.07.2015;20150729;2015;Q3-2015;8063;Q3;01.07.2015;01.07.2015;24187;July;Jul;7;Wednesday;Wed;4;1;145
30.07.2015;20150730;2015;Q3-2015;8063;Q3;01.07.2015;01.07.2015;24187;July;Jul;7;Thursday;Thu;5;1;146
31.07.2015;20150731;2015;Q3-2015;8063;Q3;01.07.2015;01.07.2015;24187;July;Jul;7;Friday;Fri;6;1;147
01.08.2015;20150801;2015;Q3-2015;8063;Q3;01.08.2015;01.08.2015;24188;August;Aug;8;Saturday;Sat;7;0;147
02.08.2015;20150802;2015;Q3-2015;8063;Q3;01.08.2015;01.08.2015;24188;August;Aug;8;Sunday;Sun;1;0;147
03.08.2015;20150803;2015;Q3-2015;8063;Q3;01.08.2015;01.08.2015;24188;August;Aug;8;Monday;Mon;2;1;148
04.08.2015;20150804;2015;Q3-2015;8063;Q3;01.08.2015;01.08.2015;24188;August;Aug;8;Tuesday;Tue;3;1;149
05.08.2015;20150805;2015;Q3-2015;8063;Q3;01.08.2015;01.08.2015;24188;August;Aug;8;Wednesday;Wed;4;1;150
06.08.2015;20150806;2015;Q3-2015;8063;Q3;01.08.2015;01.08.2015;24188;August;Aug;8;Thursday;Thu;5;1;151
07.08.2015;20150807;2015;Q3-2015;8063;Q3;01.08.2015;01.08.2015;24188;August;Aug;8;Friday;Fri;6;1;152
08.08.2015;20150808;2015;Q3-2015;8063;Q3;01.08.2015;01.08.2015;24188;August;Aug;8;Saturday;Sat;7;0;152
09.08.2015;20150809;2015;Q3-2015;8063;Q3;01.08.2015;01.08.2015;24188;August;Aug;8;Sunday;Sun;1;0;152
10.08.2015;20150810;2015;Q3-2015;8063;Q3;01.08.2015;01.08.2015;24188;August;Aug;8;Monday;Mon;2;1;153
11.08.2015;20150811;2015;Q3-2015;8063;Q3;01.08.2015;01.08.2015;24188;August;Aug;8;Tuesday;Tue;3;1;154
12.08.2015;20150812;2015;Q3-2015;8063;Q3;01.08.2015;01.08.2015;24188;August;Aug;8;Wednesday;Wed;4;1;155
13.08.2015;20150813;2015;Q3-2015;8063;Q3;01.08.2015;01.08.2015;24188;August;Aug;8;Thursday;Thu;5;1;156
14.08.2015;20150814;2015;Q3-2015;8063;Q3;01.08.2015;01.08.2015;24188;August;Aug;8;Friday;Fri;6;1;157
15.08.2015;20150815;2015;Q3-2015;8063;Q3;01.08.2015;01.08.2015;24188;August;Aug;8;Saturday;Sat;7;0;157
16.08.2015;20150816;2015;Q3-2015;8063;Q3;01.08.2015;01.08.2015;24188;August;Aug;8;Sunday;Sun;1;0;157
17.08.2015;20150817;2015;Q3-2015;8063;Q3;01.08.2015;01.08.2015;24188;August;Aug;8;Monday;Mon;2;1;158
18.08.2015;20150818;2015;Q3-2015;8063;Q3;01.08.2015;01.08.2015;24188;August;Aug;8;Tuesday;Tue;3;1;159
19.08.2015;20150819;2015;Q3-2015;8063;Q3;01.08.2015;01.08.2015;24188;August;Aug;8;Wednesday;Wed;4;1;160
20.08.2015;20150820;2015;Q3-2015;8063;Q3;01.08.2015;01.08.2015;24188;August;Aug;8;Thursday;Thu;5;1;161
21.08.2015;20150821;2015;Q3-2015;8063;Q3;01.08.2015;01.08.2015;24188;August;Aug;8;Friday;Fri;6;1;162
22.08.2015;20150822;2015;Q3-2015;8063;Q3;01.08.2015;01.08.2015;24188;August;Aug;8;Saturday;Sat;7;0;162
23.08.2015;20150823;2015;Q3-2015;8063;Q3;01.08.2015;01.08.2015;24188;August;Aug;8;Sunday;Sun;1;0;162
24.08.2015;20150824;2015;Q3-2015;8063;Q3;01.08.2015;01.08.2015;24188;August;Aug;8;Monday;Mon;2;1;163
25.08.2015;20150825;2015;Q3-2015;8063;Q3;01.08.2015;01.08.2015;24188;August;Aug;8;Tuesday;Tue;3;1;164
26.08.2015;20150826;2015;Q3-2015;8063;Q3;01.08.2015;01.08.2015;24188;August;Aug;8;Wednesday;Wed;4;1;165
27.08.2015;20150827;2015;Q3-2015;8063;Q3;01.08.2015;01.08.2015;24188;August;Aug;8;Thursday;Thu;5;1;166
28.08.2015;20150828;2015;Q3-2015;8063;Q3;01.08.2015;01.08.2015;24188;August;Aug;8;Friday;Fri;6;1;167
29.08.2015;20150829;2015;Q3-2015;8063;Q3;01.08.2015;01.08.2015;24188;August;Aug;8;Saturday;Sat;7;0;167
30.08.2015;20150830;2015;Q3-2015;8063;Q3;01.08.2015;01.08.2015;24188;August;Aug;8;Sunday;Sun;1;0;167
31.08.2015;20150831;2015;Q3-2015;8063;Q3;01.08.2015;01.08.2015;24188;August;Aug;8;Monday;Mon;2;1;168
01.09.2015;20150901;2015;Q3-2015;8063;Q3;01.09.2015;01.09.2015;24189;September;Sep;9;Tuesday;Tue;3;1;169
02.09.2015;20150902;2015;Q3-2015;8063;Q3;01.09.2015;01.09.2015;24189;September;Sep;9;Wednesday;Wed;4;1;170
03.09.2015;20150903;2015;Q3-2015;8063;Q3;01.09.2015;01.09.2015;24189;September;Sep;9;Thursday;Thu;5;1;171
04.09.2015;20150904;2015;Q3-2015;8063;Q3;01.09.2015;01.09.2015;24189;September;Sep;9;Friday;Fri;6;1;172
05.09.2015;20150905;2015;Q3-2015;8063;Q3;01.09.2015;01.09.2015;24189;September;Sep;9;Saturday;Sat;7;0;172
06.09.2015;20150906;2015;Q3-2015;8063;Q3;01.09.2015;01.09.2015;24189;September;Sep;9;Sunday;Sun;1;0;172
07.09.2015;20150907;2015;Q3-2015;8063;Q3;01.09.2015;01.09.2015;24189;September;Sep;9;Monday;Mon;2;0;172
08.09.2015;20150908;2015;Q3-2015;8063;Q3;01.09.2015;01.09.2015;24189;September;Sep;9;Tuesday;Tue;3;1;173
09.09.2015;20150909;2015;Q3-2015;8063;Q3;01.09.2015;01.09.2015;24189;September;Sep;9;Wednesday;Wed;4;1;174
10.09.2015;20150910;2015;Q3-2015;8063;Q3;01.09.2015;01.09.2015;24189;September;Sep;9;Thursday;Thu;5;1;175
11.09.2015;20150911;2015;Q3-2015;8063;Q3;01.09.2015;01.09.2015;24189;September;Sep;9;Friday;Fri;6;1;176
12.09.2015;20150912;2015;Q3-2015;8063;Q3;01.09.2015;01.09.2015;24189;September;Sep;9;Saturday;Sat;7;0;176
13.09.2015;20150913;2015;Q3-2015;8063;Q3;01.09.2015;01.09.2015;24189;September;Sep;9;Sunday;Sun;1;0;176
14.09.2015;20150914;2015;Q3-2015;8063;Q3;01.09.2015;01.09.2015;24189;September;Sep;9;Monday;Mon;2;1;177
15.09.2015;20150915;2015;Q3-2015;8063;Q3;01.09.2015;01.09.2015;24189;September;Sep;9;Tuesday;Tue;3;1;178
16.09.2015;20150916;2015;Q3-2015;8063;Q3;01.09.2015;01.09.2015;24189;September;Sep;9;Wednesday;Wed;4;1;179
17.09.2015;20150917;2015;Q3-2015;8063;Q3;01.09.2015;01.09.2015;24189;September;Sep;9;Thursday;Thu;5;1;180
18.09.2015;20150918;2015;Q3-2015;8063;Q3;01.09.2015;01.09.2015;24189;September;Sep;9;Friday;Fri;6;1;181
19.09.2015;20150919;2015;Q3-2015;8063;Q3;01.09.2015;01.09.2015;24189;September;Sep;9;Saturday;Sat;7;0;181
20.09.2015;20150920;2015;Q3-2015;8063;Q3;01.09.2015;01.09.2015;24189;September;Sep;9;Sunday;Sun;1;0;181
21.09.2015;20150921;2015;Q3-2015;8063;Q3;01.09.2015;01.09.2015;24189;September;Sep;9;Monday;Mon;2;1;182
22.09.2015;20150922;2015;Q3-2015;8063;Q3;01.09.2015;01.09.2015;24189;September;Sep;9;Tuesday;Tue;3;1;183
23.09.2015;20150923;2015;Q3-2015;8063;Q3;01.09.2015;01.09.2015;24189;September;Sep;9;Wednesday;Wed;4;1;184
24.09.2015;20150924;2015;Q3-2015;8063;Q3;01.09.2015;01.09.2015;24189;September;Sep;9;Thursday;Thu;5;1;185
25.09.2015;20150925;2015;Q3-2015;8063;Q3;01.09.2015;01.09.2015;24189;September;Sep;9;Friday;Fri;6;1;186
26.09.2015;20150926;2015;Q3-2015;8063;Q3;01.09.2015;01.09.2015;24189;September;Sep;9;Saturday;Sat;7;0;186
27.09.2015;20150927;2015;Q3-2015;8063;Q3;01.09.2015;01.09.2015;24189;September;Sep;9;Sunday;Sun;1;0;186
28.09.2015;20150928;2015;Q3-2015;8063;Q3;01.09.2015;01.09.2015;24189;September;Sep;9;Monday;Mon;2;1;187
29.09.2015;20150929;2015;Q3-2015;8063;Q3;01.09.2015;01.09.2015;24189;September;Sep;9;Tuesday;Tue;3;1;188
30.09.2015;20150930;2015;Q3-2015;8063;Q3;01.09.2015;01.09.2015;24189;September;Sep;9;Wednesday;Wed;4;1;189
01.10.2015;20151001;2015;Q4-2015;8064;Q4;01.10.2015;01.10.2015;24190;October;Oct;10;Thursday;Thu;5;1;190
02.10.2015;20151002;2015;Q4-2015;8064;Q4;01.10.2015;01.10.2015;24190;October;Oct;10;Friday;Fri;6;1;191
03.10.2015;20151003;2015;Q4-2015;8064;Q4;01.10.2015;01.10.2015;24190;October;Oct;10;Saturday;Sat;7;0;191
04.10.2015;20151004;2015;Q4-2015;8064;Q4;01.10.2015;01.10.2015;24190;October;Oct;10;Sunday;Sun;1;0;191
05.10.2015;20151005;2015;Q4-2015;8064;Q4;01.10.2015;01.10.2015;24190;October;Oct;10;Monday;Mon;2;1;192
06.10.2015;20151006;2015;Q4-2015;8064;Q4;01.10.2015;01.10.2015;24190;October;Oct;10;Tuesday;Tue;3;1;193
07.10.2015;20151007;2015;Q4-2015;8064;Q4;01.10.2015;01.10.2015;24190;October;Oct;10;Wednesday;Wed;4;1;194
08.10.2015;20151008;2015;Q4-2015;8064;Q4;01.10.2015;01.10.2015;24190;October;Oct;10;Thursday;Thu;5;1;195
09.10.2015;20151009;2015;Q4-2015;8064;Q4;01.10.2015;01.10.2015;24190;October;Oct;10;Friday;Fri;6;1;196
10.10.2015;20151010;2015;Q4-2015;8064;Q4;01.10.2015;01.10.2015;24190;October;Oct;10;Saturday;Sat;7;0;196
11.10.2015;20151011;2015;Q4-2015;8064;Q4;01.10.2015;01.10.2015;24190;October;Oct;10;Sunday;Sun;1;0;196
12.10.2015;20151012;2015;Q4-2015;8064;Q4;01.10.2015;01.10.2015;24190;October;Oct;10;Monday;Mon;2;0;196
13.10.2015;20151013;2015;Q4-2015;8064;Q4;01.10.2015;01.10.2015;24190;October;Oct;10;Tuesday;Tue;3;1;197
14.10.2015;20151014;2015;Q4-2015;8064;Q4;01.10.2015;01.10.2015;24190;October;Oct;10;Wednesday;Wed;4;1;198
15.10.2015;20151015;2015;Q4-2015;8064;Q4;01.10.2015;01.10.2015;24190;October;Oct;10;Thursday;Thu;5;1;199
16.10.2015;20151016;2015;Q4-2015;8064;Q4;01.10.2015;01.10.2015;24190;October;Oct;10;Friday;Fri;6;1;200
17.10.2015;20151017;2015;Q4-2015;8064;Q4;01.10.2015;01.10.2015;24190;October;Oct;10;Saturday;Sat;7;0;200
18.10.2015;20151018;2015;Q4-2015;8064;Q4;01.10.2015;01.10.2015;24190;October;Oct;10;Sunday;Sun;1;0;200
19.10.2015;20151019;2015;Q4-2015;8064;Q4;01.10.2015;01.10.2015;24190;October;Oct;10;Monday;Mon;2;1;201
20.10.2015;20151020;2015;Q4-2015;8064;Q4;01.10.2015;01.10.2015;24190;October;Oct;10;Tuesday;Tue;3;1;202
21.10.2015;20151021;2015;Q4-2015;8064;Q4;01.10.2015;01.10.2015;24190;October;Oct;10;Wednesday;Wed;4;1;203
22.10.2015;20151022;2015;Q4-2015;8064;Q4;01.10.2015;01.10.2015;24190;October;Oct;10;Thursday;Thu;5;1;204
23.10.2015;20151023;2015;Q4-2015;8064;Q4;01.10.2015;01.10.2015;24190;October;Oct;10;Friday;Fri;6;1;205
24.10.2015;20151024;2015;Q4-2015;8064;Q4;01.10.2015;01.10.2015;24190;October;Oct;10;Saturday;Sat;7;0;205
25.10.2015;20151025;2015;Q4-2015;8064;Q4;01.10.2015;01.10.2015;24190;October;Oct;10;Sunday;Sun;1;0;205
26.10.2015;20151026;2015;Q4-2015;8064;Q4;01.10.2015;01.10.2015;24190;October;Oct;10;Monday;Mon;2;1;206
27.10.2015;20151027;2015;Q4-2015;8064;Q4;01.10.2015;01.10.2015;24190;October;Oct;10;Tuesday;Tue;3;1;207
28.10.2015;20151028;2015;Q4-2015;8064;Q4;01.10.2015;01.10.2015;24190;October;Oct;10;Wednesday;Wed;4;1;208
29.10.2015;20151029;2015;Q4-2015;8064;Q4;01.10.2015;01.10.2015;24190;October;Oct;10;Thursday;Thu;5;1;209
30.10.2015;20151030;2015;Q4-2015;8064;Q4;01.10.2015;01.10.2015;24190;October;Oct;10;Friday;Fri;6;1;210
31.10.2015;20151031;2015;Q4-2015;8064;Q4;01.10.2015;01.10.2015;24190;October;Oct;10;Saturday;Sat;7;0;210
01.11.2015;20151101;2015;Q4-2015;8064;Q4;01.11.2015;01.11.2015;24191;November;Nov;11;Sunday;Sun;1;0;210
02.11.2015;20151102;2015;Q4-2015;8064;Q4;01.11.2015;01.11.2015;24191;November;Nov;11;Monday;Mon;2;1;211
03.11.2015;20151103;2015;Q4-2015;8064;Q4;01.11.2015;01.11.2015;24191;November;Nov;11;Tuesday;Tue;3;1;212
04.11.2015;20151104;2015;Q4-2015;8064;Q4;01.11.2015;01.11.2015;24191;November;Nov;11;Wednesday;Wed;4;1;213
05.11.2015;20151105;2015;Q4-2015;8064;Q4;01.11.2015;01.11.2015;24191;November;Nov;11;Thursday;Thu;5;1;214
06.11.2015;20151106;2015;Q4-2015;8064;Q4;01.11.2015;01.11.2015;24191;November;Nov;11;Friday;Fri;6;1;215
07.11.2015;20151107;2015;Q4-2015;8064;Q4;01.11.2015;01.11.2015;24191;November;Nov;11;Saturday;Sat;7;0;215
08.11.2015;20151108;2015;Q4-2015;8064;Q4;01.11.2015;01.11.2015;24191;November;Nov;11;Sunday;Sun;1;0;215
09.11.2015;20151109;2015;Q4-2015;8064;Q4;01.11.2015;01.11.2015;24191;November;Nov;11;Monday;Mon;2;1;216
10.11.2015;20151110;2015;Q4-2015;8064;Q4;01.11.2015;01.11.2015;24191;November;Nov;11;Tuesday;Tue;3;1;217
11.11.2015;20151111;2015;Q4-2015;8064;Q4;01.11.2015;01.11.2015;24191;November;Nov;11;Wednesday;Wed;4;0;217
12.11.2015;20151112;2015;Q4-2015;8064;Q4;01.11.2015;01.11.2015;24191;November;Nov;11;Thursday;Thu;5;1;218
13.11.2015;20151113;2015;Q4-2015;8064;Q4;01.11.2015;01.11.2015;24191;November;Nov;11;Friday;Fri;6;1;219
14.11.2015;20151114;2015;Q4-2015;8064;Q4;01.11.2015;01.11.2015;24191;November;Nov;11;Saturday;Sat;7;0;219
15.11.2015;20151115;2015;Q4-2015;8064;Q4;01.11.2015;01.11.2015;24191;November;Nov;11;Sunday;Sun;1;0;219
16.11.2015;20151116;2015;Q4-2015;8064;Q4;01.11.2015;01.11.2015;24191;November;Nov;11;Monday;Mon;2;1;220
17.11.2015;20151117;2015;Q4-2015;8064;Q4;01.11.2015;01.11.2015;24191;November;Nov;11;Tuesday;Tue;3;1;221
18.11.2015;20151118;2015;Q4-2015;8064;Q4;01.11.2015;01.11.2015;24191;November;Nov;11;Wednesday;Wed;4;1;222
19.11.2015;20151119;2015;Q4-2015;8064;Q4;01.11.2015;01.11.2015;24191;November;Nov;11;Thursday;Thu;5;1;223
20.11.2015;20151120;2015;Q4-2015;8064;Q4;01.11.2015;01.11.2015;24191;November;Nov;11;Friday;Fri;6;1;224
21.11.2015;20151121;2015;Q4-2015;8064;Q4;01.11.2015;01.11.2015;24191;November;Nov;11;Saturday;Sat;7;0;224
22.11.2015;20151122;2015;Q4-2015;8064;Q4;01.11.2015;01.11.2015;24191;November;Nov;11;Sunday;Sun;1;0;224
23.11.2015;20151123;2015;Q4-2015;8064;Q4;01.11.2015;01.11.2015;24191;November;Nov;11;Monday;Mon;2;1;225
24.11.2015;20151124;2015;Q4-2015;8064;Q4;01.11.2015;01.11.2015;24191;November;Nov;11;Tuesday;Tue;3;1;226
25.11.2015;20151125;2015;Q4-2015;8064;Q4;01.11.2015;01.11.2015;24191;November;Nov;11;Wednesday;Wed;4;1;227
26.11.2015;20151126;2015;Q4-2015;8064;Q4;01.11.2015;01.11.2015;24191;November;Nov;11;Thursday;Thu;5;0;227
27.11.2015;20151127;2015;Q4-2015;8064;Q4;01.11.2015;01.11.2015;24191;November;Nov;11;Friday;Fri;6;1;228
28.11.2015;20151128;2015;Q4-2015;8064;Q4;01.11.2015;01.11.2015;24191;November;Nov;11;Saturday;Sat;7;0;228
29.11.2015;20151129;2015;Q4-2015;8064;Q4;01.11.2015;01.11.2015;24191;November;Nov;11;Sunday;Sun;1;0;228
30.11.2015;20151130;2015;Q4-2015;8064;Q4;01.11.2015;01.11.2015;24191;November;Nov;11;Monday;Mon;2;1;229
01.12.2015;20151201;2015;Q4-2015;8064;Q4;01.12.2015;01.12.2015;24192;December;Dec;12;Tuesday;Tue;3;1;230
02.12.2015;20151202;2015;Q4-2015;8064;Q4;01.12.2015;01.12.2015;24192;December;Dec;12;Wednesday;Wed;4;1;231
03.12.2015;20151203;2015;Q4-2015;8064;Q4;01.12.2015;01.12.2015;24192;December;Dec;12;Thursday;Thu;5;1;232
04.12.2015;20151204;2015;Q4-2015;8064;Q4;01.12.2015;01.12.2015;24192;December;Dec;12;Friday;Fri;6;1;233
05.12.2015;20151205;2015;Q4-2015;8064;Q4;01.12.2015;01.12.2015;24192;December;Dec;12;Saturday;Sat;7;0;233
06.12.2015;20151206;2015;Q4-2015;8064;Q4;01.12.2015;01.12.2015;24192;December;Dec;12;Sunday;Sun;1;0;233
07.12.2015;20151207;2015;Q4-2015;8064;Q4;01.12.2015;01.12.2015;24192;December;Dec;12;Monday;Mon;2;1;234
08.12.2015;20151208;2015;Q4-2015;8064;Q4;01.12.2015;01.12.2015;24192;December;Dec;12;Tuesday;Tue;3;1;235
09.12.2015;20151209;2015;Q4-2015;8064;Q4;01.12.2015;01.12.2015;24192;December;Dec;12;Wednesday;Wed;4;1;236
10.12.2015;20151210;2015;Q4-2015;8064;Q4;01.12.2015;01.12.2015;24192;December;Dec;12;Thursday;Thu;5;1;237
11.12.2015;20151211;2015;Q4-2015;8064;Q4;01.12.2015;01.12.2015;24192;December;Dec;12;Friday;Fri;6;1;238
12.12.2015;20151212;2015;Q4-2015;8064;Q4;01.12.2015;01.12.2015;24192;December;Dec;12;Saturday;Sat;7;0;238
13.12.2015;20151213;2015;Q4-2015;8064;Q4;01.12.2015;01.12.2015;24192;December;Dec;12;Sunday;Sun;1;0;238
14.12.2015;20151214;2015;Q4-2015;8064;Q4;01.12.2015;01.12.2015;24192;December;Dec;12;Monday;Mon;2;1;239
15.12.2015;20151215;2015;Q4-2015;8064;Q4;01.12.2015;01.12.2015;24192;December;Dec;12;Tuesday;Tue;3;1;240
16.12.2015;20151216;2015;Q4-2015;8064;Q4;01.12.2015;01.12.2015;24192;December;Dec;12;Wednesday;Wed;4;1;241
17.12.2015;20151217;2015;Q4-2015;8064;Q4;01.12.2015;01.12.2015;24192;December;Dec;12;Thursday;Thu;5;1;242
18.12.2015;20151218;2015;Q4-2015;8064;Q4;01.12.2015;01.12.2015;24192;December;Dec;12;Friday;Fri;6;1;243
19.12.2015;20151219;2015;Q4-2015;8064;Q4;01.12.2015;01.12.2015;24192;December;Dec;12;Saturday;Sat;7;0;243
20.12.2015;20151220;2015;Q4-2015;8064;Q4;01.12.2015;01.12.2015;24192;December;Dec;12;Sunday;Sun;1;0;243
21.12.2015;20151221;2015;Q4-2015;8064;Q4;01.12.2015;01.12.2015;24192;December;Dec;12;Monday;Mon;2;1;244
22.12.2015;20151222;2015;Q4-2015;8064;Q4;01.12.2015;01.12.2015;24192;December;Dec;12;Tuesday;Tue;3;1;245
23.12.2015;20151223;2015;Q4-2015;8064;Q4;01.12.2015;01.12.2015;24192;December;Dec;12;Wednesday;Wed;4;1;246
24.12.2015;20151224;2015;Q4-2015;8064;Q4;01.12.2015;01.12.2015;24192;December;Dec;12;Thursday;Thu;5;1;247
25.12.2015;20151225;2015;Q4-2015;8064;Q4;01.12.2015;01.12.2015;24192;December;Dec;12;Friday;Fri;6;0;247
26.12.2015;20151226;2015;Q4-2015;8064;Q4;01.12.2015;01.12.2015;24192;December;Dec;12;Saturday;Sat;7;0;247
27.12.2015;20151227;2015;Q4-2015;8064;Q4;01.12.2015;01.12.2015;24192;December;Dec;12;Sunday;Sun;1;0;247
28.12.2015;20151228;2015;Q4-2015;8064;Q4;01.12.2015;01.12.2015;24192;December;Dec;12;Monday;Mon;2;1;248
29.12.2015;20151229;2015;Q4-2015;8064;Q4;01.12.2015;01.12.2015;24192;December;Dec;12;Tuesday;Tue;3;1;249
30.12.2015;20151230;2015;Q4-2015;8064;Q4;01.12.2015;01.12.2015;24192;December;Dec;12;Wednesday;Wed;4;1;250
31.12.2015;20151231;2015;Q4-2015;8064;Q4;01.12.2015;01.12.2015;24192;December;Dec;12;Thursday;Thu;5;1;251
01.01.2016;20160101;2016;Q1-2016;8065;Q1;01.01.2016;01.01.2016;24193;January;Jan;1;Friday;Fri;6;0;251
02.01.2016;20160102;2016;Q1-2016;8065;Q1;01.01.2016;01.01.2016;24193;January;Jan;1;Saturday;Sat;7;0;251
03.01.2016;20160103;2016;Q1-2016;8065;Q1;01.01.2016;01.01.2016;24193;January;Jan;1;Sunday;Sun;1;0;251
04.01.2016;20160104;2016;Q1-2016;8065;Q1;01.01.2016;01.01.2016;24193;January;Jan;1;Monday;Mon;2;1;252
05.01.2016;20160105;2016;Q1-2016;8065;Q1;01.01.2016;01.01.2016;24193;January;Jan;1;Tuesday;Tue;3;1;253
06.01.2016;20160106;2016;Q1-2016;8065;Q1;01.01.2016;01.01.2016;24193;January;Jan;1;Wednesday;Wed;4;1;254
07.01.2016;20160107;2016;Q1-2016;8065;Q1;01.01.2016;01.01.2016;24193;January;Jan;1;Thursday;Thu;5;1;255
08.01.2016;20160108;2016;Q1-2016;8065;Q1;01.01.2016;01.01.2016;24193;January;Jan;1;Friday;Fri;6;1;256
09.01.2016;20160109;2016;Q1-2016;8065;Q1;01.01.2016;01.01.2016;24193;January;Jan;1;Saturday;Sat;7;0;256
10.01.2016;20160110;2016;Q1-2016;8065;Q1;01.01.2016;01.01.2016;24193;January;Jan;1;Sunday;Sun;1;0;256
11.01.2016;20160111;2016;Q1-2016;8065;Q1;01.01.2016;01.01.2016;24193;January;Jan;1;Monday;Mon;2;1;257
12.01.2016;20160112;2016;Q1-2016;8065;Q1;01.01.2016;01.01.2016;24193;January;Jan;1;Tuesday;Tue;3;1;258
13.01.2016;20160113;2016;Q1-2016;8065;Q1;01.01.2016;01.01.2016;24193;January;Jan;1;Wednesday;Wed;4;1;259
14.01.2016;20160114;2016;Q1-2016;8065;Q1;01.01.2016;01.01.2016;24193;January;Jan;1;Thursday;Thu;5;1;260
15.01.2016;20160115;2016;Q1-2016;8065;Q1;01.01.2016;01.01.2016;24193;January;Jan;1;Friday;Fri;6;1;261
16.01.2016;20160116;2016;Q1-2016;8065;Q1;01.01.2016;01.01.2016;24193;January;Jan;1;Saturday;Sat;7;0;261
17.01.2016;20160117;2016;Q1-2016;8065;Q1;01.01.2016;01.01.2016;24193;January;Jan;1;Sunday;Sun;1;0;261
18.01.2016;20160118;2016;Q1-2016;8065;Q1;01.01.2016;01.01.2016;24193;January;Jan;1;Monday;Mon;2;0;261
19.01.2016;20160119;2016;Q1-2016;8065;Q1;01.01.2016;01.01.2016;24193;January;Jan;1;Tuesday;Tue;3;1;262
20.01.2016;20160120;2016;Q1-2016;8065;Q1;01.01.2016;01.01.2016;24193;January;Jan;1;Wednesday;Wed;4;1;263
21.01.2016;20160121;2016;Q1-2016;8065;Q1;01.01.2016;01.01.2016;24193;January;Jan;1;Thursday;Thu;5;1;264
22.01.2016;20160122;2016;Q1-2016;8065;Q1;01.01.2016;01.01.2016;24193;January;Jan;1;Friday;Fri;6;1;265
23.01.2016;20160123;2016;Q1-2016;8065;Q1;01.01.2016;01.01.2016;24193;January;Jan;1;Saturday;Sat;7;0;265
24.01.2016;20160124;2016;Q1-2016;8065;Q1;01.01.2016;01.01.2016;24193;January;Jan;1;Sunday;Sun;1;0;265
25.01.2016;20160125;2016;Q1-2016;8065;Q1;01.01.2016;01.01.2016;24193;January;Jan;1;Monday;Mon;2;1;266
26.01.2016;20160126;2016;Q1-2016;8065;Q1;01.01.2016;01.01.2016;24193;January;Jan;1;Tuesday;Tue;3;1;267
27.01.2016;20160127;2016;Q1-2016;8065;Q1;01.01.2016;01.01.2016;24193;January;Jan;1;Wednesday;Wed;4;1;268
28.01.2016;20160128;2016;Q1-2016;8065;Q1;01.01.2016;01.01.2016;24193;January;Jan;1;Thursday;Thu;5;1;269
29.01.2016;20160129;2016;Q1-2016;8065;Q1;01.01.2016;01.01.2016;24193;January;Jan;1;Friday;Fri;6;1;270
30.01.2016;20160130;2016;Q1-2016;8065;Q1;01.01.2016;01.01.2016;24193;January;Jan;1;Saturday;Sat;7;0;270
31.01.2016;20160131;2016;Q1-2016;8065;Q1;01.01.2016;01.01.2016;24193;January;Jan;1;Sunday;Sun;1;0;270
01.02.2016;20160201;2016;Q1-2016;8065;Q1;01.02.2016;01.02.2016;24194;February;Feb;2;Monday;Mon;2;1;271
02.02.2016;20160202;2016;Q1-2016;8065;Q1;01.02.2016;01.02.2016;24194;February;Feb;2;Tuesday;Tue;3;1;272
03.02.2016;20160203;2016;Q1-2016;8065;Q1;01.02.2016;01.02.2016;24194;February;Feb;2;Wednesday;Wed;4;1;273
04.02.2016;20160204;2016;Q1-2016;8065;Q1;01.02.2016;01.02.2016;24194;February;Feb;2;Thursday;Thu;5;1;274
05.02.2016;20160205;2016;Q1-2016;8065;Q1;01.02.2016;01.02.2016;24194;February;Feb;2;Friday;Fri;6;1;275
06.02.2016;20160206;2016;Q1-2016;8065;Q1;01.02.2016;01.02.2016;24194;February;Feb;2;Saturday;Sat;7;0;275
07.02.2016;20160207;2016;Q1-2016;8065;Q1;01.02.2016;01.02.2016;24194;February;Feb;2;Sunday;Sun;1;0;275
08.02.2016;20160208;2016;Q1-2016;8065;Q1;01.02.2016;01.02.2016;24194;February;Feb;2;Monday;Mon;2;1;276
09.02.2016;20160209;2016;Q1-2016;8065;Q1;01.02.2016;01.02.2016;24194;February;Feb;2;Tuesday;Tue;3;1;277
10.02.2016;20160210;2016;Q1-2016;8065;Q1;01.02.2016;01.02.2016;24194;February;Feb;2;Wednesday;Wed;4;1;278
11.02.2016;20160211;2016;Q1-2016;8065;Q1;01.02.2016;01.02.2016;24194;February;Feb;2;Thursday;Thu;5;1;279
12.02.2016;20160212;2016;Q1-2016;8065;Q1;01.02.2016;01.02.2016;24194;February;Feb;2;Friday;Fri;6;1;280
13.02.2016;20160213;2016;Q1-2016;8065;Q1;01.02.2016;01.02.2016;24194;February;Feb;2;Saturday;Sat;7;0;280
14.02.2016;20160214;2016;Q1-2016;8065;Q1;01.02.2016;01.02.2016;24194;February;Feb;2;Sunday;Sun;1;0;280
15.02.2016;20160215;2016;Q1-2016;8065;Q1;01.02.2016;01.02.2016;24194;February;Feb;2;Monday;Mon;2;0;280
16.02.2016;20160216;2016;Q1-2016;8065;Q1;01.02.2016;01.02.2016;24194;February;Feb;2;Tuesday;Tue;3;1;281
17.02.2016;20160217;2016;Q1-2016;8065;Q1;01.02.2016;01.02.2016;24194;February;Feb;2;Wednesday;Wed;4;1;282
18.02.2016;20160218;2016;Q1-2016;8065;Q1;01.02.2016;01.02.2016;24194;February;Feb;2;Thursday;Thu;5;1;283
19.02.2016;20160219;2016;Q1-2016;8065;Q1;01.02.2016;01.02.2016;24194;February;Feb;2;Friday;Fri;6;1;284
20.02.2016;20160220;2016;Q1-2016;8065;Q1;01.02.2016;01.02.2016;24194;February;Feb;2;Saturday;Sat;7;0;284
21.02.2016;20160221;2016;Q1-2016;8065;Q1;01.02.2016;01.02.2016;24194;February;Feb;2;Sunday;Sun;1;0;284
22.02.2016;20160222;2016;Q1-2016;8065;Q1;01.02.2016;01.02.2016;24194;February;Feb;2;Monday;Mon;2;1;285
23.02.2016;20160223;2016;Q1-2016;8065;Q1;01.02.2016;01.02.2016;24194;February;Feb;2;Tuesday;Tue;3;1;286
24.02.2016;20160224;2016;Q1-2016;8065;Q1;01.02.2016;01.02.2016;24194;February;Feb;2;Wednesday;Wed;4;1;287
25.02.2016;20160225;2016;Q1-2016;8065;Q1;01.02.2016;01.02.2016;24194;February;Feb;2;Thursday;Thu;5;1;288
26.02.2016;20160226;2016;Q1-2016;8065;Q1;01.02.2016;01.02.2016;24194;February;Feb;2;Friday;Fri;6;1;289
27.02.2016;20160227;2016;Q1-2016;8065;Q1;01.02.2016;01.02.2016;24194;February;Feb;2;Saturday;Sat;7;0;289
28.02.2016;20160228;2016;Q1-2016;8065;Q1;01.02.2016;01.02.2016;24194;February;Feb;2;Sunday;Sun;1;0;289
29.02.2016;20160229;2016;Q1-2016;8065;Q1;01.02.2016;01.02.2016;24194;February;Feb;2;Monday;Mon;2;1;290
01.03.2016;20160301;2016;Q1-2016;8065;Q1;01.03.2016;01.03.2016;24195;March;Mar;3;Tuesday;Tue;3;1;291
02.03.2016;20160302;2016;Q1-2016;8065;Q1;01.03.2016;01.03.2016;24195;March;Mar;3;Wednesday;Wed;4;1;292
03.03.2016;20160303;2016;Q1-2016;8065;Q1;01.03.2016;01.03.2016;24195;March;Mar;3;Thursday;Thu;5;1;293
04.03.2016;20160304;2016;Q1-2016;8065;Q1;01.03.2016;01.03.2016;24195;March;Mar;3;Friday;Fri;6;1;294
05.03.2016;20160305;2016;Q1-2016;8065;Q1;01.03.2016;01.03.2016;24195;March;Mar;3;Saturday;Sat;7;0;294
06.03.2016;20160306;2016;Q1-2016;8065;Q1;01.03.2016;01.03.2016;24195;March;Mar;3;Sunday;Sun;1;0;294
07.03.2016;20160307;2016;Q1-2016;8065;Q1;01.03.2016;01.03.2016;24195;March;Mar;3;Monday;Mon;2;1;295
08.03.2016;20160308;2016;Q1-2016;8065;Q1;01.03.2016;01.03.2016;24195;March;Mar;3;Tuesday;Tue;3;1;296
09.03.2016;20160309;2016;Q1-2016;8065;Q1;01.03.2016;01.03.2016;24195;March;Mar;3;Wednesday;Wed;4;1;297
10.03.2016;20160310;2016;Q1-2016;8065;Q1;01.03.2016;01.03.2016;24195;March;Mar;3;Thursday;Thu;5;1;298
11.03.2016;20160311;2016;Q1-2016;8065;Q1;01.03.2016;01.03.2016;24195;March;Mar;3;Friday;Fri;6;1;299
12.03.2016;20160312;2016;Q1-2016;8065;Q1;01.03.2016;01.03.2016;24195;March;Mar;3;Saturday;Sat;7;0;299
13.03.2016;20160313;2016;Q1-2016;8065;Q1;01.03.2016;01.03.2016;24195;March;Mar;3;Sunday;Sun;1;0;299
14.03.2016;20160314;2016;Q1-2016;8065;Q1;01.03.2016;01.03.2016;24195;March;Mar;3;Monday;Mon;2;1;300
15.03.2016;20160315;2016;Q1-2016;8065;Q1;01.03.2016;01.03.2016;24195;March;Mar;3;Tuesday;Tue;3;1;301
16.03.2016;20160316;2016;Q1-2016;8065;Q1;01.03.2016;01.03.2016;24195;March;Mar;3;Wednesday;Wed;4;1;302
17.03.2016;20160317;2016;Q1-2016;8065;Q1;01.03.2016;01.03.2016;24195;March;Mar;3;Thursday;Thu;5;1;303
18.03.2016;20160318;2016;Q1-2016;8065;Q1;01.03.2016;01.03.2016;24195;March;Mar;3;Friday;Fri;6;1;304
19.03.2016;20160319;2016;Q1-2016;8065;Q1;01.03.2016;01.03.2016;24195;March;Mar;3;Saturday;Sat;7;0;304
20.03.2016;20160320;2016;Q1-2016;8065;Q1;01.03.2016;01.03.2016;24195;March;Mar;3;Sunday;Sun;1;0;304
21.03.2016;20160321;2016;Q1-2016;8065;Q1;01.03.2016;01.03.2016;24195;March;Mar;3;Monday;Mon;2;1;305
22.03.2016;20160322;2016;Q1-2016;8065;Q1;01.03.2016;01.03.2016;24195;March;Mar;3;Tuesday;Tue;3;1;306
23.03.2016;20160323;2016;Q1-2016;8065;Q1;01.03.2016;01.03.2016;24195;March;Mar;3;Wednesday;Wed;4;1;307
24.03.2016;20160324;2016;Q1-2016;8065;Q1;01.03.2016;01.03.2016;24195;March;Mar;3;Thursday;Thu;5;1;308
25.03.2016;20160325;2016;Q1-2016;8065;Q1;01.03.2016;01.03.2016;24195;March;Mar;3;Friday;Fri;6;1;309
26.03.2016;20160326;2016;Q1-2016;8065;Q1;01.03.2016;01.03.2016;24195;March;Mar;3;Saturday;Sat;7;0;309
27.03.2016;20160327;2016;Q1-2016;8065;Q1;01.03.2016;01.03.2016;24195;March;Mar;3;Sunday;Sun;1;0;309
28.03.2016;20160328;2016;Q1-2016;8065;Q1;01.03.2016;01.03.2016;24195;March;Mar;3;Monday;Mon;2;1;310
29.03.2016;20160329;2016;Q1-2016;8065;Q1;01.03.2016;01.03.2016;24195;March;Mar;3;Tuesday;Tue;3;1;311
30.03.2016;20160330;2016;Q1-2016;8065;Q1;01.03.2016;01.03.2016;24195;March;Mar;3;Wednesday;Wed;4;1;312
31.03.2016;20160331;2016;Q1-2016;8065;Q1;01.03.2016;01.03.2016;24195;March;Mar;3;Thursday;Thu;5;1;313
01.04.2016;20160401;2016;Q2-2016;8066;Q2;01.04.2016;01.04.2016;24196;April;Apr;4;Friday;Fri;6;1;314
02.04.2016;20160402;2016;Q2-2016;8066;Q2;01.04.2016;01.04.2016;24196;April;Apr;4;Saturday;Sat;7;0;314
03.04.2016;20160403;2016;Q2-2016;8066;Q2;01.04.2016;01.04.2016;24196;April;Apr;4;Sunday;Sun;1;0;314
04.04.2016;20160404;2016;Q2-2016;8066;Q2;01.04.2016;01.04.2016;24196;April;Apr;4;Monday;Mon;2;1;315
05.04.2016;20160405;2016;Q2-2016;8066;Q2;01.04.2016;01.04.2016;24196;April;Apr;4;Tuesday;Tue;3;1;316
06.04.2016;20160406;2016;Q2-2016;8066;Q2;01.04.2016;01.04.2016;24196;April;Apr;4;Wednesday;Wed;4;1;317
07.04.2016;20160407;2016;Q2-2016;8066;Q2;01.04.2016;01.04.2016;24196;April;Apr;4;Thursday;Thu;5;1;318
08.04.2016;20160408;2016;Q2-2016;8066;Q2;01.04.2016;01.04.2016;24196;April;Apr;4;Friday;Fri;6;1;319
09.04.2016;20160409;2016;Q2-2016;8066;Q2;01.04.2016;01.04.2016;24196;April;Apr;4;Saturday;Sat;7;0;319
10.04.2016;20160410;2016;Q2-2016;8066;Q2;01.04.2016;01.04.2016;24196;April;Apr;4;Sunday;Sun;1;0;319
11.04.2016;20160411;2016;Q2-2016;8066;Q2;01.04.2016;01.04.2016;24196;April;Apr;4;Monday;Mon;2;1;320
12.04.2016;20160412;2016;Q2-2016;8066;Q2;01.04.2016;01.04.2016;24196;April;Apr;4;Tuesday;Tue;3;1;321
13.04.2016;20160413;2016;Q2-2016;8066;Q2;01.04.2016;01.04.2016;24196;April;Apr;4;Wednesday;Wed;4;1;322
14.04.2016;20160414;2016;Q2-2016;8066;Q2;01.04.2016;01.04.2016;24196;April;Apr;4;Thursday;Thu;5;1;323
15.04.2016;20160415;2016;Q2-2016;8066;Q2;01.04.2016;01.04.2016;24196;April;Apr;4;Friday;Fri;6;1;324
16.04.2016;20160416;2016;Q2-2016;8066;Q2;01.04.2016;01.04.2016;24196;April;Apr;4;Saturday;Sat;7;0;324
17.04.2016;20160417;2016;Q2-2016;8066;Q2;01.04.2016;01.04.2016;24196;April;Apr;4;Sunday;Sun;1;0;324
18.04.2016;20160418;2016;Q2-2016;8066;Q2;01.04.2016;01.04.2016;24196;April;Apr;4;Monday;Mon;2;1;325
19.04.2016;20160419;2016;Q2-2016;8066;Q2;01.04.2016;01.04.2016;24196;April;Apr;4;Tuesday;Tue;3;1;326
20.04.2016;20160420;2016;Q2-2016;8066;Q2;01.04.2016;01.04.2016;24196;April;Apr;4;Wednesday;Wed;4;1;327
21.04.2016;20160421;2016;Q2-2016;8066;Q2;01.04.2016;01.04.2016;24196;April;Apr;4;Thursday;Thu;5;1;328
22.04.2016;20160422;2016;Q2-2016;8066;Q2;01.04.2016;01.04.2016;24196;April;Apr;4;Friday;Fri;6;1;329
23.04.2016;20160423;2016;Q2-2016;8066;Q2;01.04.2016;01.04.2016;24196;April;Apr;4;Saturday;Sat;7;0;329
24.04.2016;20160424;2016;Q2-2016;8066;Q2;01.04.2016;01.04.2016;24196;April;Apr;4;Sunday;Sun;1;0;329
25.04.2016;20160425;2016;Q2-2016;8066;Q2;01.04.2016;01.04.2016;24196;April;Apr;4;Monday;Mon;2;1;330
26.04.2016;20160426;2016;Q2-2016;8066;Q2;01.04.2016;01.04.2016;24196;April;Apr;4;Tuesday;Tue;3;1;331
27.04.2016;20160427;2016;Q2-2016;8066;Q2;01.04.2016;01.04.2016;24196;April;Apr;4;Wednesday;Wed;4;1;332
28.04.2016;20160428;2016;Q2-2016;8066;Q2;01.04.2016;01.04.2016;24196;April;Apr;4;Thursday;Thu;5;1;333
29.04.2016;20160429;2016;Q2-2016;8066;Q2;01.04.2016;01.04.2016;24196;April;Apr;4;Friday;Fri;6;1;334
30.04.2016;20160430;2016;Q2-2016;8066;Q2;01.04.2016;01.04.2016;24196;April;Apr;4;Saturday;Sat;7;0;334
01.05.2016;20160501;2016;Q2-2016;8066;Q2;01.05.2016;01.05.2016;24197;May;May;5;Sunday;Sun;1;0;334
02.05.2016;20160502;2016;Q2-2016;8066;Q2;01.05.2016;01.05.2016;24197;May;May;5;Monday;Mon;2;1;335
03.05.2016;20160503;2016;Q2-2016;8066;Q2;01.05.2016;01.05.2016;24197;May;May;5;Tuesday;Tue;3;1;336
04.05.2016;20160504;2016;Q2-2016;8066;Q2;01.05.2016;01.05.2016;24197;May;May;5;Wednesday;Wed;4;1;337
05.05.2016;20160505;2016;Q2-2016;8066;Q2;01.05.2016;01.05.2016;24197;May;May;5;Thursday;Thu;5;1;338
06.05.2016;20160506;2016;Q2-2016;8066;Q2;01.05.2016;01.05.2016;24197;May;May;5;Friday;Fri;6;1;339
07.05.2016;20160507;2016;Q2-2016;8066;Q2;01.05.2016;01.05.2016;24197;May;May;5;Saturday;Sat;7;0;339
08.05.2016;20160508;2016;Q2-2016;8066;Q2;01.05.2016;01.05.2016;24197;May;May;5;Sunday;Sun;1;0;339
09.05.2016;20160509;2016;Q2-2016;8066;Q2;01.05.2016;01.05.2016;24197;May;May;5;Monday;Mon;2;1;340
10.05.2016;20160510;2016;Q2-2016;8066;Q2;01.05.2016;01.05.2016;24197;May;May;5;Tuesday;Tue;3;1;341
11.05.2016;20160511;2016;Q2-2016;8066;Q2;01.05.2016;01.05.2016;24197;May;May;5;Wednesday;Wed;4;1;342
12.05.2016;20160512;2016;Q2-2016;8066;Q2;01.05.2016;01.05.2016;24197;May;May;5;Thursday;Thu;5;1;343
13.05.2016;20160513;2016;Q2-2016;8066;Q2;01.05.2016;01.05.2016;24197;May;May;5;Friday;Fri;6;1;344
14.05.2016;20160514;2016;Q2-2016;8066;Q2;01.05.2016;01.05.2016;24197;May;May;5;Saturday;Sat;7;0;344
15.05.2016;20160515;2016;Q2-2016;8066;Q2;01.05.2016;01.05.2016;24197;May;May;5;Sunday;Sun;1;0;344
16.05.2016;20160516;2016;Q2-2016;8066;Q2;01.05.2016;01.05.2016;24197;May;May;5;Monday;Mon;2;1;345
17.05.2016;20160517;2016;Q2-2016;8066;Q2;01.05.2016;01.05.2016;24197;May;May;5;Tuesday;Tue;3;1;346
18.05.2016;20160518;2016;Q2-2016;8066;Q2;01.05.2016;01.05.2016;24197;May;May;5;Wednesday;Wed;4;1;347
19.05.2016;20160519;2016;Q2-2016;8066;Q2;01.05.2016;01.05.2016;24197;May;May;5;Thursday;Thu;5;1;348
20.05.2016;20160520;2016;Q2-2016;8066;Q2;01.05.2016;01.05.2016;24197;May;May;5;Friday;Fri;6;1;349
21.05.2016;20160521;2016;Q2-2016;8066;Q2;01.05.2016;01.05.2016;24197;May;May;5;Saturday;Sat;7;0;349
22.05.2016;20160522;2016;Q2-2016;8066;Q2;01.05.2016;01.05.2016;24197;May;May;5;Sunday;Sun;1;0;349
23.05.2016;20160523;2016;Q2-2016;8066;Q2;01.05.2016;01.05.2016;24197;May;May;5;Monday;Mon;2;1;350
24.05.2016;20160524;2016;Q2-2016;8066;Q2;01.05.2016;01.05.2016;24197;May;May;5;Tuesday;Tue;3;1;351
25.05.2016;20160525;2016;Q2-2016;8066;Q2;01.05.2016;01.05.2016;24197;May;May;5;Wednesday;Wed;4;1;352
26.05.2016;20160526;2016;Q2-2016;8066;Q2;01.05.2016;01.05.2016;24197;May;May;5;Thursday;Thu;5;1;353
27.05.2016;20160527;2016;Q2-2016;8066;Q2;01.05.2016;01.05.2016;24197;May;May;5;Friday;Fri;6;1;354
28.05.2016;20160528;2016;Q2-2016;8066;Q2;01.05.2016;01.05.2016;24197;May;May;5;Saturday;Sat;7;0;354
29.05.2016;20160529;2016;Q2-2016;8066;Q2;01.05.2016;01.05.2016;24197;May;May;5;Sunday;Sun;1;0;354
30.05.2016;20160530;2016;Q2-2016;8066;Q2;01.05.2016;01.05.2016;24197;May;May;5;Monday;Mon;2;0;354
31.05.2016;20160531;2016;Q2-2016;8066;Q2;01.05.2016;01.05.2016;24197;May;May;5;Tuesday;Tue;3;1;355
01.06.2016;20160601;2016;Q2-2016;8066;Q2;01.06.2016;01.06.2016;24198;June;Jun;6;Wednesday;Wed;4;1;356
02.06.2016;20160602;2016;Q2-2016;8066;Q2;01.06.2016;01.06.2016;24198;June;Jun;6;Thursday;Thu;5;1;357
03.06.2016;20160603;2016;Q2-2016;8066;Q2;01.06.2016;01.06.2016;24198;June;Jun;6;Friday;Fri;6;1;358
04.06.2016;20160604;2016;Q2-2016;8066;Q2;01.06.2016;01.06.2016;24198;June;Jun;6;Saturday;Sat;7;0;358
05.06.2016;20160605;2016;Q2-2016;8066;Q2;01.06.2016;01.06.2016;24198;June;Jun;6;Sunday;Sun;1;0;358
06.06.2016;20160606;2016;Q2-2016;8066;Q2;01.06.2016;01.06.2016;24198;June;Jun;6;Monday;Mon;2;1;359
07.06.2016;20160607;2016;Q2-2016;8066;Q2;01.06.2016;01.06.2016;24198;June;Jun;6;Tuesday;Tue;3;1;360
08.06.2016;20160608;2016;Q2-2016;8066;Q2;01.06.2016;01.06.2016;24198;June;Jun;6;Wednesday;Wed;4;1;361
09.06.2016;20160609;2016;Q2-2016;8066;Q2;01.06.2016;01.06.2016;24198;June;Jun;6;Thursday;Thu;5;1;362
10.06.2016;20160610;2016;Q2-2016;8066;Q2;01.06.2016;01.06.2016;24198;June;Jun;6;Friday;Fri;6;1;363
11.06.2016;20160611;2016;Q2-2016;8066;Q2;01.06.2016;01.06.2016;24198;June;Jun;6;Saturday;Sat;7;0;363
12.06.2016;20160612;2016;Q2-2016;8066;Q2;01.06.2016;01.06.2016;24198;June;Jun;6;Sunday;Sun;1;0;363
13.06.2016;20160613;2016;Q2-2016;8066;Q2;01.06.2016;01.06.2016;24198;June;Jun;6;Monday;Mon;2;1;364
14.06.2016;20160614;2016;Q2-2016;8066;Q2;01.06.2016;01.06.2016;24198;June;Jun;6;Tuesday;Tue;3;1;365
15.06.2016;20160615;2016;Q2-2016;8066;Q2;01.06.2016;01.06.2016;24198;June;Jun;6;Wednesday;Wed;4;1;366
16.06.2016;20160616;2016;Q2-2016;8066;Q2;01.06.2016;01.06.2016;24198;June;Jun;6;Thursday;Thu;5;1;367
17.06.2016;20160617;2016;Q2-2016;8066;Q2;01.06.2016;01.06.2016;24198;June;Jun;6;Friday;Fri;6;1;368
18.06.2016;20160618;2016;Q2-2016;8066;Q2;01.06.2016;01.06.2016;24198;June;Jun;6;Saturday;Sat;7;0;368
19.06.2016;20160619;2016;Q2-2016;8066;Q2;01.06.2016;01.06.2016;24198;June;Jun;6;Sunday;Sun;1;0;368
20.06.2016;20160620;2016;Q2-2016;8066;Q2;01.06.2016;01.06.2016;24198;June;Jun;6;Monday;Mon;2;1;369
21.06.2016;20160621;2016;Q2-2016;8066;Q2;01.06.2016;01.06.2016;24198;June;Jun;6;Tuesday;Tue;3;1;370
22.06.2016;20160622;2016;Q2-2016;8066;Q2;01.06.2016;01.06.2016;24198;June;Jun;6;Wednesday;Wed;4;1;371
23.06.2016;20160623;2016;Q2-2016;8066;Q2;01.06.2016;01.06.2016;24198;June;Jun;6;Thursday;Thu;5;1;372
24.06.2016;20160624;2016;Q2-2016;8066;Q2;01.06.2016;01.06.2016;24198;June;Jun;6;Friday;Fri;6;1;373
25.06.2016;20160625;2016;Q2-2016;8066;Q2;01.06.2016;01.06.2016;24198;June;Jun;6;Saturday;Sat;7;0;373
26.06.2016;20160626;2016;Q2-2016;8066;Q2;01.06.2016;01.06.2016;24198;June;Jun;6;Sunday;Sun;1;0;373
27.06.2016;20160627;2016;Q2-2016;8066;Q2;01.06.2016;01.06.2016;24198;June;Jun;6;Monday;Mon;2;1;374
28.06.2016;20160628;2016;Q2-2016;8066;Q2;01.06.2016;01.06.2016;24198;June;Jun;6;Tuesday;Tue;3;1;375
29.06.2016;20160629;2016;Q2-2016;8066;Q2;01.06.2016;01.06.2016;24198;June;Jun;6;Wednesday;Wed;4;1;376
30.06.2016;20160630;2016;Q2-2016;8066;Q2;01.06.2016;01.06.2016;24198;June;Jun;6;Thursday;Thu;5;1;377
01.07.2016;20160701;2016;Q3-2016;8067;Q3;01.07.2016;01.07.2016;24199;July;Jul;7;Friday;Fri;6;1;378
02.07.2016;20160702;2016;Q3-2016;8067;Q3;01.07.2016;01.07.2016;24199;July;Jul;7;Saturday;Sat;7;0;378
03.07.2016;20160703;2016;Q3-2016;8067;Q3;01.07.2016;01.07.2016;24199;July;Jul;7;Sunday;Sun;1;0;378
04.07.2016;20160704;2016;Q3-2016;8067;Q3;01.07.2016;01.07.2016;24199;July;Jul;7;Monday;Mon;2;0;378
05.07.2016;20160705;2016;Q3-2016;8067;Q3;01.07.2016;01.07.2016;24199;July;Jul;7;Tuesday;Tue;3;1;379
06.07.2016;20160706;2016;Q3-2016;8067;Q3;01.07.2016;01.07.2016;24199;July;Jul;7;Wednesday;Wed;4;1;380
07.07.2016;20160707;2016;Q3-2016;8067;Q3;01.07.2016;01.07.2016;24199;July;Jul;7;Thursday;Thu;5;1;381
08.07.2016;20160708;2016;Q3-2016;8067;Q3;01.07.2016;01.07.2016;24199;July;Jul;7;Friday;Fri;6;1;382
09.07.2016;20160709;2016;Q3-2016;8067;Q3;01.07.2016;01.07.2016;24199;July;Jul;7;Saturday;Sat;7;0;382
10.07.2016;20160710;2016;Q3-2016;8067;Q3;01.07.2016;01.07.2016;24199;July;Jul;7;Sunday;Sun;1;0;382
11.07.2016;20160711;2016;Q3-2016;8067;Q3;01.07.2016;01.07.2016;24199;July;Jul;7;Monday;Mon;2;1;383
12.07.2016;20160712;2016;Q3-2016;8067;Q3;01.07.2016;01.07.2016;24199;July;Jul;7;Tuesday;Tue;3;1;384
13.07.2016;20160713;2016;Q3-2016;8067;Q3;01.07.2016;01.07.2016;24199;July;Jul;7;Wednesday;Wed;4;1;385
14.07.2016;20160714;2016;Q3-2016;8067;Q3;01.07.2016;01.07.2016;24199;July;Jul;7;Thursday;Thu;5;1;386
15.07.2016;20160715;2016;Q3-2016;8067;Q3;01.07.2016;01.07.2016;24199;July;Jul;7;Friday;Fri;6;1;387
16.07.2016;20160716;2016;Q3-2016;8067;Q3;01.07.2016;01.07.2016;24199;July;Jul;7;Saturday;Sat;7;0;387
17.07.2016;20160717;2016;Q3-2016;8067;Q3;01.07.2016;01.07.2016;24199;July;Jul;7;Sunday;Sun;1;0;387
18.07.2016;20160718;2016;Q3-2016;8067;Q3;01.07.2016;01.07.2016;24199;July;Jul;7;Monday;Mon;2;1;388
19.07.2016;20160719;2016;Q3-2016;8067;Q3;01.07.2016;01.07.2016;24199;July;Jul;7;Tuesday;Tue;3;1;389
20.07.2016;20160720;2016;Q3-2016;8067;Q3;01.07.2016;01.07.2016;24199;July;Jul;7;Wednesday;Wed;4;1;390
21.07.2016;20160721;2016;Q3-2016;8067;Q3;01.07.2016;01.07.2016;24199;July;Jul;7;Thursday;Thu;5;1;391
22.07.2016;20160722;2016;Q3-2016;8067;Q3;01.07.2016;01.07.2016;24199;July;Jul;7;Friday;Fri;6;1;392
23.07.2016;20160723;2016;Q3-2016;8067;Q3;01.07.2016;01.07.2016;24199;July;Jul;7;Saturday;Sat;7;0;392
24.07.2016;20160724;2016;Q3-2016;8067;Q3;01.07.2016;01.07.2016;24199;July;Jul;7;Sunday;Sun;1;0;392
25.07.2016;20160725;2016;Q3-2016;8067;Q3;01.07.2016;01.07.2016;24199;July;Jul;7;Monday;Mon;2;1;393
26.07.2016;20160726;2016;Q3-2016;8067;Q3;01.07.2016;01.07.2016;24199;July;Jul;7;Tuesday;Tue;3;1;394
27.07.2016;20160727;2016;Q3-2016;8067;Q3;01.07.2016;01.07.2016;24199;July;Jul;7;Wednesday;Wed;4;1;395
28.07.2016;20160728;2016;Q3-2016;8067;Q3;01.07.2016;01.07.2016;24199;July;Jul;7;Thursday;Thu;5;1;396
29.07.2016;20160729;2016;Q3-2016;8067;Q3;01.07.2016;01.07.2016;24199;July;Jul;7;Friday;Fri;6;1;397
30.07.2016;20160730;2016;Q3-2016;8067;Q3;01.07.2016;01.07.2016;24199;July;Jul;7;Saturday;Sat;7;0;397
31.07.2016;20160731;2016;Q3-2016;8067;Q3;01.07.2016;01.07.2016;24199;July;Jul;7;Sunday;Sun;1;0;397
01.08.2016;20160801;2016;Q3-2016;8067;Q3;01.08.2016;01.08.2016;24200;August;Aug;8;Monday;Mon;2;1;398
02.08.2016;20160802;2016;Q3-2016;8067;Q3;01.08.2016;01.08.2016;24200;August;Aug;8;Tuesday;Tue;3;1;399
03.08.2016;20160803;2016;Q3-2016;8067;Q3;01.08.2016;01.08.2016;24200;August;Aug;8;Wednesday;Wed;4;1;400
04.08.2016;20160804;2016;Q3-2016;8067;Q3;01.08.2016;01.08.2016;24200;August;Aug;8;Thursday;Thu;5;1;401
05.08.2016;20160805;2016;Q3-2016;8067;Q3;01.08.2016;01.08.2016;24200;August;Aug;8;Friday;Fri;6;1;402
06.08.2016;20160806;2016;Q3-2016;8067;Q3;01.08.2016;01.08.2016;24200;August;Aug;8;Saturday;Sat;7;0;402
07.08.2016;20160807;2016;Q3-2016;8067;Q3;01.08.2016;01.08.2016;24200;August;Aug;8;Sunday;Sun;1;0;402
08.08.2016;20160808;2016;Q3-2016;8067;Q3;01.08.2016;01.08.2016;24200;August;Aug;8;Monday;Mon;2;1;403
09.08.2016;20160809;2016;Q3-2016;8067;Q3;01.08.2016;01.08.2016;24200;August;Aug;8;Tuesday;Tue;3;1;404
10.08.2016;20160810;2016;Q3-2016;8067;Q3;01.08.2016;01.08.2016;24200;August;Aug;8;Wednesday;Wed;4;1;405
11.08.2016;20160811;2016;Q3-2016;8067;Q3;01.08.2016;01.08.2016;24200;August;Aug;8;Thursday;Thu;5;1;406
12.08.2016;20160812;2016;Q3-2016;8067;Q3;01.08.2016;01.08.2016;24200;August;Aug;8;Friday;Fri;6;1;407
13.08.2016;20160813;2016;Q3-2016;8067;Q3;01.08.2016;01.08.2016;24200;August;Aug;8;Saturday;Sat;7;0;407
14.08.2016;20160814;2016;Q3-2016;8067;Q3;01.08.2016;01.08.2016;24200;August;Aug;8;Sunday;Sun;1;0;407
15.08.2016;20160815;2016;Q3-2016;8067;Q3;01.08.2016;01.08.2016;24200;August;Aug;8;Monday;Mon;2;1;408
16.08.2016;20160816;2016;Q3-2016;8067;Q3;01.08.2016;01.08.2016;24200;August;Aug;8;Tuesday;Tue;3;1;409
17.08.2016;20160817;2016;Q3-2016;8067;Q3;01.08.2016;01.08.2016;24200;August;Aug;8;Wednesday;Wed;4;1;410
18.08.2016;20160818;2016;Q3-2016;8067;Q3;01.08.2016;01.08.2016;24200;August;Aug;8;Thursday;Thu;5;1;411
19.08.2016;20160819;2016;Q3-2016;8067;Q3;01.08.2016;01.08.2016;24200;August;Aug;8;Friday;Fri;6;1;412
20.08.2016;20160820;2016;Q3-2016;8067;Q3;01.08.2016;01.08.2016;24200;August;Aug;8;Saturday;Sat;7;0;412
21.08.2016;20160821;2016;Q3-2016;8067;Q3;01.08.2016;01.08.2016;24200;August;Aug;8;Sunday;Sun;1;0;412
22.08.2016;20160822;2016;Q3-2016;8067;Q3;01.08.2016;01.08.2016;24200;August;Aug;8;Monday;Mon;2;1;413
23.08.2016;20160823;2016;Q3-2016;8067;Q3;01.08.2016;01.08.2016;24200;August;Aug;8;Tuesday;Tue;3;1;414
24.08.2016;20160824;2016;Q3-2016;8067;Q3;01.08.2016;01.08.2016;24200;August;Aug;8;Wednesday;Wed;4;1;415
25.08.2016;20160825;2016;Q3-2016;8067;Q3;01.08.2016;01.08.2016;24200;August;Aug;8;Thursday;Thu;5;1;416
26.08.2016;20160826;2016;Q3-2016;8067;Q3;01.08.2016;01.08.2016;24200;August;Aug;8;Friday;Fri;6;1;417
27.08.2016;20160827;2016;Q3-2016;8067;Q3;01.08.2016;01.08.2016;24200;August;Aug;8;Saturday;Sat;7;0;417
28.08.2016;20160828;2016;Q3-2016;8067;Q3;01.08.2016;01.08.2016;24200;August;Aug;8;Sunday;Sun;1;0;417
29.08.2016;20160829;2016;Q3-2016;8067;Q3;01.08.2016;01.08.2016;24200;August;Aug;8;Monday;Mon;2;1;418
30.08.2016;20160830;2016;Q3-2016;8067;Q3;01.08.2016;01.08.2016;24200;August;Aug;8;Tuesday;Tue;3;1;419
31.08.2016;20160831;2016;Q3-2016;8067;Q3;01.08.2016;01.08.2016;24200;August;Aug;8;Wednesday;Wed;4;1;420
01.09.2016;20160901;2016;Q3-2016;8067;Q3;01.09.2016;01.09.2016;24201;September;Sep;9;Thursday;Thu;5;1;421
02.09.2016;20160902;2016;Q3-2016;8067;Q3;01.09.2016;01.09.2016;24201;September;Sep;9;Friday;Fri;6;1;422
03.09.2016;20160903;2016;Q3-2016;8067;Q3;01.09.2016;01.09.2016;24201;September;Sep;9;Saturday;Sat;7;0;422
04.09.2016;20160904;2016;Q3-2016;8067;Q3;01.09.2016;01.09.2016;24201;September;Sep;9;Sunday;Sun;1;0;422
05.09.2016;20160905;2016;Q3-2016;8067;Q3;01.09.2016;01.09.2016;24201;September;Sep;9;Monday;Mon;2;0;422
06.09.2016;20160906;2016;Q3-2016;8067;Q3;01.09.2016;01.09.2016;24201;September;Sep;9;Tuesday;Tue;3;1;423
07.09.2016;20160907;2016;Q3-2016;8067;Q3;01.09.2016;01.09.2016;24201;September;Sep;9;Wednesday;Wed;4;1;424
08.09.2016;20160908;2016;Q3-2016;8067;Q3;01.09.2016;01.09.2016;24201;September;Sep;9;Thursday;Thu;5;1;425
09.09.2016;20160909;2016;Q3-2016;8067;Q3;01.09.2016;01.09.2016;24201;September;Sep;9;Friday;Fri;6;1;426
10.09.2016;20160910;2016;Q3-2016;8067;Q3;01.09.2016;01.09.2016;24201;September;Sep;9;Saturday;Sat;7;0;426
11.09.2016;20160911;2016;Q3-2016;8067;Q3;01.09.2016;01.09.2016;24201;September;Sep;9;Sunday;Sun;1;0;426
12.09.2016;20160912;2016;Q3-2016;8067;Q3;01.09.2016;01.09.2016;24201;September;Sep;9;Monday;Mon;2;1;427
13.09.2016;20160913;2016;Q3-2016;8067;Q3;01.09.2016;01.09.2016;24201;September;Sep;9;Tuesday;Tue;3;1;428
14.09.2016;20160914;2016;Q3-2016;8067;Q3;01.09.2016;01.09.2016;24201;September;Sep;9;Wednesday;Wed;4;1;429
15.09.2016;20160915;2016;Q3-2016;8067;Q3;01.09.2016;01.09.2016;24201;September;Sep;9;Thursday;Thu;5;1;430
16.09.2016;20160916;2016;Q3-2016;8067;Q3;01.09.2016;01.09.2016;24201;September;Sep;9;Friday;Fri;6;1;431
17.09.2016;20160917;2016;Q3-2016;8067;Q3;01.09.2016;01.09.2016;24201;September;Sep;9;Saturday;Sat;7;0;431
18.09.2016;20160918;2016;Q3-2016;8067;Q3;01.09.2016;01.09.2016;24201;September;Sep;9;Sunday;Sun;1;0;431
19.09.2016;20160919;2016;Q3-2016;8067;Q3;01.09.2016;01.09.2016;24201;September;Sep;9;Monday;Mon;2;1;432
20.09.2016;20160920;2016;Q3-2016;8067;Q3;01.09.2016;01.09.2016;24201;September;Sep;9;Tuesday;Tue;3;1;433
21.09.2016;20160921;2016;Q3-2016;8067;Q3;01.09.2016;01.09.2016;24201;September;Sep;9;Wednesday;Wed;4;1;434
22.09.2016;20160922;2016;Q3-2016;8067;Q3;01.09.2016;01.09.2016;24201;September;Sep;9;Thursday;Thu;5;1;435
23.09.2016;20160923;2016;Q3-2016;8067;Q3;01.09.2016;01.09.2016;24201;September;Sep;9;Friday;Fri;6;1;436
24.09.2016;20160924;2016;Q3-2016;8067;Q3;01.09.2016;01.09.2016;24201;September;Sep;9;Saturday;Sat;7;0;436
25.09.2016;20160925;2016;Q3-2016;8067;Q3;01.09.2016;01.09.2016;24201;September;Sep;9;Sunday;Sun;1;0;436
26.09.2016;20160926;2016;Q3-2016;8067;Q3;01.09.2016;01.09.2016;24201;September;Sep;9;Monday;Mon;2;1;437
27.09.2016;20160927;2016;Q3-2016;8067;Q3;01.09.2016;01.09.2016;24201;September;Sep;9;Tuesday;Tue;3;1;438
28.09.2016;20160928;2016;Q3-2016;8067;Q3;01.09.2016;01.09.2016;24201;September;Sep;9;Wednesday;Wed;4;1;439
29.09.2016;20160929;2016;Q3-2016;8067;Q3;01.09.2016;01.09.2016;24201;September;Sep;9;Thursday;Thu;5;1;440
30.09.2016;20160930;2016;Q3-2016;8067;Q3;01.09.2016;01.09.2016;24201;September;Sep;9;Friday;Fri;6;1;441
01.10.2016;20161001;2016;Q4-2016;8068;Q4;01.10.2016;01.10.2016;24202;October;Oct;10;Saturday;Sat;7;0;441
02.10.2016;20161002;2016;Q4-2016;8068;Q4;01.10.2016;01.10.2016;24202;October;Oct;10;Sunday;Sun;1;0;441
03.10.2016;20161003;2016;Q4-2016;8068;Q4;01.10.2016;01.10.2016;24202;October;Oct;10;Monday;Mon;2;1;442
04.10.2016;20161004;2016;Q4-2016;8068;Q4;01.10.2016;01.10.2016;24202;October;Oct;10;Tuesday;Tue;3;1;443
05.10.2016;20161005;2016;Q4-2016;8068;Q4;01.10.2016;01.10.2016;24202;October;Oct;10;Wednesday;Wed;4;1;444
06.10.2016;20161006;2016;Q4-2016;8068;Q4;01.10.2016;01.10.2016;24202;October;Oct;10;Thursday;Thu;5;1;445
07.10.2016;20161007;2016;Q4-2016;8068;Q4;01.10.2016;01.10.2016;24202;October;Oct;10;Friday;Fri;6;1;446
08.10.2016;20161008;2016;Q4-2016;8068;Q4;01.10.2016;01.10.2016;24202;October;Oct;10;Saturday;Sat;7;0;446
09.10.2016;20161009;2016;Q4-2016;8068;Q4;01.10.2016;01.10.2016;24202;October;Oct;10;Sunday;Sun;1;0;446
10.10.2016;20161010;2016;Q4-2016;8068;Q4;01.10.2016;01.10.2016;24202;October;Oct;10;Monday;Mon;2;0;446
11.10.2016;20161011;2016;Q4-2016;8068;Q4;01.10.2016;01.10.2016;24202;October;Oct;10;Tuesday;Tue;3;1;447
12.10.2016;20161012;2016;Q4-2016;8068;Q4;01.10.2016;01.10.2016;24202;October;Oct;10;Wednesday;Wed;4;1;448
13.10.2016;20161013;2016;Q4-2016;8068;Q4;01.10.2016;01.10.2016;24202;October;Oct;10;Thursday;Thu;5;1;449
14.10.2016;20161014;2016;Q4-2016;8068;Q4;01.10.2016;01.10.2016;24202;October;Oct;10;Friday;Fri;6;1;450
15.10.2016;20161015;2016;Q4-2016;8068;Q4;01.10.2016;01.10.2016;24202;October;Oct;10;Saturday;Sat;7;0;450
16.10.2016;20161016;2016;Q4-2016;8068;Q4;01.10.2016;01.10.2016;24202;October;Oct;10;Sunday;Sun;1;0;450
17.10.2016;20161017;2016;Q4-2016;8068;Q4;01.10.2016;01.10.2016;24202;October;Oct;10;Monday;Mon;2;1;451
18.10.2016;20161018;2016;Q4-2016;8068;Q4;01.10.2016;01.10.2016;24202;October;Oct;10;Tuesday;Tue;3;1;452
19.10.2016;20161019;2016;Q4-2016;8068;Q4;01.10.2016;01.10.2016;24202;October;Oct;10;Wednesday;Wed;4;1;453
20.10.2016;20161020;2016;Q4-2016;8068;Q4;01.10.2016;01.10.2016;24202;October;Oct;10;Thursday;Thu;5;1;454
21.10.2016;20161021;2016;Q4-2016;8068;Q4;01.10.2016;01.10.2016;24202;October;Oct;10;Friday;Fri;6;1;455
22.10.2016;20161022;2016;Q4-2016;8068;Q4;01.10.2016;01.10.2016;24202;October;Oct;10;Saturday;Sat;7;0;455
23.10.2016;20161023;2016;Q4-2016;8068;Q4;01.10.2016;01.10.2016;24202;October;Oct;10;Sunday;Sun;1;0;455
24.10.2016;20161024;2016;Q4-2016;8068;Q4;01.10.2016;01.10.2016;24202;October;Oct;10;Monday;Mon;2;1;456
25.10.2016;20161025;2016;Q4-2016;8068;Q4;01.10.2016;01.10.2016;24202;October;Oct;10;Tuesday;Tue;3;1;457
26.10.2016;20161026;2016;Q4-2016;8068;Q4;01.10.2016;01.10.2016;24202;October;Oct;10;Wednesday;Wed;4;1;458
27.10.2016;20161027;2016;Q4-2016;8068;Q4;01.10.2016;01.10.2016;24202;October;Oct;10;Thursday;Thu;5;1;459
28.10.2016;20161028;2016;Q4-2016;8068;Q4;01.10.2016;01.10.2016;24202;October;Oct;10;Friday;Fri;6;1;460
29.10.2016;20161029;2016;Q4-2016;8068;Q4;01.10.2016;01.10.2016;24202;October;Oct;10;Saturday;Sat;7;0;460
30.10.2016;20161030;2016;Q4-2016;8068;Q4;01.10.2016;01.10.2016;24202;October;Oct;10;Sunday;Sun;1;0;460
31.10.2016;20161031;2016;Q4-2016;8068;Q4;01.10.2016;01.10.2016;24202;October;Oct;10;Monday;Mon;2;1;461
01.11.2016;20161101;2016;Q4-2016;8068;Q4;01.11.2016;01.11.2016;24203;November;Nov;11;Tuesday;Tue;3;1;462
02.11.2016;20161102;2016;Q4-2016;8068;Q4;01.11.2016;01.11.2016;24203;November;Nov;11;Wednesday;Wed;4;1;463
03.11.2016;20161103;2016;Q4-2016;8068;Q4;01.11.2016;01.11.2016;24203;November;Nov;11;Thursday;Thu;5;1;464
04.11.2016;20161104;2016;Q4-2016;8068;Q4;01.11.2016;01.11.2016;24203;November;Nov;11;Friday;Fri;6;1;465
05.11.2016;20161105;2016;Q4-2016;8068;Q4;01.11.2016;01.11.2016;24203;November;Nov;11;Saturday;Sat;7;0;465
06.11.2016;20161106;2016;Q4-2016;8068;Q4;01.11.2016;01.11.2016;24203;November;Nov;11;Sunday;Sun;1;0;465
07.11.2016;20161107;2016;Q4-2016;8068;Q4;01.11.2016;01.11.2016;24203;November;Nov;11;Monday;Mon;2;1;466
08.11.2016;20161108;2016;Q4-2016;8068;Q4;01.11.2016;01.11.2016;24203;November;Nov;11;Tuesday;Tue;3;1;467
09.11.2016;20161109;2016;Q4-2016;8068;Q4;01.11.2016;01.11.2016;24203;November;Nov;11;Wednesday;Wed;4;1;468
10.11.2016;20161110;2016;Q4-2016;8068;Q4;01.11.2016;01.11.2016;24203;November;Nov;11;Thursday;Thu;5;1;469
11.11.2016;20161111;2016;Q4-2016;8068;Q4;01.11.2016;01.11.2016;24203;November;Nov;11;Friday;Fri;6;0;469
12.11.2016;20161112;2016;Q4-2016;8068;Q4;01.11.2016;01.11.2016;24203;November;Nov;11;Saturday;Sat;7;0;469
13.11.2016;20161113;2016;Q4-2016;8068;Q4;01.11.2016;01.11.2016;24203;November;Nov;11;Sunday;Sun;1;0;469
14.11.2016;20161114;2016;Q4-2016;8068;Q4;01.11.2016;01.11.2016;24203;November;Nov;11;Monday;Mon;2;1;470
15.11.2016;20161115;2016;Q4-2016;8068;Q4;01.11.2016;01.11.2016;24203;November;Nov;11;Tuesday;Tue;3;1;471
16.11.2016;20161116;2016;Q4-2016;8068;Q4;01.11.2016;01.11.2016;24203;November;Nov;11;Wednesday;Wed;4;1;472
17.11.2016;20161117;2016;Q4-2016;8068;Q4;01.11.2016;01.11.2016;24203;November;Nov;11;Thursday;Thu;5;1;473
18.11.2016;20161118;2016;Q4-2016;8068;Q4;01.11.2016;01.11.2016;24203;November;Nov;11;Friday;Fri;6;1;474
19.11.2016;20161119;2016;Q4-2016;8068;Q4;01.11.2016;01.11.2016;24203;November;Nov;11;Saturday;Sat;7;0;474
20.11.2016;20161120;2016;Q4-2016;8068;Q4;01.11.2016;01.11.2016;24203;November;Nov;11;Sunday;Sun;1;0;474
21.11.2016;20161121;2016;Q4-2016;8068;Q4;01.11.2016;01.11.2016;24203;November;Nov;11;Monday;Mon;2;1;475
22.11.2016;20161122;2016;Q4-2016;8068;Q4;01.11.2016;01.11.2016;24203;November;Nov;11;Tuesday;Tue;3;1;476
23.11.2016;20161123;2016;Q4-2016;8068;Q4;01.11.2016;01.11.2016;24203;November;Nov;11;Wednesday;Wed;4;1;477
24.11.2016;20161124;2016;Q4-2016;8068;Q4;01.11.2016;01.11.2016;24203;November;Nov;11;Thursday;Thu;5;0;477
25.11.2016;20161125;2016;Q4-2016;8068;Q4;01.11.2016;01.11.2016;24203;November;Nov;11;Friday;Fri;6;1;478
26.11.2016;20161126;2016;Q4-2016;8068;Q4;01.11.2016;01.11.2016;24203;November;Nov;11;Saturday;Sat;7;0;478
27.11.2016;20161127;2016;Q4-2016;8068;Q4;01.11.2016;01.11.2016;24203;November;Nov;11;Sunday;Sun;1;0;478
28.11.2016;20161128;2016;Q4-2016;8068;Q4;01.11.2016;01.11.2016;24203;November;Nov;11;Monday;Mon;2;1;479
29.11.2016;20161129;2016;Q4-2016;8068;Q4;01.11.2016;01.11.2016;24203;November;Nov;11;Tuesday;Tue;3;1;480
30.11.2016;20161130;2016;Q4-2016;8068;Q4;01.11.2016;01.11.2016;24203;November;Nov;11;Wednesday;Wed;4;1;481
01.12.2016;20161201;2016;Q4-2016;8068;Q4;01.12.2016;01.12.2016;24204;December;Dec;12;Thursday;Thu;5;1;482
02.12.2016;20161202;2016;Q4-2016;8068;Q4;01.12.2016;01.12.2016;24204;December;Dec;12;Friday;Fri;6;1;483
03.12.2016;20161203;2016;Q4-2016;8068;Q4;01.12.2016;01.12.2016;24204;December;Dec;12;Saturday;Sat;7;0;483
04.12.2016;20161204;2016;Q4-2016;8068;Q4;01.12.2016;01.12.2016;24204;December;Dec;12;Sunday;Sun;1;0;483
05.12.2016;20161205;2016;Q4-2016;8068;Q4;01.12.2016;01.12.2016;24204;December;Dec;12;Monday;Mon;2;1;484
06.12.2016;20161206;2016;Q4-2016;8068;Q4;01.12.2016;01.12.2016;24204;December;Dec;12;Tuesday;Tue;3;1;485
07.12.2016;20161207;2016;Q4-2016;8068;Q4;01.12.2016;01.12.2016;24204;December;Dec;12;Wednesday;Wed;4;1;486
08.12.2016;20161208;2016;Q4-2016;8068;Q4;01.12.2016;01.12.2016;24204;December;Dec;12;Thursday;Thu;5;1;487
09.12.2016;20161209;2016;Q4-2016;8068;Q4;01.12.2016;01.12.2016;24204;December;Dec;12;Friday;Fri;6;1;488
10.12.2016;20161210;2016;Q4-2016;8068;Q4;01.12.2016;01.12.2016;24204;December;Dec;12;Saturday;Sat;7;0;488
11.12.2016;20161211;2016;Q4-2016;8068;Q4;01.12.2016;01.12.2016;24204;December;Dec;12;Sunday;Sun;1;0;488
12.12.2016;20161212;2016;Q4-2016;8068;Q4;01.12.2016;01.12.2016;24204;December;Dec;12;Monday;Mon;2;1;489
13.12.2016;20161213;2016;Q4-2016;8068;Q4;01.12.2016;01.12.2016;24204;December;Dec;12;Tuesday;Tue;3;1;490
14.12.2016;20161214;2016;Q4-2016;8068;Q4;01.12.2016;01.12.2016;24204;December;Dec;12;Wednesday;Wed;4;1;491
15.12.2016;20161215;2016;Q4-2016;8068;Q4;01.12.2016;01.12.2016;24204;December;Dec;12;Thursday;Thu;5;1;492
16.12.2016;20161216;2016;Q4-2016;8068;Q4;01.12.2016;01.12.2016;24204;December;Dec;12;Friday;Fri;6;1;493
17.12.2016;20161217;2016;Q4-2016;8068;Q4;01.12.2016;01.12.2016;24204;December;Dec;12;Saturday;Sat;7;0;493
18.12.2016;20161218;2016;Q4-2016;8068;Q4;01.12.2016;01.12.2016;24204;December;Dec;12;Sunday;Sun;1;0;493
19.12.2016;20161219;2016;Q4-2016;8068;Q4;01.12.2016;01.12.2016;24204;December;Dec;12;Monday;Mon;2;1;494
20.12.2016;20161220;2016;Q4-2016;8068;Q4;01.12.2016;01.12.2016;24204;December;Dec;12;Tuesday;Tue;3;1;495
21.12.2016;20161221;2016;Q4-2016;8068;Q4;01.12.2016;01.12.2016;24204;December;Dec;12;Wednesday;Wed;4;1;496
22.12.2016;20161222;2016;Q4-2016;8068;Q4;01.12.2016;01.12.2016;24204;December;Dec;12;Thursday;Thu;5;1;497
23.12.2016;20161223;2016;Q4-2016;8068;Q4;01.12.2016;01.12.2016;24204;December;Dec;12;Friday;Fri;6;1;498
24.12.2016;20161224;2016;Q4-2016;8068;Q4;01.12.2016;01.12.2016;24204;December;Dec;12;Saturday;Sat;7;0;498
25.12.2016;20161225;2016;Q4-2016;8068;Q4;01.12.2016;01.12.2016;24204;December;Dec;12;Sunday;Sun;1;0;498
26.12.2016;20161226;2016;Q4-2016;8068;Q4;01.12.2016;01.12.2016;24204;December;Dec;12;Monday;Mon;2;0;498
27.12.2016;20161227;2016;Q4-2016;8068;Q4;01.12.2016;01.12.2016;24204;December;Dec;12;Tuesday;Tue;3;1;499
28.12.2016;20161228;2016;Q4-2016;8068;Q4;01.12.2016;01.12.2016;24204;December;Dec;12;Wednesday;Wed;4;1;500
29.12.2016;20161229;2016;Q4-2016;8068;Q4;01.12.2016;01.12.2016;24204;December;Dec;12;Thursday;Thu;5;1;501
30.12.2016;20161230;2016;Q4-2016;8068;Q4;01.12.2016;01.12.2016;24204;December;Dec;12;Friday;Fri;6;1;502
31.12.2016;20161231;2016;Q4-2016;8068;Q4;01.12.2016;01.12.2016;24204;December;Dec;12;Saturday;Sat;7;0;502
01.01.2017;20170101;2017;Q1-2017;8069;Q1;01.01.2017;01.01.2017;24205;January;Jan;1;Sunday;Sun;1;0;502
02.01.2017;20170102;2017;Q1-2017;8069;Q1;01.01.2017;01.01.2017;24205;January;Jan;1;Monday;Mon;2;0;502
03.01.2017;20170103;2017;Q1-2017;8069;Q1;01.01.2017;01.01.2017;24205;January;Jan;1;Tuesday;Tue;3;1;503
04.01.2017;20170104;2017;Q1-2017;8069;Q1;01.01.2017;01.01.2017;24205;January;Jan;1;Wednesday;Wed;4;1;504
05.01.2017;20170105;2017;Q1-2017;8069;Q1;01.01.2017;01.01.2017;24205;January;Jan;1;Thursday;Thu;5;1;505
06.01.2017;20170106;2017;Q1-2017;8069;Q1;01.01.2017;01.01.2017;24205;January;Jan;1;Friday;Fri;6;1;506
07.01.2017;20170107;2017;Q1-2017;8069;Q1;01.01.2017;01.01.2017;24205;January;Jan;1;Saturday;Sat;7;0;506
08.01.2017;20170108;2017;Q1-2017;8069;Q1;01.01.2017;01.01.2017;24205;January;Jan;1;Sunday;Sun;1;0;506
09.01.2017;20170109;2017;Q1-2017;8069;Q1;01.01.2017;01.01.2017;24205;January;Jan;1;Monday;Mon;2;1;507
10.01.2017;20170110;2017;Q1-2017;8069;Q1;01.01.2017;01.01.2017;24205;January;Jan;1;Tuesday;Tue;3;1;508
11.01.2017;20170111;2017;Q1-2017;8069;Q1;01.01.2017;01.01.2017;24205;January;Jan;1;Wednesday;Wed;4;1;509
12.01.2017;20170112;2017;Q1-2017;8069;Q1;01.01.2017;01.01.2017;24205;January;Jan;1;Thursday;Thu;5;1;510
13.01.2017;20170113;2017;Q1-2017;8069;Q1;01.01.2017;01.01.2017;24205;January;Jan;1;Friday;Fri;6;1;511
14.01.2017;20170114;2017;Q1-2017;8069;Q1;01.01.2017;01.01.2017;24205;January;Jan;1;Saturday;Sat;7;0;511
15.01.2017;20170115;2017;Q1-2017;8069;Q1;01.01.2017;01.01.2017;24205;January;Jan;1;Sunday;Sun;1;0;511
16.01.2017;20170116;2017;Q1-2017;8069;Q1;01.01.2017;01.01.2017;24205;January;Jan;1;Monday;Mon;2;0;511
17.01.2017;20170117;2017;Q1-2017;8069;Q1;01.01.2017;01.01.2017;24205;January;Jan;1;Tuesday;Tue;3;1;512
18.01.2017;20170118;2017;Q1-2017;8069;Q1;01.01.2017;01.01.2017;24205;January;Jan;1;Wednesday;Wed;4;1;513
19.01.2017;20170119;2017;Q1-2017;8069;Q1;01.01.2017;01.01.2017;24205;January;Jan;1;Thursday;Thu;5;1;514
20.01.2017;20170120;2017;Q1-2017;8069;Q1;01.01.2017;01.01.2017;24205;January;Jan;1;Friday;Fri;6;1;515
21.01.2017;20170121;2017;Q1-2017;8069;Q1;01.01.2017;01.01.2017;24205;January;Jan;1;Saturday;Sat;7;0;515
22.01.2017;20170122;2017;Q1-2017;8069;Q1;01.01.2017;01.01.2017;24205;January;Jan;1;Sunday;Sun;1;0;515
23.01.2017;20170123;2017;Q1-2017;8069;Q1;01.01.2017;01.01.2017;24205;January;Jan;1;Monday;Mon;2;1;516
24.01.2017;20170124;2017;Q1-2017;8069;Q1;01.01.2017;01.01.2017;24205;January;Jan;1;Tuesday;Tue;3;1;517
25.01.2017;20170125;2017;Q1-2017;8069;Q1;01.01.2017;01.01.2017;24205;January;Jan;1;Wednesday;Wed;4;1;518
26.01.2017;20170126;2017;Q1-2017;8069;Q1;01.01.2017;01.01.2017;24205;January;Jan;1;Thursday;Thu;5;1;519
27.01.2017;20170127;2017;Q1-2017;8069;Q1;01.01.2017;01.01.2017;24205;January;Jan;1;Friday;Fri;6;1;520
28.01.2017;20170128;2017;Q1-2017;8069;Q1;01.01.2017;01.01.2017;24205;January;Jan;1;Saturday;Sat;7;0;520
29.01.2017;20170129;2017;Q1-2017;8069;Q1;01.01.2017;01.01.2017;24205;January;Jan;1;Sunday;Sun;1;0;520
30.01.2017;20170130;2017;Q1-2017;8069;Q1;01.01.2017;01.01.2017;24205;January;Jan;1;Monday;Mon;2;1;521
31.01.2017;20170131;2017;Q1-2017;8069;Q1;01.01.2017;01.01.2017;24205;January;Jan;1;Tuesday;Tue;3;1;522
01.02.2017;20170201;2017;Q1-2017;8069;Q1;01.02.2017;01.02.2017;24206;February;Feb;2;Wednesday;Wed;4;1;523
02.02.2017;20170202;2017;Q1-2017;8069;Q1;01.02.2017;01.02.2017;24206;February;Feb;2;Thursday;Thu;5;1;524
03.02.2017;20170203;2017;Q1-2017;8069;Q1;01.02.2017;01.02.2017;24206;February;Feb;2;Friday;Fri;6;1;525
04.02.2017;20170204;2017;Q1-2017;8069;Q1;01.02.2017;01.02.2017;24206;February;Feb;2;Saturday;Sat;7;0;525
05.02.2017;20170205;2017;Q1-2017;8069;Q1;01.02.2017;01.02.2017;24206;February;Feb;2;Sunday;Sun;1;0;525
06.02.2017;20170206;2017;Q1-2017;8069;Q1;01.02.2017;01.02.2017;24206;February;Feb;2;Monday;Mon;2;1;526
07.02.2017;20170207;2017;Q1-2017;8069;Q1;01.02.2017;01.02.2017;24206;February;Feb;2;Tuesday;Tue;3;1;527
08.02.2017;20170208;2017;Q1-2017;8069;Q1;01.02.2017;01.02.2017;24206;February;Feb;2;Wednesday;Wed;4;1;528
09.02.2017;20170209;2017;Q1-2017;8069;Q1;01.02.2017;01.02.2017;24206;February;Feb;2;Thursday;Thu;5;1;529
10.02.2017;20170210;2017;Q1-2017;8069;Q1;01.02.2017;01.02.2017;24206;February;Feb;2;Friday;Fri;6;1;530
11.02.2017;20170211;2017;Q1-2017;8069;Q1;01.02.2017;01.02.2017;24206;February;Feb;2;Saturday;Sat;7;0;530
12.02.2017;20170212;2017;Q1-2017;8069;Q1;01.02.2017;01.02.2017;24206;February;Feb;2;Sunday;Sun;1;0;530
13.02.2017;20170213;2017;Q1-2017;8069;Q1;01.02.2017;01.02.2017;24206;February;Feb;2;Monday;Mon;2;1;531
14.02.2017;20170214;2017;Q1-2017;8069;Q1;01.02.2017;01.02.2017;24206;February;Feb;2;Tuesday;Tue;3;1;532
15.02.2017;20170215;2017;Q1-2017;8069;Q1;01.02.2017;01.02.2017;24206;February;Feb;2;Wednesday;Wed;4;1;533
16.02.2017;20170216;2017;Q1-2017;8069;Q1;01.02.2017;01.02.2017;24206;February;Feb;2;Thursday;Thu;5;1;534
17.02.2017;20170217;2017;Q1-2017;8069;Q1;01.02.2017;01.02.2017;24206;February;Feb;2;Friday;Fri;6;1;535
18.02.2017;20170218;2017;Q1-2017;8069;Q1;01.02.2017;01.02.2017;24206;February;Feb;2;Saturday;Sat;7;0;535
19.02.2017;20170219;2017;Q1-2017;8069;Q1;01.02.2017;01.02.2017;24206;February;Feb;2;Sunday;Sun;1;0;535
20.02.2017;20170220;2017;Q1-2017;8069;Q1;01.02.2017;01.02.2017;24206;February;Feb;2;Monday;Mon;2;0;535
21.02.2017;20170221;2017;Q1-2017;8069;Q1;01.02.2017;01.02.2017;24206;February;Feb;2;Tuesday;Tue;3;1;536
22.02.2017;20170222;2017;Q1-2017;8069;Q1;01.02.2017;01.02.2017;24206;February;Feb;2;Wednesday;Wed;4;1;537
23.02.2017;20170223;2017;Q1-2017;8069;Q1;01.02.2017;01.02.2017;24206;February;Feb;2;Thursday;Thu;5;1;538
24.02.2017;20170224;2017;Q1-2017;8069;Q1;01.02.2017;01.02.2017;24206;February;Feb;2;Friday;Fri;6;1;539
25.02.2017;20170225;2017;Q1-2017;8069;Q1;01.02.2017;01.02.2017;24206;February;Feb;2;Saturday;Sat;7;0;539
26.02.2017;20170226;2017;Q1-2017;8069;Q1;01.02.2017;01.02.2017;24206;February;Feb;2;Sunday;Sun;1;0;539
27.02.2017;20170227;2017;Q1-2017;8069;Q1;01.02.2017;01.02.2017;24206;February;Feb;2;Monday;Mon;2;1;540
28.02.2017;20170228;2017;Q1-2017;8069;Q1;01.02.2017;01.02.2017;24206;February;Feb;2;Tuesday;Tue;3;1;541
01.03.2017;20170301;2017;Q1-2017;8069;Q1;01.03.2017;01.03.2017;24207;March;Mar;3;Wednesday;Wed;4;1;542
02.03.2017;20170302;2017;Q1-2017;8069;Q1;01.03.2017;01.03.2017;24207;March;Mar;3;Thursday;Thu;5;1;543
03.03.2017;20170303;2017;Q1-2017;8069;Q1;01.03.2017;01.03.2017;24207;March;Mar;3;Friday;Fri;6;1;544
04.03.2017;20170304;2017;Q1-2017;8069;Q1;01.03.2017;01.03.2017;24207;March;Mar;3;Saturday;Sat;7;0;544
05.03.2017;20170305;2017;Q1-2017;8069;Q1;01.03.2017;01.03.2017;24207;March;Mar;3;Sunday;Sun;1;0;544
06.03.2017;20170306;2017;Q1-2017;8069;Q1;01.03.2017;01.03.2017;24207;March;Mar;3;Monday;Mon;2;1;545
07.03.2017;20170307;2017;Q1-2017;8069;Q1;01.03.2017;01.03.2017;24207;March;Mar;3;Tuesday;Tue;3;1;546
08.03.2017;20170308;2017;Q1-2017;8069;Q1;01.03.2017;01.03.2017;24207;March;Mar;3;Wednesday;Wed;4;1;547
09.03.2017;20170309;2017;Q1-2017;8069;Q1;01.03.2017;01.03.2017;24207;March;Mar;3;Thursday;Thu;5;1;548
10.03.2017;20170310;2017;Q1-2017;8069;Q1;01.03.2017;01.03.2017;24207;March;Mar;3;Friday;Fri;6;1;549
11.03.2017;20170311;2017;Q1-2017;8069;Q1;01.03.2017;01.03.2017;24207;March;Mar;3;Saturday;Sat;7;0;549
12.03.2017;20170312;2017;Q1-2017;8069;Q1;01.03.2017;01.03.2017;24207;March;Mar;3;Sunday;Sun;1;0;549
13.03.2017;20170313;2017;Q1-2017;8069;Q1;01.03.2017;01.03.2017;24207;March;Mar;3;Monday;Mon;2;1;550
14.03.2017;20170314;2017;Q1-2017;8069;Q1;01.03.2017;01.03.2017;24207;March;Mar;3;Tuesday;Tue;3;1;551
15.03.2017;20170315;2017;Q1-2017;8069;Q1;01.03.2017;01.03.2017;24207;March;Mar;3;Wednesday;Wed;4;1;552
16.03.2017;20170316;2017;Q1-2017;8069;Q1;01.03.2017;01.03.2017;24207;March;Mar;3;Thursday;Thu;5;1;553
17.03.2017;20170317;2017;Q1-2017;8069;Q1;01.03.2017;01.03.2017;24207;March;Mar;3;Friday;Fri;6;1;554
18.03.2017;20170318;2017;Q1-2017;8069;Q1;01.03.2017;01.03.2017;24207;March;Mar;3;Saturday;Sat;7;0;554
19.03.2017;20170319;2017;Q1-2017;8069;Q1;01.03.2017;01.03.2017;24207;March;Mar;3;Sunday;Sun;1;0;554
20.03.2017;20170320;2017;Q1-2017;8069;Q1;01.03.2017;01.03.2017;24207;March;Mar;3;Monday;Mon;2;1;555
21.03.2017;20170321;2017;Q1-2017;8069;Q1;01.03.2017;01.03.2017;24207;March;Mar;3;Tuesday;Tue;3;1;556
22.03.2017;20170322;2017;Q1-2017;8069;Q1;01.03.2017;01.03.2017;24207;March;Mar;3;Wednesday;Wed;4;1;557
23.03.2017;20170323;2017;Q1-2017;8069;Q1;01.03.2017;01.03.2017;24207;March;Mar;3;Thursday;Thu;5;1;558
24.03.2017;20170324;2017;Q1-2017;8069;Q1;01.03.2017;01.03.2017;24207;March;Mar;3;Friday;Fri;6;1;559
25.03.2017;20170325;2017;Q1-2017;8069;Q1;01.03.2017;01.03.2017;24207;March;Mar;3;Saturday;Sat;7;0;559
26.03.2017;20170326;2017;Q1-2017;8069;Q1;01.03.2017;01.03.2017;24207;March;Mar;3;Sunday;Sun;1;0;559
27.03.2017;20170327;2017;Q1-2017;8069;Q1;01.03.2017;01.03.2017;24207;March;Mar;3;Monday;Mon;2;1;560
28.03.2017;20170328;2017;Q1-2017;8069;Q1;01.03.2017;01.03.2017;24207;March;Mar;3;Tuesday;Tue;3;1;561
29.03.2017;20170329;2017;Q1-2017;8069;Q1;01.03.2017;01.03.2017;24207;March;Mar;3;Wednesday;Wed;4;1;562
30.03.2017;20170330;2017;Q1-2017;8069;Q1;01.03.2017;01.03.2017;24207;March;Mar;3;Thursday;Thu;5;1;563
31.03.2017;20170331;2017;Q1-2017;8069;Q1;01.03.2017;01.03.2017;24207;March;Mar;3;Friday;Fri;6;1;564
01.04.2017;20170401;2017;Q2-2017;8070;Q2;01.04.2017;01.04.2017;24208;April;Apr;4;Saturday;Sat;7;0;564
02.04.2017;20170402;2017;Q2-2017;8070;Q2;01.04.2017;01.04.2017;24208;April;Apr;4;Sunday;Sun;1;0;564
03.04.2017;20170403;2017;Q2-2017;8070;Q2;01.04.2017;01.04.2017;24208;April;Apr;4;Monday;Mon;2;1;565
04.04.2017;20170404;2017;Q2-2017;8070;Q2;01.04.2017;01.04.2017;24208;April;Apr;4;Tuesday;Tue;3;1;566
05.04.2017;20170405;2017;Q2-2017;8070;Q2;01.04.2017;01.04.2017;24208;April;Apr;4;Wednesday;Wed;4;1;567
06.04.2017;20170406;2017;Q2-2017;8070;Q2;01.04.2017;01.04.2017;24208;April;Apr;4;Thursday;Thu;5;1;568
07.04.2017;20170407;2017;Q2-2017;8070;Q2;01.04.2017;01.04.2017;24208;April;Apr;4;Friday;Fri;6;1;569
08.04.2017;20170408;2017;Q2-2017;8070;Q2;01.04.2017;01.04.2017;24208;April;Apr;4;Saturday;Sat;7;0;569
09.04.2017;20170409;2017;Q2-2017;8070;Q2;01.04.2017;01.04.2017;24208;April;Apr;4;Sunday;Sun;1;0;569
10.04.2017;20170410;2017;Q2-2017;8070;Q2;01.04.2017;01.04.2017;24208;April;Apr;4;Monday;Mon;2;1;570
11.04.2017;20170411;2017;Q2-2017;8070;Q2;01.04.2017;01.04.2017;24208;April;Apr;4;Tuesday;Tue;3;1;571
12.04.2017;20170412;2017;Q2-2017;8070;Q2;01.04.2017;01.04.2017;24208;April;Apr;4;Wednesday;Wed;4;1;572
13.04.2017;20170413;2017;Q2-2017;8070;Q2;01.04.2017;01.04.2017;24208;April;Apr;4;Thursday;Thu;5;1;573
14.04.2017;20170414;2017;Q2-2017;8070;Q2;01.04.2017;01.04.2017;24208;April;Apr;4;Friday;Fri;6;1;574
15.04.2017;20170415;2017;Q2-2017;8070;Q2;01.04.2017;01.04.2017;24208;April;Apr;4;Saturday;Sat;7;0;574
16.04.2017;20170416;2017;Q2-2017;8070;Q2;01.04.2017;01.04.2017;24208;April;Apr;4;Sunday;Sun;1;0;574
17.04.2017;20170417;2017;Q2-2017;8070;Q2;01.04.2017;01.04.2017;24208;April;Apr;4;Monday;Mon;2;1;575
18.04.2017;20170418;2017;Q2-2017;8070;Q2;01.04.2017;01.04.2017;24208;April;Apr;4;Tuesday;Tue;3;1;576
19.04.2017;20170419;2017;Q2-2017;8070;Q2;01.04.2017;01.04.2017;24208;April;Apr;4;Wednesday;Wed;4;1;577
20.04.2017;20170420;2017;Q2-2017;8070;Q2;01.04.2017;01.04.2017;24208;April;Apr;4;Thursday;Thu;5;1;578
21.04.2017;20170421;2017;Q2-2017;8070;Q2;01.04.2017;01.04.2017;24208;April;Apr;4;Friday;Fri;6;1;579
22.04.2017;20170422;2017;Q2-2017;8070;Q2;01.04.2017;01.04.2017;24208;April;Apr;4;Saturday;Sat;7;0;579
23.04.2017;20170423;2017;Q2-2017;8070;Q2;01.04.2017;01.04.2017;24208;April;Apr;4;Sunday;Sun;1;0;579
24.04.2017;20170424;2017;Q2-2017;8070;Q2;01.04.2017;01.04.2017;24208;April;Apr;4;Monday;Mon;2;1;580
25.04.2017;20170425;2017;Q2-2017;8070;Q2;01.04.2017;01.04.2017;24208;April;Apr;4;Tuesday;Tue;3;1;581
26.04.2017;20170426;2017;Q2-2017;8070;Q2;01.04.2017;01.04.2017;24208;April;Apr;4;Wednesday;Wed;4;1;582
27.04.2017;20170427;2017;Q2-2017;8070;Q2;01.04.2017;01.04.2017;24208;April;Apr;4;Thursday;Thu;5;1;583
28.04.2017;20170428;2017;Q2-2017;8070;Q2;01.04.2017;01.04.2017;24208;April;Apr;4;Friday;Fri;6;1;584
29.04.2017;20170429;2017;Q2-2017;8070;Q2;01.04.2017;01.04.2017;24208;April;Apr;4;Saturday;Sat;7;0;584
30.04.2017;20170430;2017;Q2-2017;8070;Q2;01.04.2017;01.04.2017;24208;April;Apr;4;Sunday;Sun;1;0;584
01.05.2017;20170501;2017;Q2-2017;8070;Q2;01.05.2017;01.05.2017;24209;May;May;5;Monday;Mon;2;1;585
02.05.2017;20170502;2017;Q2-2017;8070;Q2;01.05.2017;01.05.2017;24209;May;May;5;Tuesday;Tue;3;1;586
03.05.2017;20170503;2017;Q2-2017;8070;Q2;01.05.2017;01.05.2017;24209;May;May;5;Wednesday;Wed;4;1;587
04.05.2017;20170504;2017;Q2-2017;8070;Q2;01.05.2017;01.05.2017;24209;May;May;5;Thursday;Thu;5;1;588
05.05.2017;20170505;2017;Q2-2017;8070;Q2;01.05.2017;01.05.2017;24209;May;May;5;Friday;Fri;6;1;589
06.05.2017;20170506;2017;Q2-2017;8070;Q2;01.05.2017;01.05.2017;24209;May;May;5;Saturday;Sat;7;0;589
07.05.2017;20170507;2017;Q2-2017;8070;Q2;01.05.2017;01.05.2017;24209;May;May;5;Sunday;Sun;1;0;589
08.05.2017;20170508;2017;Q2-2017;8070;Q2;01.05.2017;01.05.2017;24209;May;May;5;Monday;Mon;2;1;590
09.05.2017;20170509;2017;Q2-2017;8070;Q2;01.05.2017;01.05.2017;24209;May;May;5;Tuesday;Tue;3;1;591
10.05.2017;20170510;2017;Q2-2017;8070;Q2;01.05.2017;01.05.2017;24209;May;May;5;Wednesday;Wed;4;1;592
11.05.2017;20170511;2017;Q2-2017;8070;Q2;01.05.2017;01.05.2017;24209;May;May;5;Thursday;Thu;5;1;593
12.05.2017;20170512;2017;Q2-2017;8070;Q2;01.05.2017;01.05.2017;24209;May;May;5;Friday;Fri;6;1;594
13.05.2017;20170513;2017;Q2-2017;8070;Q2;01.05.2017;01.05.2017;24209;May;May;5;Saturday;Sat;7;0;594
14.05.2017;20170514;2017;Q2-2017;8070;Q2;01.05.2017;01.05.2017;24209;May;May;5;Sunday;Sun;1;0;594
15.05.2017;20170515;2017;Q2-2017;8070;Q2;01.05.2017;01.05.2017;24209;May;May;5;Monday;Mon;2;1;595
16.05.2017;20170516;2017;Q2-2017;8070;Q2;01.05.2017;01.05.2017;24209;May;May;5;Tuesday;Tue;3;1;596
17.05.2017;20170517;2017;Q2-2017;8070;Q2;01.05.2017;01.05.2017;24209;May;May;5;Wednesday;Wed;4;1;597
18.05.2017;20170518;2017;Q2-2017;8070;Q2;01.05.2017;01.05.2017;24209;May;May;5;Thursday;Thu;5;1;598
19.05.2017;20170519;2017;Q2-2017;8070;Q2;01.05.2017;01.05.2017;24209;May;May;5;Friday;Fri;6;1;599
20.05.2017;20170520;2017;Q2-2017;8070;Q2;01.05.2017;01.05.2017;24209;May;May;5;Saturday;Sat;7;0;599
21.05.2017;20170521;2017;Q2-2017;8070;Q2;01.05.2017;01.05.2017;24209;May;May;5;Sunday;Sun;1;0;599
22.05.2017;20170522;2017;Q2-2017;8070;Q2;01.05.2017;01.05.2017;24209;May;May;5;Monday;Mon;2;1;600
23.05.2017;20170523;2017;Q2-2017;8070;Q2;01.05.2017;01.05.2017;24209;May;May;5;Tuesday;Tue;3;1;601
24.05.2017;20170524;2017;Q2-2017;8070;Q2;01.05.2017;01.05.2017;24209;May;May;5;Wednesday;Wed;4;1;602
25.05.2017;20170525;2017;Q2-2017;8070;Q2;01.05.2017;01.05.2017;24209;May;May;5;Thursday;Thu;5;1;603
26.05.2017;20170526;2017;Q2-2017;8070;Q2;01.05.2017;01.05.2017;24209;May;May;5;Friday;Fri;6;1;604
27.05.2017;20170527;2017;Q2-2017;8070;Q2;01.05.2017;01.05.2017;24209;May;May;5;Saturday;Sat;7;0;604
28.05.2017;20170528;2017;Q2-2017;8070;Q2;01.05.2017;01.05.2017;24209;May;May;5;Sunday;Sun;1;0;604
29.05.2017;20170529;2017;Q2-2017;8070;Q2;01.05.2017;01.05.2017;24209;May;May;5;Monday;Mon;2;0;604
30.05.2017;20170530;2017;Q2-2017;8070;Q2;01.05.2017;01.05.2017;24209;May;May;5;Tuesday;Tue;3;1;605
31.05.2017;20170531;2017;Q2-2017;8070;Q2;01.05.2017;01.05.2017;24209;May;May;5;Wednesday;Wed;4;1;606
01.06.2017;20170601;2017;Q2-2017;8070;Q2;01.06.2017;01.06.2017;24210;June;Jun;6;Thursday;Thu;5;1;607
02.06.2017;20170602;2017;Q2-2017;8070;Q2;01.06.2017;01.06.2017;24210;June;Jun;6;Friday;Fri;6;1;608
03.06.2017;20170603;2017;Q2-2017;8070;Q2;01.06.2017;01.06.2017;24210;June;Jun;6;Saturday;Sat;7;0;608
04.06.2017;20170604;2017;Q2-2017;8070;Q2;01.06.2017;01.06.2017;24210;June;Jun;6;Sunday;Sun;1;0;608
05.06.2017;20170605;2017;Q2-2017;8070;Q2;01.06.2017;01.06.2017;24210;June;Jun;6;Monday;Mon;2;1;609
06.06.2017;20170606;2017;Q2-2017;8070;Q2;01.06.2017;01.06.2017;24210;June;Jun;6;Tuesday;Tue;3;1;610
07.06.2017;20170607;2017;Q2-2017;8070;Q2;01.06.2017;01.06.2017;24210;June;Jun;6;Wednesday;Wed;4;1;611
08.06.2017;20170608;2017;Q2-2017;8070;Q2;01.06.2017;01.06.2017;24210;June;Jun;6;Thursday;Thu;5;1;612
09.06.2017;20170609;2017;Q2-2017;8070;Q2;01.06.2017;01.06.2017;24210;June;Jun;6;Friday;Fri;6;1;613
10.06.2017;20170610;2017;Q2-2017;8070;Q2;01.06.2017;01.06.2017;24210;June;Jun;6;Saturday;Sat;7;0;613
11.06.2017;20170611;2017;Q2-2017;8070;Q2;01.06.2017;01.06.2017;24210;June;Jun;6;Sunday;Sun;1;0;613
12.06.2017;20170612;2017;Q2-2017;8070;Q2;01.06.2017;01.06.2017;24210;June;Jun;6;Monday;Mon;2;1;614
13.06.2017;20170613;2017;Q2-2017;8070;Q2;01.06.2017;01.06.2017;24210;June;Jun;6;Tuesday;Tue;3;1;615
14.06.2017;20170614;2017;Q2-2017;8070;Q2;01.06.2017;01.06.2017;24210;June;Jun;6;Wednesday;Wed;4;1;616
15.06.2017;20170615;2017;Q2-2017;8070;Q2;01.06.2017;01.06.2017;24210;June;Jun;6;Thursday;Thu;5;1;617
16.06.2017;20170616;2017;Q2-2017;8070;Q2;01.06.2017;01.06.2017;24210;June;Jun;6;Friday;Fri;6;1;618
17.06.2017;20170617;2017;Q2-2017;8070;Q2;01.06.2017;01.06.2017;24210;June;Jun;6;Saturday;Sat;7;0;618
18.06.2017;20170618;2017;Q2-2017;8070;Q2;01.06.2017;01.06.2017;24210;June;Jun;6;Sunday;Sun;1;0;618
19.06.2017;20170619;2017;Q2-2017;8070;Q2;01.06.2017;01.06.2017;24210;June;Jun;6;Monday;Mon;2;1;619
20.06.2017;20170620;2017;Q2-2017;8070;Q2;01.06.2017;01.06.2017;24210;June;Jun;6;Tuesday;Tue;3;1;620
21.06.2017;20170621;2017;Q2-2017;8070;Q2;01.06.2017;01.06.2017;24210;June;Jun;6;Wednesday;Wed;4;1;621
22.06.2017;20170622;2017;Q2-2017;8070;Q2;01.06.2017;01.06.2017;24210;June;Jun;6;Thursday;Thu;5;1;622
23.06.2017;20170623;2017;Q2-2017;8070;Q2;01.06.2017;01.06.2017;24210;June;Jun;6;Friday;Fri;6;1;623
24.06.2017;20170624;2017;Q2-2017;8070;Q2;01.06.2017;01.06.2017;24210;June;Jun;6;Saturday;Sat;7;0;623
25.06.2017;20170625;2017;Q2-2017;8070;Q2;01.06.2017;01.06.2017;24210;June;Jun;6;Sunday;Sun;1;0;623
26.06.2017;20170626;2017;Q2-2017;8070;Q2;01.06.2017;01.06.2017;24210;June;Jun;6;Monday;Mon;2;1;624
27.06.2017;20170627;2017;Q2-2017;8070;Q2;01.06.2017;01.06.2017;24210;June;Jun;6;Tuesday;Tue;3;1;625
28.06.2017;20170628;2017;Q2-2017;8070;Q2;01.06.2017;01.06.2017;24210;June;Jun;6;Wednesday;Wed;4;1;626
29.06.2017;20170629;2017;Q2-2017;8070;Q2;01.06.2017;01.06.2017;24210;June;Jun;6;Thursday;Thu;5;1;627
30.06.2017;20170630;2017;Q2-2017;8070;Q2;01.06.2017;01.06.2017;24210;June;Jun;6;Friday;Fri;6;1;628
01.07.2017;20170701;2017;Q3-2017;8071;Q3;01.07.2017;01.07.2017;24211;July;Jul;7;Saturday;Sat;7;0;628
02.07.2017;20170702;2017;Q3-2017;8071;Q3;01.07.2017;01.07.2017;24211;July;Jul;7;Sunday;Sun;1;0;628
03.07.2017;20170703;2017;Q3-2017;8071;Q3;01.07.2017;01.07.2017;24211;July;Jul;7;Monday;Mon;2;1;629
04.07.2017;20170704;2017;Q3-2017;8071;Q3;01.07.2017;01.07.2017;24211;July;Jul;7;Tuesday;Tue;3;0;629
05.07.2017;20170705;2017;Q3-2017;8071;Q3;01.07.2017;01.07.2017;24211;July;Jul;7;Wednesday;Wed;4;1;630
06.07.2017;20170706;2017;Q3-2017;8071;Q3;01.07.2017;01.07.2017;24211;July;Jul;7;Thursday;Thu;5;1;631
07.07.2017;20170707;2017;Q3-2017;8071;Q3;01.07.2017;01.07.2017;24211;July;Jul;7;Friday;Fri;6;1;632
08.07.2017;20170708;2017;Q3-2017;8071;Q3;01.07.2017;01.07.2017;24211;July;Jul;7;Saturday;Sat;7;0;632
09.07.2017;20170709;2017;Q3-2017;8071;Q3;01.07.2017;01.07.2017;24211;July;Jul;7;Sunday;Sun;1;0;632
10.07.2017;20170710;2017;Q3-2017;8071;Q3;01.07.2017;01.07.2017;24211;July;Jul;7;Monday;Mon;2;1;633
11.07.2017;20170711;2017;Q3-2017;8071;Q3;01.07.2017;01.07.2017;24211;July;Jul;7;Tuesday;Tue;3;1;634
12.07.2017;20170712;2017;Q3-2017;8071;Q3;01.07.2017;01.07.2017;24211;July;Jul;7;Wednesday;Wed;4;1;635
13.07.2017;20170713;2017;Q3-2017;8071;Q3;01.07.2017;01.07.2017;24211;July;Jul;7;Thursday;Thu;5;1;636
14.07.2017;20170714;2017;Q3-2017;8071;Q3;01.07.2017;01.07.2017;24211;July;Jul;7;Friday;Fri;6;1;637
15.07.2017;20170715;2017;Q3-2017;8071;Q3;01.07.2017;01.07.2017;24211;July;Jul;7;Saturday;Sat;7;0;637
16.07.2017;20170716;2017;Q3-2017;8071;Q3;01.07.2017;01.07.2017;24211;July;Jul;7;Sunday;Sun;1;0;637
17.07.2017;20170717;2017;Q3-2017;8071;Q3;01.07.2017;01.07.2017;24211;July;Jul;7;Monday;Mon;2;1;638
18.07.2017;20170718;2017;Q3-2017;8071;Q3;01.07.2017;01.07.2017;24211;July;Jul;7;Tuesday;Tue;3;1;639
19.07.2017;20170719;2017;Q3-2017;8071;Q3;01.07.2017;01.07.2017;24211;July;Jul;7;Wednesday;Wed;4;1;640
20.07.2017;20170720;2017;Q3-2017;8071;Q3;01.07.2017;01.07.2017;24211;July;Jul;7;Thursday;Thu;5;1;641
21.07.2017;20170721;2017;Q3-2017;8071;Q3;01.07.2017;01.07.2017;24211;July;Jul;7;Friday;Fri;6;1;642
22.07.2017;20170722;2017;Q3-2017;8071;Q3;01.07.2017;01.07.2017;24211;July;Jul;7;Saturday;Sat;7;0;642
23.07.2017;20170723;2017;Q3-2017;8071;Q3;01.07.2017;01.07.2017;24211;July;Jul;7;Sunday;Sun;1;0;642
24.07.2017;20170724;2017;Q3-2017;8071;Q3;01.07.2017;01.07.2017;24211;July;Jul;7;Monday;Mon;2;1;643
25.07.2017;20170725;2017;Q3-2017;8071;Q3;01.07.2017;01.07.2017;24211;July;Jul;7;Tuesday;Tue;3;1;644
26.07.2017;20170726;2017;Q3-2017;8071;Q3;01.07.2017;01.07.2017;24211;July;Jul;7;Wednesday;Wed;4;1;645
27.07.2017;20170727;2017;Q3-2017;8071;Q3;01.07.2017;01.07.2017;24211;July;Jul;7;Thursday;Thu;5;1;646
28.07.2017;20170728;2017;Q3-2017;8071;Q3;01.07.2017;01.07.2017;24211;July;Jul;7;Friday;Fri;6;1;647
29.07.2017;20170729;2017;Q3-2017;8071;Q3;01.07.2017;01.07.2017;24211;July;Jul;7;Saturday;Sat;7;0;647
30.07.2017;20170730;2017;Q3-2017;8071;Q3;01.07.2017;01.07.2017;24211;July;Jul;7;Sunday;Sun;1;0;647
31.07.2017;20170731;2017;Q3-2017;8071;Q3;01.07.2017;01.07.2017;24211;July;Jul;7;Monday;Mon;2;1;648
01.08.2017;20170801;2017;Q3-2017;8071;Q3;01.08.2017;01.08.2017;24212;August;Aug;8;Tuesday;Tue;3;1;649
02.08.2017;20170802;2017;Q3-2017;8071;Q3;01.08.2017;01.08.2017;24212;August;Aug;8;Wednesday;Wed;4;1;650
03.08.2017;20170803;2017;Q3-2017;8071;Q3;01.08.2017;01.08.2017;24212;August;Aug;8;Thursday;Thu;5;1;651
04.08.2017;20170804;2017;Q3-2017;8071;Q3;01.08.2017;01.08.2017;24212;August;Aug;8;Friday;Fri;6;1;652
05.08.2017;20170805;2017;Q3-2017;8071;Q3;01.08.2017;01.08.2017;24212;August;Aug;8;Saturday;Sat;7;0;652
06.08.2017;20170806;2017;Q3-2017;8071;Q3;01.08.2017;01.08.2017;24212;August;Aug;8;Sunday;Sun;1;0;652
07.08.2017;20170807;2017;Q3-2017;8071;Q3;01.08.2017;01.08.2017;24212;August;Aug;8;Monday;Mon;2;1;653
08.08.2017;20170808;2017;Q3-2017;8071;Q3;01.08.2017;01.08.2017;24212;August;Aug;8;Tuesday;Tue;3;1;654
09.08.2017;20170809;2017;Q3-2017;8071;Q3;01.08.2017;01.08.2017;24212;August;Aug;8;Wednesday;Wed;4;1;655
10.08.2017;20170810;2017;Q3-2017;8071;Q3;01.08.2017;01.08.2017;24212;August;Aug;8;Thursday;Thu;5;1;656
11.08.2017;20170811;2017;Q3-2017;8071;Q3;01.08.2017;01.08.2017;24212;August;Aug;8;Friday;Fri;6;1;657
12.08.2017;20170812;2017;Q3-2017;8071;Q3;01.08.2017;01.08.2017;24212;August;Aug;8;Saturday;Sat;7;0;657
13.08.2017;20170813;2017;Q3-2017;8071;Q3;01.08.2017;01.08.2017;24212;August;Aug;8;Sunday;Sun;1;0;657
14.08.2017;20170814;2017;Q3-2017;8071;Q3;01.08.2017;01.08.2017;24212;August;Aug;8;Monday;Mon;2;1;658
15.08.2017;20170815;2017;Q3-2017;8071;Q3;01.08.2017;01.08.2017;24212;August;Aug;8;Tuesday;Tue;3;1;659
16.08.2017;20170816;2017;Q3-2017;8071;Q3;01.08.2017;01.08.2017;24212;August;Aug;8;Wednesday;Wed;4;1;660
17.08.2017;20170817;2017;Q3-2017;8071;Q3;01.08.2017;01.08.2017;24212;August;Aug;8;Thursday;Thu;5;1;661
18.08.2017;20170818;2017;Q3-2017;8071;Q3;01.08.2017;01.08.2017;24212;August;Aug;8;Friday;Fri;6;1;662
19.08.2017;20170819;2017;Q3-2017;8071;Q3;01.08.2017;01.08.2017;24212;August;Aug;8;Saturday;Sat;7;0;662
20.08.2017;20170820;2017;Q3-2017;8071;Q3;01.08.2017;01.08.2017;24212;August;Aug;8;Sunday;Sun;1;0;662
21.08.2017;20170821;2017;Q3-2017;8071;Q3;01.08.2017;01.08.2017;24212;August;Aug;8;Monday;Mon;2;1;663
22.08.2017;20170822;2017;Q3-2017;8071;Q3;01.08.2017;01.08.2017;24212;August;Aug;8;Tuesday;Tue;3;1;664
23.08.2017;20170823;2017;Q3-2017;8071;Q3;01.08.2017;01.08.2017;24212;August;Aug;8;Wednesday;Wed;4;1;665
24.08.2017;20170824;2017;Q3-2017;8071;Q3;01.08.2017;01.08.2017;24212;August;Aug;8;Thursday;Thu;5;1;666
25.08.2017;20170825;2017;Q3-2017;8071;Q3;01.08.2017;01.08.2017;24212;August;Aug;8;Friday;Fri;6;1;667
26.08.2017;20170826;2017;Q3-2017;8071;Q3;01.08.2017;01.08.2017;24212;August;Aug;8;Saturday;Sat;7;0;667
27.08.2017;20170827;2017;Q3-2017;8071;Q3;01.08.2017;01.08.2017;24212;August;Aug;8;Sunday;Sun;1;0;667
28.08.2017;20170828;2017;Q3-2017;8071;Q3;01.08.2017;01.08.2017;24212;August;Aug;8;Monday;Mon;2;1;668
29.08.2017;20170829;2017;Q3-2017;8071;Q3;01.08.2017;01.08.2017;24212;August;Aug;8;Tuesday;Tue;3;1;669
30.08.2017;20170830;2017;Q3-2017;8071;Q3;01.08.2017;01.08.2017;24212;August;Aug;8;Wednesday;Wed;4;1;670
31.08.2017;20170831;2017;Q3-2017;8071;Q3;01.08.2017;01.08.2017;24212;August;Aug;8;Thursday;Thu;5;1;671
01.09.2017;20170901;2017;Q3-2017;8071;Q3;01.09.2017;01.09.2017;24213;September;Sep;9;Friday;Fri;6;1;672
02.09.2017;20170902;2017;Q3-2017;8071;Q3;01.09.2017;01.09.2017;24213;September;Sep;9;Saturday;Sat;7;0;672
03.09.2017;20170903;2017;Q3-2017;8071;Q3;01.09.2017;01.09.2017;24213;September;Sep;9;Sunday;Sun;1;0;672
04.09.2017;20170904;2017;Q3-2017;8071;Q3;01.09.2017;01.09.2017;24213;September;Sep;9;Monday;Mon;2;0;672
05.09.2017;20170905;2017;Q3-2017;8071;Q3;01.09.2017;01.09.2017;24213;September;Sep;9;Tuesday;Tue;3;1;673
06.09.2017;20170906;2017;Q3-2017;8071;Q3;01.09.2017;01.09.2017;24213;September;Sep;9;Wednesday;Wed;4;1;674
07.09.2017;20170907;2017;Q3-2017;8071;Q3;01.09.2017;01.09.2017;24213;September;Sep;9;Thursday;Thu;5;1;675
08.09.2017;20170908;2017;Q3-2017;8071;Q3;01.09.2017;01.09.2017;24213;September;Sep;9;Friday;Fri;6;1;676
09.09.2017;20170909;2017;Q3-2017;8071;Q3;01.09.2017;01.09.2017;24213;September;Sep;9;Saturday;Sat;7;0;676
10.09.2017;20170910;2017;Q3-2017;8071;Q3;01.09.2017;01.09.2017;24213;September;Sep;9;Sunday;Sun;1;0;676
11.09.2017;20170911;2017;Q3-2017;8071;Q3;01.09.2017;01.09.2017;24213;September;Sep;9;Monday;Mon;2;1;677
12.09.2017;20170912;2017;Q3-2017;8071;Q3;01.09.2017;01.09.2017;24213;September;Sep;9;Tuesday;Tue;3;1;678
13.09.2017;20170913;2017;Q3-2017;8071;Q3;01.09.2017;01.09.2017;24213;September;Sep;9;Wednesday;Wed;4;1;679
14.09.2017;20170914;2017;Q3-2017;8071;Q3;01.09.2017;01.09.2017;24213;September;Sep;9;Thursday;Thu;5;1;680
15.09.2017;20170915;2017;Q3-2017;8071;Q3;01.09.2017;01.09.2017;24213;September;Sep;9;Friday;Fri;6;1;681
16.09.2017;20170916;2017;Q3-2017;8071;Q3;01.09.2017;01.09.2017;24213;September;Sep;9;Saturday;Sat;7;0;681
17.09.2017;20170917;2017;Q3-2017;8071;Q3;01.09.2017;01.09.2017;24213;September;Sep;9;Sunday;Sun;1;0;681
18.09.2017;20170918;2017;Q3-2017;8071;Q3;01.09.2017;01.09.2017;24213;September;Sep;9;Monday;Mon;2;1;682
19.09.2017;20170919;2017;Q3-2017;8071;Q3;01.09.2017;01.09.2017;24213;September;Sep;9;Tuesday;Tue;3;1;683
20.09.2017;20170920;2017;Q3-2017;8071;Q3;01.09.2017;01.09.2017;24213;September;Sep;9;Wednesday;Wed;4;1;684
21.09.2017;20170921;2017;Q3-2017;8071;Q3;01.09.2017;01.09.2017;24213;September;Sep;9;Thursday;Thu;5;1;685
22.09.2017;20170922;2017;Q3-2017;8071;Q3;01.09.2017;01.09.2017;24213;September;Sep;9;Friday;Fri;6;1;686
23.09.2017;20170923;2017;Q3-2017;8071;Q3;01.09.2017;01.09.2017;24213;September;Sep;9;Saturday;Sat;7;0;686
24.09.2017;20170924;2017;Q3-2017;8071;Q3;01.09.2017;01.09.2017;24213;September;Sep;9;Sunday;Sun;1;0;686
25.09.2017;20170925;2017;Q3-2017;8071;Q3;01.09.2017;01.09.2017;24213;September;Sep;9;Monday;Mon;2;1;687
26.09.2017;20170926;2017;Q3-2017;8071;Q3;01.09.2017;01.09.2017;24213;September;Sep;9;Tuesday;Tue;3;1;688
27.09.2017;20170927;2017;Q3-2017;8071;Q3;01.09.2017;01.09.2017;24213;September;Sep;9;Wednesday;Wed;4;1;689
28.09.2017;20170928;2017;Q3-2017;8071;Q3;01.09.2017;01.09.2017;24213;September;Sep;9;Thursday;Thu;5;1;690
29.09.2017;20170929;2017;Q3-2017;8071;Q3;01.09.2017;01.09.2017;24213;September;Sep;9;Friday;Fri;6;1;691
30.09.2017;20170930;2017;Q3-2017;8071;Q3;01.09.2017;01.09.2017;24213;September;Sep;9;Saturday;Sat;7;0;691
01.10.2017;20171001;2017;Q4-2017;8072;Q4;01.10.2017;01.10.2017;24214;October;Oct;10;Sunday;Sun;1;0;691
02.10.2017;20171002;2017;Q4-2017;8072;Q4;01.10.2017;01.10.2017;24214;October;Oct;10;Monday;Mon;2;1;692
03.10.2017;20171003;2017;Q4-2017;8072;Q4;01.10.2017;01.10.2017;24214;October;Oct;10;Tuesday;Tue;3;1;693
04.10.2017;20171004;2017;Q4-2017;8072;Q4;01.10.2017;01.10.2017;24214;October;Oct;10;Wednesday;Wed;4;1;694
05.10.2017;20171005;2017;Q4-2017;8072;Q4;01.10.2017;01.10.2017;24214;October;Oct;10;Thursday;Thu;5;1;695
06.10.2017;20171006;2017;Q4-2017;8072;Q4;01.10.2017;01.10.2017;24214;October;Oct;10;Friday;Fri;6;1;696
07.10.2017;20171007;2017;Q4-2017;8072;Q4;01.10.2017;01.10.2017;24214;October;Oct;10;Saturday;Sat;7;0;696
08.10.2017;20171008;2017;Q4-2017;8072;Q4;01.10.2017;01.10.2017;24214;October;Oct;10;Sunday;Sun;1;0;696
09.10.2017;20171009;2017;Q4-2017;8072;Q4;01.10.2017;01.10.2017;24214;October;Oct;10;Monday;Mon;2;0;696
10.10.2017;20171010;2017;Q4-2017;8072;Q4;01.10.2017;01.10.2017;24214;October;Oct;10;Tuesday;Tue;3;1;697
11.10.2017;20171011;2017;Q4-2017;8072;Q4;01.10.2017;01.10.2017;24214;October;Oct;10;Wednesday;Wed;4;1;698
12.10.2017;20171012;2017;Q4-2017;8072;Q4;01.10.2017;01.10.2017;24214;October;Oct;10;Thursday;Thu;5;1;699
13.10.2017;20171013;2017;Q4-2017;8072;Q4;01.10.2017;01.10.2017;24214;October;Oct;10;Friday;Fri;6;1;700
14.10.2017;20171014;2017;Q4-2017;8072;Q4;01.10.2017;01.10.2017;24214;October;Oct;10;Saturday;Sat;7;0;700
15.10.2017;20171015;2017;Q4-2017;8072;Q4;01.10.2017;01.10.2017;24214;October;Oct;10;Sunday;Sun;1;0;700
16.10.2017;20171016;2017;Q4-2017;8072;Q4;01.10.2017;01.10.2017;24214;October;Oct;10;Monday;Mon;2;1;701
17.10.2017;20171017;2017;Q4-2017;8072;Q4;01.10.2017;01.10.2017;24214;October;Oct;10;Tuesday;Tue;3;1;702
18.10.2017;20171018;2017;Q4-2017;8072;Q4;01.10.2017;01.10.2017;24214;October;Oct;10;Wednesday;Wed;4;1;703
19.10.2017;20171019;2017;Q4-2017;8072;Q4;01.10.2017;01.10.2017;24214;October;Oct;10;Thursday;Thu;5;1;704
20.10.2017;20171020;2017;Q4-2017;8072;Q4;01.10.2017;01.10.2017;24214;October;Oct;10;Friday;Fri;6;1;705
21.10.2017;20171021;2017;Q4-2017;8072;Q4;01.10.2017;01.10.2017;24214;October;Oct;10;Saturday;Sat;7;0;705
22.10.2017;20171022;2017;Q4-2017;8072;Q4;01.10.2017;01.10.2017;24214;October;Oct;10;Sunday;Sun;1;0;705
23.10.2017;20171023;2017;Q4-2017;8072;Q4;01.10.2017;01.10.2017;24214;October;Oct;10;Monday;Mon;2;1;706
24.10.2017;20171024;2017;Q4-2017;8072;Q4;01.10.2017;01.10.2017;24214;October;Oct;10;Tuesday;Tue;3;1;707
25.10.2017;20171025;2017;Q4-2017;8072;Q4;01.10.2017;01.10.2017;24214;October;Oct;10;Wednesday;Wed;4;1;708
26.10.2017;20171026;2017;Q4-2017;8072;Q4;01.10.2017;01.10.2017;24214;October;Oct;10;Thursday;Thu;5;1;709
27.10.2017;20171027;2017;Q4-2017;8072;Q4;01.10.2017;01.10.2017;24214;October;Oct;10;Friday;Fri;6;1;710
28.10.2017;20171028;2017;Q4-2017;8072;Q4;01.10.2017;01.10.2017;24214;October;Oct;10;Saturday;Sat;7;0;710
29.10.2017;20171029;2017;Q4-2017;8072;Q4;01.10.2017;01.10.2017;24214;October;Oct;10;Sunday;Sun;1;0;710
30.10.2017;20171030;2017;Q4-2017;8072;Q4;01.10.2017;01.10.2017;24214;October;Oct;10;Monday;Mon;2;1;711
31.10.2017;20171031;2017;Q4-2017;8072;Q4;01.10.2017;01.10.2017;24214;October;Oct;10;Tuesday;Tue;3;1;712
01.11.2017;20171101;2017;Q4-2017;8072;Q4;01.11.2017;01.11.2017;24215;November;Nov;11;Wednesday;Wed;4;1;713
02.11.2017;20171102;2017;Q4-2017;8072;Q4;01.11.2017;01.11.2017;24215;November;Nov;11;Thursday;Thu;5;1;714
03.11.2017;20171103;2017;Q4-2017;8072;Q4;01.11.2017;01.11.2017;24215;November;Nov;11;Friday;Fri;6;1;715
04.11.2017;20171104;2017;Q4-2017;8072;Q4;01.11.2017;01.11.2017;24215;November;Nov;11;Saturday;Sat;7;0;715
05.11.2017;20171105;2017;Q4-2017;8072;Q4;01.11.2017;01.11.2017;24215;November;Nov;11;Sunday;Sun;1;0;715
06.11.2017;20171106;2017;Q4-2017;8072;Q4;01.11.2017;01.11.2017;24215;November;Nov;11;Monday;Mon;2;1;716
07.11.2017;20171107;2017;Q4-2017;8072;Q4;01.11.2017;01.11.2017;24215;November;Nov;11;Tuesday;Tue;3;1;717
08.11.2017;20171108;2017;Q4-2017;8072;Q4;01.11.2017;01.11.2017;24215;November;Nov;11;Wednesday;Wed;4;1;718
09.11.2017;20171109;2017;Q4-2017;8072;Q4;01.11.2017;01.11.2017;24215;November;Nov;11;Thursday;Thu;5;1;719
10.11.2017;20171110;2017;Q4-2017;8072;Q4;01.11.2017;01.11.2017;24215;November;Nov;11;Friday;Fri;6;0;719
11.11.2017;20171111;2017;Q4-2017;8072;Q4;01.11.2017;01.11.2017;24215;November;Nov;11;Saturday;Sat;7;0;719
12.11.2017;20171112;2017;Q4-2017;8072;Q4;01.11.2017;01.11.2017;24215;November;Nov;11;Sunday;Sun;1;0;719
13.11.2017;20171113;2017;Q4-2017;8072;Q4;01.11.2017;01.11.2017;24215;November;Nov;11;Monday;Mon;2;1;720
14.11.2017;20171114;2017;Q4-2017;8072;Q4;01.11.2017;01.11.2017;24215;November;Nov;11;Tuesday;Tue;3;1;721
15.11.2017;20171115;2017;Q4-2017;8072;Q4;01.11.2017;01.11.2017;24215;November;Nov;11;Wednesday;Wed;4;1;722
16.11.2017;20171116;2017;Q4-2017;8072;Q4;01.11.2017;01.11.2017;24215;November;Nov;11;Thursday;Thu;5;1;723
17.11.2017;20171117;2017;Q4-2017;8072;Q4;01.11.2017;01.11.2017;24215;November;Nov;11;Friday;Fri;6;1;724
18.11.2017;20171118;2017;Q4-2017;8072;Q4;01.11.2017;01.11.2017;24215;November;Nov;11;Saturday;Sat;7;0;724
19.11.2017;20171119;2017;Q4-2017;8072;Q4;01.11.2017;01.11.2017;24215;November;Nov;11;Sunday;Sun;1;0;724
20.11.2017;20171120;2017;Q4-2017;8072;Q4;01.11.2017;01.11.2017;24215;November;Nov;11;Monday;Mon;2;1;725
21.11.2017;20171121;2017;Q4-2017;8072;Q4;01.11.2017;01.11.2017;24215;November;Nov;11;Tuesday;Tue;3;1;726
22.11.2017;20171122;2017;Q4-2017;8072;Q4;01.11.2017;01.11.2017;24215;November;Nov;11;Wednesday;Wed;4;1;727
23.11.2017;20171123;2017;Q4-2017;8072;Q4;01.11.2017;01.11.2017;24215;November;Nov;11;Thursday;Thu;5;0;727
24.11.2017;20171124;2017;Q4-2017;8072;Q4;01.11.2017;01.11.2017;24215;November;Nov;11;Friday;Fri;6;1;728
25.11.2017;20171125;2017;Q4-2017;8072;Q4;01.11.2017;01.11.2017;24215;November;Nov;11;Saturday;Sat;7;0;728
26.11.2017;20171126;2017;Q4-2017;8072;Q4;01.11.2017;01.11.2017;24215;November;Nov;11;Sunday;Sun;1;0;728
27.11.2017;20171127;2017;Q4-2017;8072;Q4;01.11.2017;01.11.2017;24215;November;Nov;11;Monday;Mon;2;1;729
28.11.2017;20171128;2017;Q4-2017;8072;Q4;01.11.2017;01.11.2017;24215;November;Nov;11;Tuesday;Tue;3;1;730
29.11.2017;20171129;2017;Q4-2017;8072;Q4;01.11.2017;01.11.2017;24215;November;Nov;11;Wednesday;Wed;4;1;731
30.11.2017;20171130;2017;Q4-2017;8072;Q4;01.11.2017;01.11.2017;24215;November;Nov;11;Thursday;Thu;5;1;732
01.12.2017;20171201;2017;Q4-2017;8072;Q4;01.12.2017;01.12.2017;24216;December;Dec;12;Friday;Fri;6;1;733
02.12.2017;20171202;2017;Q4-2017;8072;Q4;01.12.2017;01.12.2017;24216;December;Dec;12;Saturday;Sat;7;0;733
03.12.2017;20171203;2017;Q4-2017;8072;Q4;01.12.2017;01.12.2017;24216;December;Dec;12;Sunday;Sun;1;0;733
04.12.2017;20171204;2017;Q4-2017;8072;Q4;01.12.2017;01.12.2017;24216;December;Dec;12;Monday;Mon;2;1;734
05.12.2017;20171205;2017;Q4-2017;8072;Q4;01.12.2017;01.12.2017;24216;December;Dec;12;Tuesday;Tue;3;1;735
06.12.2017;20171206;2017;Q4-2017;8072;Q4;01.12.2017;01.12.2017;24216;December;Dec;12;Wednesday;Wed;4;1;736
07.12.2017;20171207;2017;Q4-2017;8072;Q4;01.12.2017;01.12.2017;24216;December;Dec;12;Thursday;Thu;5;1;737
08.12.2017;20171208;2017;Q4-2017;8072;Q4;01.12.2017;01.12.2017;24216;December;Dec;12;Friday;Fri;6;1;738
09.12.2017;20171209;2017;Q4-2017;8072;Q4;01.12.2017;01.12.2017;24216;December;Dec;12;Saturday;Sat;7;0;738
10.12.2017;20171210;2017;Q4-2017;8072;Q4;01.12.2017;01.12.2017;24216;December;Dec;12;Sunday;Sun;1;0;738
11.12.2017;20171211;2017;Q4-2017;8072;Q4;01.12.2017;01.12.2017;24216;December;Dec;12;Monday;Mon;2;1;739
12.12.2017;20171212;2017;Q4-2017;8072;Q4;01.12.2017;01.12.2017;24216;December;Dec;12;Tuesday;Tue;3;1;740
13.12.2017;20171213;2017;Q4-2017;8072;Q4;01.12.2017;01.12.2017;24216;December;Dec;12;Wednesday;Wed;4;1;741
14.12.2017;20171214;2017;Q4-2017;8072;Q4;01.12.2017;01.12.2017;24216;December;Dec;12;Thursday;Thu;5;1;742
15.12.2017;20171215;2017;Q4-2017;8072;Q4;01.12.2017;01.12.2017;24216;December;Dec;12;Friday;Fri;6;1;743
16.12.2017;20171216;2017;Q4-2017;8072;Q4;01.12.2017;01.12.2017;24216;December;Dec;12;Saturday;Sat;7;0;743
17.12.2017;20171217;2017;Q4-2017;8072;Q4;01.12.2017;01.12.2017;24216;December;Dec;12;Sunday;Sun;1;0;743
18.12.2017;20171218;2017;Q4-2017;8072;Q4;01.12.2017;01.12.2017;24216;December;Dec;12;Monday;Mon;2;1;744
19.12.2017;20171219;2017;Q4-2017;8072;Q4;01.12.2017;01.12.2017;24216;December;Dec;12;Tuesday;Tue;3;1;745
20.12.2017;20171220;2017;Q4-2017;8072;Q4;01.12.2017;01.12.2017;24216;December;Dec;12;Wednesday;Wed;4;1;746
21.12.2017;20171221;2017;Q4-2017;8072;Q4;01.12.2017;01.12.2017;24216;December;Dec;12;Thursday;Thu;5;1;747
22.12.2017;20171222;2017;Q4-2017;8072;Q4;01.12.2017;01.12.2017;24216;December;Dec;12;Friday;Fri;6;1;748
23.12.2017;20171223;2017;Q4-2017;8072;Q4;01.12.2017;01.12.2017;24216;December;Dec;12;Saturday;Sat;7;0;748
24.12.2017;20171224;2017;Q4-2017;8072;Q4;01.12.2017;01.12.2017;24216;December;Dec;12;Sunday;Sun;1;0;748
25.12.2017;20171225;2017;Q4-2017;8072;Q4;01.12.2017;01.12.2017;24216;December;Dec;12;Monday;Mon;2;0;748
26.12.2017;20171226;2017;Q4-2017;8072;Q4;01.12.2017;01.12.2017;24216;December;Dec;12;Tuesday;Tue;3;1;749
27.12.2017;20171227;2017;Q4-2017;8072;Q4;01.12.2017;01.12.2017;24216;December;Dec;12;Wednesday;Wed;4;1;750
28.12.2017;20171228;2017;Q4-2017;8072;Q4;01.12.2017;01.12.2017;24216;December;Dec;12;Thursday;Thu;5;1;751
29.12.2017;20171229;2017;Q4-2017;8072;Q4;01.12.2017;01.12.2017;24216;December;Dec;12;Friday;Fri;6;1;752
30.12.2017;20171230;2017;Q4-2017;8072;Q4;01.12.2017;01.12.2017;24216;December;Dec;12;Saturday;Sat;7;0;752
31.12.2017;20171231;2017;Q4-2017;8072;Q4;01.12.2017;01.12.2017;24216;December;Dec;12;Sunday;Sun;1;0;752
01.01.2018;20180101;2018;Q1-2018;8073;Q1;01.01.2018;01.01.2018;24217;January;Jan;1;Monday;Mon;2;0;752
02.01.2018;20180102;2018;Q1-2018;8073;Q1;01.01.2018;01.01.2018;24217;January;Jan;1;Tuesday;Tue;3;1;753
03.01.2018;20180103;2018;Q1-2018;8073;Q1;01.01.2018;01.01.2018;24217;January;Jan;1;Wednesday;Wed;4;1;754
04.01.2018;20180104;2018;Q1-2018;8073;Q1;01.01.2018;01.01.2018;24217;January;Jan;1;Thursday;Thu;5;1;755
05.01.2018;20180105;2018;Q1-2018;8073;Q1;01.01.2018;01.01.2018;24217;January;Jan;1;Friday;Fri;6;1;756
06.01.2018;20180106;2018;Q1-2018;8073;Q1;01.01.2018;01.01.2018;24217;January;Jan;1;Saturday;Sat;7;0;756
07.01.2018;20180107;2018;Q1-2018;8073;Q1;01.01.2018;01.01.2018;24217;January;Jan;1;Sunday;Sun;1;0;756
08.01.2018;20180108;2018;Q1-2018;8073;Q1;01.01.2018;01.01.2018;24217;January;Jan;1;Monday;Mon;2;1;757
09.01.2018;20180109;2018;Q1-2018;8073;Q1;01.01.2018;01.01.2018;24217;January;Jan;1;Tuesday;Tue;3;1;758
10.01.2018;20180110;2018;Q1-2018;8073;Q1;01.01.2018;01.01.2018;24217;January;Jan;1;Wednesday;Wed;4;1;759
11.01.2018;20180111;2018;Q1-2018;8073;Q1;01.01.2018;01.01.2018;24217;January;Jan;1;Thursday;Thu;5;1;760
12.01.2018;20180112;2018;Q1-2018;8073;Q1;01.01.2018;01.01.2018;24217;January;Jan;1;Friday;Fri;6;1;761
13.01.2018;20180113;2018;Q1-2018;8073;Q1;01.01.2018;01.01.2018;24217;January;Jan;1;Saturday;Sat;7;0;761
14.01.2018;20180114;2018;Q1-2018;8073;Q1;01.01.2018;01.01.2018;24217;January;Jan;1;Sunday;Sun;1;0;761
15.01.2018;20180115;2018;Q1-2018;8073;Q1;01.01.2018;01.01.2018;24217;January;Jan;1;Monday;Mon;2;0;761
16.01.2018;20180116;2018;Q1-2018;8073;Q1;01.01.2018;01.01.2018;24217;January;Jan;1;Tuesday;Tue;3;1;762
17.01.2018;20180117;2018;Q1-2018;8073;Q1;01.01.2018;01.01.2018;24217;January;Jan;1;Wednesday;Wed;4;1;763
18.01.2018;20180118;2018;Q1-2018;8073;Q1;01.01.2018;01.01.2018;24217;January;Jan;1;Thursday;Thu;5;1;764
19.01.2018;20180119;2018;Q1-2018;8073;Q1;01.01.2018;01.01.2018;24217;January;Jan;1;Friday;Fri;6;1;765
20.01.2018;20180120;2018;Q1-2018;8073;Q1;01.01.2018;01.01.2018;24217;January;Jan;1;Saturday;Sat;7;0;765
21.01.2018;20180121;2018;Q1-2018;8073;Q1;01.01.2018;01.01.2018;24217;January;Jan;1;Sunday;Sun;1;0;765
22.01.2018;20180122;2018;Q1-2018;8073;Q1;01.01.2018;01.01.2018;24217;January;Jan;1;Monday;Mon;2;1;766
23.01.2018;20180123;2018;Q1-2018;8073;Q1;01.01.2018;01.01.2018;24217;January;Jan;1;Tuesday;Tue;3;1;767
24.01.2018;20180124;2018;Q1-2018;8073;Q1;01.01.2018;01.01.2018;24217;January;Jan;1;Wednesday;Wed;4;1;768
25.01.2018;20180125;2018;Q1-2018;8073;Q1;01.01.2018;01.01.2018;24217;January;Jan;1;Thursday;Thu;5;1;769
26.01.2018;20180126;2018;Q1-2018;8073;Q1;01.01.2018;01.01.2018;24217;January;Jan;1;Friday;Fri;6;1;770
27.01.2018;20180127;2018;Q1-2018;8073;Q1;01.01.2018;01.01.2018;24217;January;Jan;1;Saturday;Sat;7;0;770
28.01.2018;20180128;2018;Q1-2018;8073;Q1;01.01.2018;01.01.2018;24217;January;Jan;1;Sunday;Sun;1;0;770
29.01.2018;20180129;2018;Q1-2018;8073;Q1;01.01.2018;01.01.2018;24217;January;Jan;1;Monday;Mon;2;1;771
30.01.2018;20180130;2018;Q1-2018;8073;Q1;01.01.2018;01.01.2018;24217;January;Jan;1;Tuesday;Tue;3;1;772
31.01.2018;20180131;2018;Q1-2018;8073;Q1;01.01.2018;01.01.2018;24217;January;Jan;1;Wednesday;Wed;4;1;773
01.02.2018;20180201;2018;Q1-2018;8073;Q1;01.02.2018;01.02.2018;24218;February;Feb;2;Thursday;Thu;5;1;774
02.02.2018;20180202;2018;Q1-2018;8073;Q1;01.02.2018;01.02.2018;24218;February;Feb;2;Friday;Fri;6;1;775
03.02.2018;20180203;2018;Q1-2018;8073;Q1;01.02.2018;01.02.2018;24218;February;Feb;2;Saturday;Sat;7;0;775
04.02.2018;20180204;2018;Q1-2018;8073;Q1;01.02.2018;01.02.2018;24218;February;Feb;2;Sunday;Sun;1;0;775
05.02.2018;20180205;2018;Q1-2018;8073;Q1;01.02.2018;01.02.2018;24218;February;Feb;2;Monday;Mon;2;1;776
06.02.2018;20180206;2018;Q1-2018;8073;Q1;01.02.2018;01.02.2018;24218;February;Feb;2;Tuesday;Tue;3;1;777
07.02.2018;20180207;2018;Q1-2018;8073;Q1;01.02.2018;01.02.2018;24218;February;Feb;2;Wednesday;Wed;4;1;778
08.02.2018;20180208;2018;Q1-2018;8073;Q1;01.02.2018;01.02.2018;24218;February;Feb;2;Thursday;Thu;5;1;779
09.02.2018;20180209;2018;Q1-2018;8073;Q1;01.02.2018;01.02.2018;24218;February;Feb;2;Friday;Fri;6;1;780
10.02.2018;20180210;2018;Q1-2018;8073;Q1;01.02.2018;01.02.2018;24218;February;Feb;2;Saturday;Sat;7;0;780
11.02.2018;20180211;2018;Q1-2018;8073;Q1;01.02.2018;01.02.2018;24218;February;Feb;2;Sunday;Sun;1;0;780
12.02.2018;20180212;2018;Q1-2018;8073;Q1;01.02.2018;01.02.2018;24218;February;Feb;2;Monday;Mon;2;1;781
13.02.2018;20180213;2018;Q1-2018;8073;Q1;01.02.2018;01.02.2018;24218;February;Feb;2;Tuesday;Tue;3;1;782
14.02.2018;20180214;2018;Q1-2018;8073;Q1;01.02.2018;01.02.2018;24218;February;Feb;2;Wednesday;Wed;4;1;783
15.02.2018;20180215;2018;Q1-2018;8073;Q1;01.02.2018;01.02.2018;24218;February;Feb;2;Thursday;Thu;5;1;784
16.02.2018;20180216;2018;Q1-2018;8073;Q1;01.02.2018;01.02.2018;24218;February;Feb;2;Friday;Fri;6;1;785
17.02.2018;20180217;2018;Q1-2018;8073;Q1;01.02.2018;01.02.2018;24218;February;Feb;2;Saturday;Sat;7;0;785
18.02.2018;20180218;2018;Q1-2018;8073;Q1;01.02.2018;01.02.2018;24218;February;Feb;2;Sunday;Sun;1;0;785
19.02.2018;20180219;2018;Q1-2018;8073;Q1;01.02.2018;01.02.2018;24218;February;Feb;2;Monday;Mon;2;0;785
20.02.2018;20180220;2018;Q1-2018;8073;Q1;01.02.2018;01.02.2018;24218;February;Feb;2;Tuesday;Tue;3;1;786
21.02.2018;20180221;2018;Q1-2018;8073;Q1;01.02.2018;01.02.2018;24218;February;Feb;2;Wednesday;Wed;4;1;787
22.02.2018;20180222;2018;Q1-2018;8073;Q1;01.02.2018;01.02.2018;24218;February;Feb;2;Thursday;Thu;5;1;788
23.02.2018;20180223;2018;Q1-2018;8073;Q1;01.02.2018;01.02.2018;24218;February;Feb;2;Friday;Fri;6;1;789
24.02.2018;20180224;2018;Q1-2018;8073;Q1;01.02.2018;01.02.2018;24218;February;Feb;2;Saturday;Sat;7;0;789
25.02.2018;20180225;2018;Q1-2018;8073;Q1;01.02.2018;01.02.2018;24218;February;Feb;2;Sunday;Sun;1;0;789
26.02.2018;20180226;2018;Q1-2018;8073;Q1;01.02.2018;01.02.2018;24218;February;Feb;2;Monday;Mon;2;1;790
27.02.2018;20180227;2018;Q1-2018;8073;Q1;01.02.2018;01.02.2018;24218;February;Feb;2;Tuesday;Tue;3;1;791
28.02.2018;20180228;2018;Q1-2018;8073;Q1;01.02.2018;01.02.2018;24218;February;Feb;2;Wednesday;Wed;4;1;792
01.03.2018;20180301;2018;Q1-2018;8073;Q1;01.03.2018;01.03.2018;24219;March;Mar;3;Thursday;Thu;5;1;793
02.03.2018;20180302;2018;Q1-2018;8073;Q1;01.03.2018;01.03.2018;24219;March;Mar;3;Friday;Fri;6;1;794
03.03.2018;20180303;2018;Q1-2018;8073;Q1;01.03.2018;01.03.2018;24219;March;Mar;3;Saturday;Sat;7;0;794
04.03.2018;20180304;2018;Q1-2018;8073;Q1;01.03.2018;01.03.2018;24219;March;Mar;3;Sunday;Sun;1;0;794
05.03.2018;20180305;2018;Q1-2018;8073;Q1;01.03.2018;01.03.2018;24219;March;Mar;3;Monday;Mon;2;1;795
06.03.2018;20180306;2018;Q1-2018;8073;Q1;01.03.2018;01.03.2018;24219;March;Mar;3;Tuesday;Tue;3;1;796
07.03.2018;20180307;2018;Q1-2018;8073;Q1;01.03.2018;01.03.2018;24219;March;Mar;3;Wednesday;Wed;4;1;797
08.03.2018;20180308;2018;Q1-2018;8073;Q1;01.03.2018;01.03.2018;24219;March;Mar;3;Thursday;Thu;5;1;798
09.03.2018;20180309;2018;Q1-2018;8073;Q1;01.03.2018;01.03.2018;24219;March;Mar;3;Friday;Fri;6;1;799
10.03.2018;20180310;2018;Q1-2018;8073;Q1;01.03.2018;01.03.2018;24219;March;Mar;3;Saturday;Sat;7;0;799
11.03.2018;20180311;2018;Q1-2018;8073;Q1;01.03.2018;01.03.2018;24219;March;Mar;3;Sunday;Sun;1;0;799
12.03.2018;20180312;2018;Q1-2018;8073;Q1;01.03.2018;01.03.2018;24219;March;Mar;3;Monday;Mon;2;1;800
13.03.2018;20180313;2018;Q1-2018;8073;Q1;01.03.2018;01.03.2018;24219;March;Mar;3;Tuesday;Tue;3;1;801
14.03.2018;20180314;2018;Q1-2018;8073;Q1;01.03.2018;01.03.2018;24219;March;Mar;3;Wednesday;Wed;4;1;802
15.03.2018;20180315;2018;Q1-2018;8073;Q1;01.03.2018;01.03.2018;24219;March;Mar;3;Thursday;Thu;5;1;803
16.03.2018;20180316;2018;Q1-2018;8073;Q1;01.03.2018;01.03.2018;24219;March;Mar;3;Friday;Fri;6;1;804
17.03.2018;20180317;2018;Q1-2018;8073;Q1;01.03.2018;01.03.2018;24219;March;Mar;3;Saturday;Sat;7;0;804
18.03.2018;20180318;2018;Q1-2018;8073;Q1;01.03.2018;01.03.2018;24219;March;Mar;3;Sunday;Sun;1;0;804
19.03.2018;20180319;2018;Q1-2018;8073;Q1;01.03.2018;01.03.2018;24219;March;Mar;3;Monday;Mon;2;1;805
20.03.2018;20180320;2018;Q1-2018;8073;Q1;01.03.2018;01.03.2018;24219;March;Mar;3;Tuesday;Tue;3;1;806
21.03.2018;20180321;2018;Q1-2018;8073;Q1;01.03.2018;01.03.2018;24219;March;Mar;3;Wednesday;Wed;4;1;807
22.03.2018;20180322;2018;Q1-2018;8073;Q1;01.03.2018;01.03.2018;24219;March;Mar;3;Thursday;Thu;5;1;808
23.03.2018;20180323;2018;Q1-2018;8073;Q1;01.03.2018;01.03.2018;24219;March;Mar;3;Friday;Fri;6;1;809
24.03.2018;20180324;2018;Q1-2018;8073;Q1;01.03.2018;01.03.2018;24219;March;Mar;3;Saturday;Sat;7;0;809
25.03.2018;20180325;2018;Q1-2018;8073;Q1;01.03.2018;01.03.2018;24219;March;Mar;3;Sunday;Sun;1;0;809
26.03.2018;20180326;2018;Q1-2018;8073;Q1;01.03.2018;01.03.2018;24219;March;Mar;3;Monday;Mon;2;1;810
27.03.2018;20180327;2018;Q1-2018;8073;Q1;01.03.2018;01.03.2018;24219;March;Mar;3;Tuesday;Tue;3;1;811
28.03.2018;20180328;2018;Q1-2018;8073;Q1;01.03.2018;01.03.2018;24219;March;Mar;3;Wednesday;Wed;4;1;812
29.03.2018;20180329;2018;Q1-2018;8073;Q1;01.03.2018;01.03.2018;24219;March;Mar;3;Thursday;Thu;5;1;813
30.03.2018;20180330;2018;Q1-2018;8073;Q1;01.03.2018;01.03.2018;24219;March;Mar;3;Friday;Fri;6;1;814
31.03.2018;20180331;2018;Q1-2018;8073;Q1;01.03.2018;01.03.2018;24219;March;Mar;3;Saturday;Sat;7;0;814
01.04.2018;20180401;2018;Q2-2018;8074;Q2;01.04.2018;01.04.2018;24220;April;Apr;4;Sunday;Sun;1;0;814
02.04.2018;20180402;2018;Q2-2018;8074;Q2;01.04.2018;01.04.2018;24220;April;Apr;4;Monday;Mon;2;1;815
03.04.2018;20180403;2018;Q2-2018;8074;Q2;01.04.2018;01.04.2018;24220;April;Apr;4;Tuesday;Tue;3;1;816
04.04.2018;20180404;2018;Q2-2018;8074;Q2;01.04.2018;01.04.2018;24220;April;Apr;4;Wednesday;Wed;4;1;817
05.04.2018;20180405;2018;Q2-2018;8074;Q2;01.04.2018;01.04.2018;24220;April;Apr;4;Thursday;Thu;5;1;818
06.04.2018;20180406;2018;Q2-2018;8074;Q2;01.04.2018;01.04.2018;24220;April;Apr;4;Friday;Fri;6;1;819
07.04.2018;20180407;2018;Q2-2018;8074;Q2;01.04.2018;01.04.2018;24220;April;Apr;4;Saturday;Sat;7;0;819
08.04.2018;20180408;2018;Q2-2018;8074;Q2;01.04.2018;01.04.2018;24220;April;Apr;4;Sunday;Sun;1;0;819
09.04.2018;20180409;2018;Q2-2018;8074;Q2;01.04.2018;01.04.2018;24220;April;Apr;4;Monday;Mon;2;1;820
10.04.2018;20180410;2018;Q2-2018;8074;Q2;01.04.2018;01.04.2018;24220;April;Apr;4;Tuesday;Tue;3;1;821
11.04.2018;20180411;2018;Q2-2018;8074;Q2;01.04.2018;01.04.2018;24220;April;Apr;4;Wednesday;Wed;4;1;822
12.04.2018;20180412;2018;Q2-2018;8074;Q2;01.04.2018;01.04.2018;24220;April;Apr;4;Thursday;Thu;5;1;823
13.04.2018;20180413;2018;Q2-2018;8074;Q2;01.04.2018;01.04.2018;24220;April;Apr;4;Friday;Fri;6;1;824
14.04.2018;20180414;2018;Q2-2018;8074;Q2;01.04.2018;01.04.2018;24220;April;Apr;4;Saturday;Sat;7;0;824
15.04.2018;20180415;2018;Q2-2018;8074;Q2;01.04.2018;01.04.2018;24220;April;Apr;4;Sunday;Sun;1;0;824
16.04.2018;20180416;2018;Q2-2018;8074;Q2;01.04.2018;01.04.2018;24220;April;Apr;4;Monday;Mon;2;1;825
17.04.2018;20180417;2018;Q2-2018;8074;Q2;01.04.2018;01.04.2018;24220;April;Apr;4;Tuesday;Tue;3;1;826
18.04.2018;20180418;2018;Q2-2018;8074;Q2;01.04.2018;01.04.2018;24220;April;Apr;4;Wednesday;Wed;4;1;827
19.04.2018;20180419;2018;Q2-2018;8074;Q2;01.04.2018;01.04.2018;24220;April;Apr;4;Thursday;Thu;5;1;828
20.04.2018;20180420;2018;Q2-2018;8074;Q2;01.04.2018;01.04.2018;24220;April;Apr;4;Friday;Fri;6;1;829
21.04.2018;20180421;2018;Q2-2018;8074;Q2;01.04.2018;01.04.2018;24220;April;Apr;4;Saturday;Sat;7;0;829
22.04.2018;20180422;2018;Q2-2018;8074;Q2;01.04.2018;01.04.2018;24220;April;Apr;4;Sunday;Sun;1;0;829
23.04.2018;20180423;2018;Q2-2018;8074;Q2;01.04.2018;01.04.2018;24220;April;Apr;4;Monday;Mon;2;1;830
24.04.2018;20180424;2018;Q2-2018;8074;Q2;01.04.2018;01.04.2018;24220;April;Apr;4;Tuesday;Tue;3;1;831
25.04.2018;20180425;2018;Q2-2018;8074;Q2;01.04.2018;01.04.2018;24220;April;Apr;4;Wednesday;Wed;4;1;832
26.04.2018;20180426;2018;Q2-2018;8074;Q2;01.04.2018;01.04.2018;24220;April;Apr;4;Thursday;Thu;5;1;833
27.04.2018;20180427;2018;Q2-2018;8074;Q2;01.04.2018;01.04.2018;24220;April;Apr;4;Friday;Fri;6;1;834
28.04.2018;20180428;2018;Q2-2018;8074;Q2;01.04.2018;01.04.2018;24220;April;Apr;4;Saturday;Sat;7;0;834
29.04.2018;20180429;2018;Q2-2018;8074;Q2;01.04.2018;01.04.2018;24220;April;Apr;4;Sunday;Sun;1;0;834
30.04.2018;20180430;2018;Q2-2018;8074;Q2;01.04.2018;01.04.2018;24220;April;Apr;4;Monday;Mon;2;1;835
01.05.2018;20180501;2018;Q2-2018;8074;Q2;01.05.2018;01.05.2018;24221;May;May;5;Tuesday;Tue;3;1;836
02.05.2018;20180502;2018;Q2-2018;8074;Q2;01.05.2018;01.05.2018;24221;May;May;5;Wednesday;Wed;4;1;837
03.05.2018;20180503;2018;Q2-2018;8074;Q2;01.05.2018;01.05.2018;24221;May;May;5;Thursday;Thu;5;1;838
04.05.2018;20180504;2018;Q2-2018;8074;Q2;01.05.2018;01.05.2018;24221;May;May;5;Friday;Fri;6;1;839
05.05.2018;20180505;2018;Q2-2018;8074;Q2;01.05.2018;01.05.2018;24221;May;May;5;Saturday;Sat;7;0;839
06.05.2018;20180506;2018;Q2-2018;8074;Q2;01.05.2018;01.05.2018;24221;May;May;5;Sunday;Sun;1;0;839
07.05.2018;20180507;2018;Q2-2018;8074;Q2;01.05.2018;01.05.2018;24221;May;May;5;Monday;Mon;2;1;840
08.05.2018;20180508;2018;Q2-2018;8074;Q2;01.05.2018;01.05.2018;24221;May;May;5;Tuesday;Tue;3;1;841
09.05.2018;20180509;2018;Q2-2018;8074;Q2;01.05.2018;01.05.2018;24221;May;May;5;Wednesday;Wed;4;1;842
10.05.2018;20180510;2018;Q2-2018;8074;Q2;01.05.2018;01.05.2018;24221;May;May;5;Thursday;Thu;5;1;843
11.05.2018;20180511;2018;Q2-2018;8074;Q2;01.05.2018;01.05.2018;24221;May;May;5;Friday;Fri;6;1;844
12.05.2018;20180512;2018;Q2-2018;8074;Q2;01.05.2018;01.05.2018;24221;May;May;5;Saturday;Sat;7;0;844
13.05.2018;20180513;2018;Q2-2018;8074;Q2;01.05.2018;01.05.2018;24221;May;May;5;Sunday;Sun;1;0;844
14.05.2018;20180514;2018;Q2-2018;8074;Q2;01.05.2018;01.05.2018;24221;May;May;5;Monday;Mon;2;1;845
15.05.2018;20180515;2018;Q2-2018;8074;Q2;01.05.2018;01.05.2018;24221;May;May;5;Tuesday;Tue;3;1;846
16.05.2018;20180516;2018;Q2-2018;8074;Q2;01.05.2018;01.05.2018;24221;May;May;5;Wednesday;Wed;4;1;847
17.05.2018;20180517;2018;Q2-2018;8074;Q2;01.05.2018;01.05.2018;24221;May;May;5;Thursday;Thu;5;1;848
18.05.2018;20180518;2018;Q2-2018;8074;Q2;01.05.2018;01.05.2018;24221;May;May;5;Friday;Fri;6;1;849
19.05.2018;20180519;2018;Q2-2018;8074;Q2;01.05.2018;01.05.2018;24221;May;May;5;Saturday;Sat;7;0;849
20.05.2018;20180520;2018;Q2-2018;8074;Q2;01.05.2018;01.05.2018;24221;May;May;5;Sunday;Sun;1;0;849
21.05.2018;20180521;2018;Q2-2018;8074;Q2;01.05.2018;01.05.2018;24221;May;May;5;Monday;Mon;2;1;850
22.05.2018;20180522;2018;Q2-2018;8074;Q2;01.05.2018;01.05.2018;24221;May;May;5;Tuesday;Tue;3;1;851
23.05.2018;20180523;2018;Q2-2018;8074;Q2;01.05.2018;01.05.2018;24221;May;May;5;Wednesday;Wed;4;1;852
24.05.2018;20180524;2018;Q2-2018;8074;Q2;01.05.2018;01.05.2018;24221;May;May;5;Thursday;Thu;5;1;853
25.05.2018;20180525;2018;Q2-2018;8074;Q2;01.05.2018;01.05.2018;24221;May;May;5;Friday;Fri;6;1;854
26.05.2018;20180526;2018;Q2-2018;8074;Q2;01.05.2018;01.05.2018;24221;May;May;5;Saturday;Sat;7;0;854
27.05.2018;20180527;2018;Q2-2018;8074;Q2;01.05.2018;01.05.2018;24221;May;May;5;Sunday;Sun;1;0;854
28.05.2018;20180528;2018;Q2-2018;8074;Q2;01.05.2018;01.05.2018;24221;May;May;5;Monday;Mon;2;0;854
29.05.2018;20180529;2018;Q2-2018;8074;Q2;01.05.2018;01.05.2018;24221;May;May;5;Tuesday;Tue;3;1;855
30.05.2018;20180530;2018;Q2-2018;8074;Q2;01.05.2018;01.05.2018;24221;May;May;5;Wednesday;Wed;4;1;856
31.05.2018;20180531;2018;Q2-2018;8074;Q2;01.05.2018;01.05.2018;24221;May;May;5;Thursday;Thu;5;1;857
01.06.2018;20180601;2018;Q2-2018;8074;Q2;01.06.2018;01.06.2018;24222;June;Jun;6;Friday;Fri;6;1;858
02.06.2018;20180602;2018;Q2-2018;8074;Q2;01.06.2018;01.06.2018;24222;June;Jun;6;Saturday;Sat;7;0;858
03.06.2018;20180603;2018;Q2-2018;8074;Q2;01.06.2018;01.06.2018;24222;June;Jun;6;Sunday;Sun;1;0;858
04.06.2018;20180604;2018;Q2-2018;8074;Q2;01.06.2018;01.06.2018;24222;June;Jun;6;Monday;Mon;2;1;859
05.06.2018;20180605;2018;Q2-2018;8074;Q2;01.06.2018;01.06.2018;24222;June;Jun;6;Tuesday;Tue;3;1;860
06.06.2018;20180606;2018;Q2-2018;8074;Q2;01.06.2018;01.06.2018;24222;June;Jun;6;Wednesday;Wed;4;1;861
07.06.2018;20180607;2018;Q2-2018;8074;Q2;01.06.2018;01.06.2018;24222;June;Jun;6;Thursday;Thu;5;1;862
08.06.2018;20180608;2018;Q2-2018;8074;Q2;01.06.2018;01.06.2018;24222;June;Jun;6;Friday;Fri;6;1;863
09.06.2018;20180609;2018;Q2-2018;8074;Q2;01.06.2018;01.06.2018;24222;June;Jun;6;Saturday;Sat;7;0;863
10.06.2018;20180610;2018;Q2-2018;8074;Q2;01.06.2018;01.06.2018;24222;June;Jun;6;Sunday;Sun;1;0;863
11.06.2018;20180611;2018;Q2-2018;8074;Q2;01.06.2018;01.06.2018;24222;June;Jun;6;Monday;Mon;2;1;864
12.06.2018;20180612;2018;Q2-2018;8074;Q2;01.06.2018;01.06.2018;24222;June;Jun;6;Tuesday;Tue;3;1;865
13.06.2018;20180613;2018;Q2-2018;8074;Q2;01.06.2018;01.06.2018;24222;June;Jun;6;Wednesday;Wed;4;1;866
14.06.2018;20180614;2018;Q2-2018;8074;Q2;01.06.2018;01.06.2018;24222;June;Jun;6;Thursday;Thu;5;1;867
15.06.2018;20180615;2018;Q2-2018;8074;Q2;01.06.2018;01.06.2018;24222;June;Jun;6;Friday;Fri;6;1;868
16.06.2018;20180616;2018;Q2-2018;8074;Q2;01.06.2018;01.06.2018;24222;June;Jun;6;Saturday;Sat;7;0;868
17.06.2018;20180617;2018;Q2-2018;8074;Q2;01.06.2018;01.06.2018;24222;June;Jun;6;Sunday;Sun;1;0;868
18.06.2018;20180618;2018;Q2-2018;8074;Q2;01.06.2018;01.06.2018;24222;June;Jun;6;Monday;Mon;2;1;869
19.06.2018;20180619;2018;Q2-2018;8074;Q2;01.06.2018;01.06.2018;24222;June;Jun;6;Tuesday;Tue;3;1;870
20.06.2018;20180620;2018;Q2-2018;8074;Q2;01.06.2018;01.06.2018;24222;June;Jun;6;Wednesday;Wed;4;1;871
21.06.2018;20180621;2018;Q2-2018;8074;Q2;01.06.2018;01.06.2018;24222;June;Jun;6;Thursday;Thu;5;1;872
22.06.2018;20180622;2018;Q2-2018;8074;Q2;01.06.2018;01.06.2018;24222;June;Jun;6;Friday;Fri;6;1;873
23.06.2018;20180623;2018;Q2-2018;8074;Q2;01.06.2018;01.06.2018;24222;June;Jun;6;Saturday;Sat;7;0;873
24.06.2018;20180624;2018;Q2-2018;8074;Q2;01.06.2018;01.06.2018;24222;June;Jun;6;Sunday;Sun;1;0;873
25.06.2018;20180625;2018;Q2-2018;8074;Q2;01.06.2018;01.06.2018;24222;June;Jun;6;Monday;Mon;2;1;874
26.06.2018;20180626;2018;Q2-2018;8074;Q2;01.06.2018;01.06.2018;24222;June;Jun;6;Tuesday;Tue;3;1;875
27.06.2018;20180627;2018;Q2-2018;8074;Q2;01.06.2018;01.06.2018;24222;June;Jun;6;Wednesday;Wed;4;1;876
28.06.2018;20180628;2018;Q2-2018;8074;Q2;01.06.2018;01.06.2018;24222;June;Jun;6;Thursday;Thu;5;1;877
29.06.2018;20180629;2018;Q2-2018;8074;Q2;01.06.2018;01.06.2018;24222;June;Jun;6;Friday;Fri;6;1;878
30.06.2018;20180630;2018;Q2-2018;8074;Q2;01.06.2018;01.06.2018;24222;June;Jun;6;Saturday;Sat;7;0;878
01.07.2018;20180701;2018;Q3-2018;8075;Q3;01.07.2018;01.07.2018;24223;July;Jul;7;Sunday;Sun;1;0;878
02.07.2018;20180702;2018;Q3-2018;8075;Q3;01.07.2018;01.07.2018;24223;July;Jul;7;Monday;Mon;2;1;879
03.07.2018;20180703;2018;Q3-2018;8075;Q3;01.07.2018;01.07.2018;24223;July;Jul;7;Tuesday;Tue;3;1;880
04.07.2018;20180704;2018;Q3-2018;8075;Q3;01.07.2018;01.07.2018;24223;July;Jul;7;Wednesday;Wed;4;0;880
05.07.2018;20180705;2018;Q3-2018;8075;Q3;01.07.2018;01.07.2018;24223;July;Jul;7;Thursday;Thu;5;1;881
06.07.2018;20180706;2018;Q3-2018;8075;Q3;01.07.2018;01.07.2018;24223;July;Jul;7;Friday;Fri;6;1;882
07.07.2018;20180707;2018;Q3-2018;8075;Q3;01.07.2018;01.07.2018;24223;July;Jul;7;Saturday;Sat;7;0;882
08.07.2018;20180708;2018;Q3-2018;8075;Q3;01.07.2018;01.07.2018;24223;July;Jul;7;Sunday;Sun;1;0;882
09.07.2018;20180709;2018;Q3-2018;8075;Q3;01.07.2018;01.07.2018;24223;July;Jul;7;Monday;Mon;2;1;883
10.07.2018;20180710;2018;Q3-2018;8075;Q3;01.07.2018;01.07.2018;24223;July;Jul;7;Tuesday;Tue;3;1;884
11.07.2018;20180711;2018;Q3-2018;8075;Q3;01.07.2018;01.07.2018;24223;July;Jul;7;Wednesday;Wed;4;1;885
12.07.2018;20180712;2018;Q3-2018;8075;Q3;01.07.2018;01.07.2018;24223;July;Jul;7;Thursday;Thu;5;1;886
13.07.2018;20180713;2018;Q3-2018;8075;Q3;01.07.2018;01.07.2018;24223;July;Jul;7;Friday;Fri;6;1;887
14.07.2018;20180714;2018;Q3-2018;8075;Q3;01.07.2018;01.07.2018;24223;July;Jul;7;Saturday;Sat;7;0;887
15.07.2018;20180715;2018;Q3-2018;8075;Q3;01.07.2018;01.07.2018;24223;July;Jul;7;Sunday;Sun;1;0;887
16.07.2018;20180716;2018;Q3-2018;8075;Q3;01.07.2018;01.07.2018;24223;July;Jul;7;Monday;Mon;2;1;888
17.07.2018;20180717;2018;Q3-2018;8075;Q3;01.07.2018;01.07.2018;24223;July;Jul;7;Tuesday;Tue;3;1;889
18.07.2018;20180718;2018;Q3-2018;8075;Q3;01.07.2018;01.07.2018;24223;July;Jul;7;Wednesday;Wed;4;1;890
19.07.2018;20180719;2018;Q3-2018;8075;Q3;01.07.2018;01.07.2018;24223;July;Jul;7;Thursday;Thu;5;1;891
20.07.2018;20180720;2018;Q3-2018;8075;Q3;01.07.2018;01.07.2018;24223;July;Jul;7;Friday;Fri;6;1;892
21.07.2018;20180721;2018;Q3-2018;8075;Q3;01.07.2018;01.07.2018;24223;July;Jul;7;Saturday;Sat;7;0;892
22.07.2018;20180722;2018;Q3-2018;8075;Q3;01.07.2018;01.07.2018;24223;July;Jul;7;Sunday;Sun;1;0;892
23.07.2018;20180723;2018;Q3-2018;8075;Q3;01.07.2018;01.07.2018;24223;July;Jul;7;Monday;Mon;2;1;893
24.07.2018;20180724;2018;Q3-2018;8075;Q3;01.07.2018;01.07.2018;24223;July;Jul;7;Tuesday;Tue;3;1;894
25.07.2018;20180725;2018;Q3-2018;8075;Q3;01.07.2018;01.07.2018;24223;July;Jul;7;Wednesday;Wed;4;1;895
26.07.2018;20180726;2018;Q3-2018;8075;Q3;01.07.2018;01.07.2018;24223;July;Jul;7;Thursday;Thu;5;1;896
27.07.2018;20180727;2018;Q3-2018;8075;Q3;01.07.2018;01.07.2018;24223;July;Jul;7;Friday;Fri;6;1;897
28.07.2018;20180728;2018;Q3-2018;8075;Q3;01.07.2018;01.07.2018;24223;July;Jul;7;Saturday;Sat;7;0;897
29.07.2018;20180729;2018;Q3-2018;8075;Q3;01.07.2018;01.07.2018;24223;July;Jul;7;Sunday;Sun;1;0;897
30.07.2018;20180730;2018;Q3-2018;8075;Q3;01.07.2018;01.07.2018;24223;July;Jul;7;Monday;Mon;2;1;898
31.07.2018;20180731;2018;Q3-2018;8075;Q3;01.07.2018;01.07.2018;24223;July;Jul;7;Tuesday;Tue;3;1;899
01.08.2018;20180801;2018;Q3-2018;8075;Q3;01.08.2018;01.08.2018;24224;August;Aug;8;Wednesday;Wed;4;1;900
02.08.2018;20180802;2018;Q3-2018;8075;Q3;01.08.2018;01.08.2018;24224;August;Aug;8;Thursday;Thu;5;1;901
03.08.2018;20180803;2018;Q3-2018;8075;Q3;01.08.2018;01.08.2018;24224;August;Aug;8;Friday;Fri;6;1;902
04.08.2018;20180804;2018;Q3-2018;8075;Q3;01.08.2018;01.08.2018;24224;August;Aug;8;Saturday;Sat;7;0;902
05.08.2018;20180805;2018;Q3-2018;8075;Q3;01.08.2018;01.08.2018;24224;August;Aug;8;Sunday;Sun;1;0;902
06.08.2018;20180806;2018;Q3-2018;8075;Q3;01.08.2018;01.08.2018;24224;August;Aug;8;Monday;Mon;2;1;903
07.08.2018;20180807;2018;Q3-2018;8075;Q3;01.08.2018;01.08.2018;24224;August;Aug;8;Tuesday;Tue;3;1;904
08.08.2018;20180808;2018;Q3-2018;8075;Q3;01.08.2018;01.08.2018;24224;August;Aug;8;Wednesday;Wed;4;1;905
09.08.2018;20180809;2018;Q3-2018;8075;Q3;01.08.2018;01.08.2018;24224;August;Aug;8;Thursday;Thu;5;1;906
10.08.2018;20180810;2018;Q3-2018;8075;Q3;01.08.2018;01.08.2018;24224;August;Aug;8;Friday;Fri;6;1;907
11.08.2018;20180811;2018;Q3-2018;8075;Q3;01.08.2018;01.08.2018;24224;August;Aug;8;Saturday;Sat;7;0;907
12.08.2018;20180812;2018;Q3-2018;8075;Q3;01.08.2018;01.08.2018;24224;August;Aug;8;Sunday;Sun;1;0;907
13.08.2018;20180813;2018;Q3-2018;8075;Q3;01.08.2018;01.08.2018;24224;August;Aug;8;Monday;Mon;2;1;908
14.08.2018;20180814;2018;Q3-2018;8075;Q3;01.08.2018;01.08.2018;24224;August;Aug;8;Tuesday;Tue;3;1;909
15.08.2018;20180815;2018;Q3-2018;8075;Q3;01.08.2018;01.08.2018;24224;August;Aug;8;Wednesday;Wed;4;1;910
16.08.2018;20180816;2018;Q3-2018;8075;Q3;01.08.2018;01.08.2018;24224;August;Aug;8;Thursday;Thu;5;1;911
17.08.2018;20180817;2018;Q3-2018;8075;Q3;01.08.2018;01.08.2018;24224;August;Aug;8;Friday;Fri;6;1;912
18.08.2018;20180818;2018;Q3-2018;8075;Q3;01.08.2018;01.08.2018;24224;August;Aug;8;Saturday;Sat;7;0;912
19.08.2018;20180819;2018;Q3-2018;8075;Q3;01.08.2018;01.08.2018;24224;August;Aug;8;Sunday;Sun;1;0;912
20.08.2018;20180820;2018;Q3-2018;8075;Q3;01.08.2018;01.08.2018;24224;August;Aug;8;Monday;Mon;2;1;913
21.08.2018;20180821;2018;Q3-2018;8075;Q3;01.08.2018;01.08.2018;24224;August;Aug;8;Tuesday;Tue;3;1;914
22.08.2018;20180822;2018;Q3-2018;8075;Q3;01.08.2018;01.08.2018;24224;August;Aug;8;Wednesday;Wed;4;1;915
23.08.2018;20180823;2018;Q3-2018;8075;Q3;01.08.2018;01.08.2018;24224;August;Aug;8;Thursday;Thu;5;1;916
24.08.2018;20180824;2018;Q3-2018;8075;Q3;01.08.2018;01.08.2018;24224;August;Aug;8;Friday;Fri;6;1;917
25.08.2018;20180825;2018;Q3-2018;8075;Q3;01.08.2018;01.08.2018;24224;August;Aug;8;Saturday;Sat;7;0;917
26.08.2018;20180826;2018;Q3-2018;8075;Q3;01.08.2018;01.08.2018;24224;August;Aug;8;Sunday;Sun;1;0;917
27.08.2018;20180827;2018;Q3-2018;8075;Q3;01.08.2018;01.08.2018;24224;August;Aug;8;Monday;Mon;2;1;918
28.08.2018;20180828;2018;Q3-2018;8075;Q3;01.08.2018;01.08.2018;24224;August;Aug;8;Tuesday;Tue;3;1;919
29.08.2018;20180829;2018;Q3-2018;8075;Q3;01.08.2018;01.08.2018;24224;August;Aug;8;Wednesday;Wed;4;1;920
30.08.2018;20180830;2018;Q3-2018;8075;Q3;01.08.2018;01.08.2018;24224;August;Aug;8;Thursday;Thu;5;1;921
31.08.2018;20180831;2018;Q3-2018;8075;Q3;01.08.2018;01.08.2018;24224;August;Aug;8;Friday;Fri;6;1;922
01.09.2018;20180901;2018;Q3-2018;8075;Q3;01.09.2018;01.09.2018;24225;September;Sep;9;Saturday;Sat;7;0;922
02.09.2018;20180902;2018;Q3-2018;8075;Q3;01.09.2018;01.09.2018;24225;September;Sep;9;Sunday;Sun;1;0;922
03.09.2018;20180903;2018;Q3-2018;8075;Q3;01.09.2018;01.09.2018;24225;September;Sep;9;Monday;Mon;2;0;922
04.09.2018;20180904;2018;Q3-2018;8075;Q3;01.09.2018;01.09.2018;24225;September;Sep;9;Tuesday;Tue;3;1;923
05.09.2018;20180905;2018;Q3-2018;8075;Q3;01.09.2018;01.09.2018;24225;September;Sep;9;Wednesday;Wed;4;1;924
06.09.2018;20180906;2018;Q3-2018;8075;Q3;01.09.2018;01.09.2018;24225;September;Sep;9;Thursday;Thu;5;1;925
07.09.2018;20180907;2018;Q3-2018;8075;Q3;01.09.2018;01.09.2018;24225;September;Sep;9;Friday;Fri;6;1;926
08.09.2018;20180908;2018;Q3-2018;8075;Q3;01.09.2018;01.09.2018;24225;September;Sep;9;Saturday;Sat;7;0;926
09.09.2018;20180909;2018;Q3-2018;8075;Q3;01.09.2018;01.09.2018;24225;September;Sep;9;Sunday;Sun;1;0;926
10.09.2018;20180910;2018;Q3-2018;8075;Q3;01.09.2018;01.09.2018;24225;September;Sep;9;Monday;Mon;2;1;927
11.09.2018;20180911;2018;Q3-2018;8075;Q3;01.09.2018;01.09.2018;24225;September;Sep;9;Tuesday;Tue;3;1;928
12.09.2018;20180912;2018;Q3-2018;8075;Q3;01.09.2018;01.09.2018;24225;September;Sep;9;Wednesday;Wed;4;1;929
13.09.2018;20180913;2018;Q3-2018;8075;Q3;01.09.2018;01.09.2018;24225;September;Sep;9;Thursday;Thu;5;1;930
14.09.2018;20180914;2018;Q3-2018;8075;Q3;01.09.2018;01.09.2018;24225;September;Sep;9;Friday;Fri;6;1;931
15.09.2018;20180915;2018;Q3-2018;8075;Q3;01.09.2018;01.09.2018;24225;September;Sep;9;Saturday;Sat;7;0;931
16.09.2018;20180916;2018;Q3-2018;8075;Q3;01.09.2018;01.09.2018;24225;September;Sep;9;Sunday;Sun;1;0;931
17.09.2018;20180917;2018;Q3-2018;8075;Q3;01.09.2018;01.09.2018;24225;September;Sep;9;Monday;Mon;2;1;932
18.09.2018;20180918;2018;Q3-2018;8075;Q3;01.09.2018;01.09.2018;24225;September;Sep;9;Tuesday;Tue;3;1;933
19.09.2018;20180919;2018;Q3-2018;8075;Q3;01.09.2018;01.09.2018;24225;September;Sep;9;Wednesday;Wed;4;1;934
20.09.2018;20180920;2018;Q3-2018;8075;Q3;01.09.2018;01.09.2018;24225;September;Sep;9;Thursday;Thu;5;1;935
21.09.2018;20180921;2018;Q3-2018;8075;Q3;01.09.2018;01.09.2018;24225;September;Sep;9;Friday;Fri;6;1;936
22.09.2018;20180922;2018;Q3-2018;8075;Q3;01.09.2018;01.09.2018;24225;September;Sep;9;Saturday;Sat;7;0;936
23.09.2018;20180923;2018;Q3-2018;8075;Q3;01.09.2018;01.09.2018;24225;September;Sep;9;Sunday;Sun;1;0;936
24.09.2018;20180924;2018;Q3-2018;8075;Q3;01.09.2018;01.09.2018;24225;September;Sep;9;Monday;Mon;2;1;937
25.09.2018;20180925;2018;Q3-2018;8075;Q3;01.09.2018;01.09.2018;24225;September;Sep;9;Tuesday;Tue;3;1;938
26.09.2018;20180926;2018;Q3-2018;8075;Q3;01.09.2018;01.09.2018;24225;September;Sep;9;Wednesday;Wed;4;1;939
27.09.2018;20180927;2018;Q3-2018;8075;Q3;01.09.2018;01.09.2018;24225;September;Sep;9;Thursday;Thu;5;1;940
28.09.2018;20180928;2018;Q3-2018;8075;Q3;01.09.2018;01.09.2018;24225;September;Sep;9;Friday;Fri;6;1;941
29.09.2018;20180929;2018;Q3-2018;8075;Q3;01.09.2018;01.09.2018;24225;September;Sep;9;Saturday;Sat;7;0;941
30.09.2018;20180930;2018;Q3-2018;8075;Q3;01.09.2018;01.09.2018;24225;September;Sep;9;Sunday;Sun;1;0;941
01.10.2018;20181001;2018;Q4-2018;8076;Q4;01.10.2018;01.10.2018;24226;October;Oct;10;Monday;Mon;2;1;942
02.10.2018;20181002;2018;Q4-2018;8076;Q4;01.10.2018;01.10.2018;24226;October;Oct;10;Tuesday;Tue;3;1;943
03.10.2018;20181003;2018;Q4-2018;8076;Q4;01.10.2018;01.10.2018;24226;October;Oct;10;Wednesday;Wed;4;1;944
04.10.2018;20181004;2018;Q4-2018;8076;Q4;01.10.2018;01.10.2018;24226;October;Oct;10;Thursday;Thu;5;1;945
05.10.2018;20181005;2018;Q4-2018;8076;Q4;01.10.2018;01.10.2018;24226;October;Oct;10;Friday;Fri;6;1;946
06.10.2018;20181006;2018;Q4-2018;8076;Q4;01.10.2018;01.10.2018;24226;October;Oct;10;Saturday;Sat;7;0;946
07.10.2018;20181007;2018;Q4-2018;8076;Q4;01.10.2018;01.10.2018;24226;October;Oct;10;Sunday;Sun;1;0;946
08.10.2018;20181008;2018;Q4-2018;8076;Q4;01.10.2018;01.10.2018;24226;October;Oct;10;Monday;Mon;2;0;946
09.10.2018;20181009;2018;Q4-2018;8076;Q4;01.10.2018;01.10.2018;24226;October;Oct;10;Tuesday;Tue;3;1;947
10.10.2018;20181010;2018;Q4-2018;8076;Q4;01.10.2018;01.10.2018;24226;October;Oct;10;Wednesday;Wed;4;1;948
11.10.2018;20181011;2018;Q4-2018;8076;Q4;01.10.2018;01.10.2018;24226;October;Oct;10;Thursday;Thu;5;1;949
12.10.2018;20181012;2018;Q4-2018;8076;Q4;01.10.2018;01.10.2018;24226;October;Oct;10;Friday;Fri;6;1;950
13.10.2018;20181013;2018;Q4-2018;8076;Q4;01.10.2018;01.10.2018;24226;October;Oct;10;Saturday;Sat;7;0;950
14.10.2018;20181014;2018;Q4-2018;8076;Q4;01.10.2018;01.10.2018;24226;October;Oct;10;Sunday;Sun;1;0;950
15.10.2018;20181015;2018;Q4-2018;8076;Q4;01.10.2018;01.10.2018;24226;October;Oct;10;Monday;Mon;2;1;951
16.10.2018;20181016;2018;Q4-2018;8076;Q4;01.10.2018;01.10.2018;24226;October;Oct;10;Tuesday;Tue;3;1;952
17.10.2018;20181017;2018;Q4-2018;8076;Q4;01.10.2018;01.10.2018;24226;October;Oct;10;Wednesday;Wed;4;1;953
18.10.2018;20181018;2018;Q4-2018;8076;Q4;01.10.2018;01.10.2018;24226;October;Oct;10;Thursday;Thu;5;1;954
19.10.2018;20181019;2018;Q4-2018;8076;Q4;01.10.2018;01.10.2018;24226;October;Oct;10;Friday;Fri;6;1;955
20.10.2018;20181020;2018;Q4-2018;8076;Q4;01.10.2018;01.10.2018;24226;October;Oct;10;Saturday;Sat;7;0;955
21.10.2018;20181021;2018;Q4-2018;8076;Q4;01.10.2018;01.10.2018;24226;October;Oct;10;Sunday;Sun;1;0;955
22.10.2018;20181022;2018;Q4-2018;8076;Q4;01.10.2018;01.10.2018;24226;October;Oct;10;Monday;Mon;2;1;956
23.10.2018;20181023;2018;Q4-2018;8076;Q4;01.10.2018;01.10.2018;24226;October;Oct;10;Tuesday;Tue;3;1;957
24.10.2018;20181024;2018;Q4-2018;8076;Q4;01.10.2018;01.10.2018;24226;October;Oct;10;Wednesday;Wed;4;1;958
25.10.2018;20181025;2018;Q4-2018;8076;Q4;01.10.2018;01.10.2018;24226;October;Oct;10;Thursday;Thu;5;1;959
26.10.2018;20181026;2018;Q4-2018;8076;Q4;01.10.2018;01.10.2018;24226;October;Oct;10;Friday;Fri;6;1;960
27.10.2018;20181027;2018;Q4-2018;8076;Q4;01.10.2018;01.10.2018;24226;October;Oct;10;Saturday;Sat;7;0;960
28.10.2018;20181028;2018;Q4-2018;8076;Q4;01.10.2018;01.10.2018;24226;October;Oct;10;Sunday;Sun;1;0;960
29.10.2018;20181029;2018;Q4-2018;8076;Q4;01.10.2018;01.10.2018;24226;October;Oct;10;Monday;Mon;2;1;961
30.10.2018;20181030;2018;Q4-2018;8076;Q4;01.10.2018;01.10.2018;24226;October;Oct;10;Tuesday;Tue;3;1;962
31.10.2018;20181031;2018;Q4-2018;8076;Q4;01.10.2018;01.10.2018;24226;October;Oct;10;Wednesday;Wed;4;1;963
01.11.2018;20181101;2018;Q4-2018;8076;Q4;01.11.2018;01.11.2018;24227;November;Nov;11;Thursday;Thu;5;1;964
02.11.2018;20181102;2018;Q4-2018;8076;Q4;01.11.2018;01.11.2018;24227;November;Nov;11;Friday;Fri;6;1;965
03.11.2018;20181103;2018;Q4-2018;8076;Q4;01.11.2018;01.11.2018;24227;November;Nov;11;Saturday;Sat;7;0;965
04.11.2018;20181104;2018;Q4-2018;8076;Q4;01.11.2018;01.11.2018;24227;November;Nov;11;Sunday;Sun;1;0;965
05.11.2018;20181105;2018;Q4-2018;8076;Q4;01.11.2018;01.11.2018;24227;November;Nov;11;Monday;Mon;2;1;966
06.11.2018;20181106;2018;Q4-2018;8076;Q4;01.11.2018;01.11.2018;24227;November;Nov;11;Tuesday;Tue;3;1;967
07.11.2018;20181107;2018;Q4-2018;8076;Q4;01.11.2018;01.11.2018;24227;November;Nov;11;Wednesday;Wed;4;1;968
08.11.2018;20181108;2018;Q4-2018;8076;Q4;01.11.2018;01.11.2018;24227;November;Nov;11;Thursday;Thu;5;1;969
09.11.2018;20181109;2018;Q4-2018;8076;Q4;01.11.2018;01.11.2018;24227;November;Nov;11;Friday;Fri;6;1;970
10.11.2018;20181110;2018;Q4-2018;8076;Q4;01.11.2018;01.11.2018;24227;November;Nov;11;Saturday;Sat;7;0;970
11.11.2018;20181111;2018;Q4-2018;8076;Q4;01.11.2018;01.11.2018;24227;November;Nov;11;Sunday;Sun;1;0;970
12.11.2018;20181112;2018;Q4-2018;8076;Q4;01.11.2018;01.11.2018;24227;November;Nov;11;Monday;Mon;2;0;970
13.11.2018;20181113;2018;Q4-2018;8076;Q4;01.11.2018;01.11.2018;24227;November;Nov;11;Tuesday;Tue;3;1;971
14.11.2018;20181114;2018;Q4-2018;8076;Q4;01.11.2018;01.11.2018;24227;November;Nov;11;Wednesday;Wed;4;1;972
15.11.2018;20181115;2018;Q4-2018;8076;Q4;01.11.2018;01.11.2018;24227;November;Nov;11;Thursday;Thu;5;1;973
16.11.2018;20181116;2018;Q4-2018;8076;Q4;01.11.2018;01.11.2018;24227;November;Nov;11;Friday;Fri;6;1;974
17.11.2018;20181117;2018;Q4-2018;8076;Q4;01.11.2018;01.11.2018;24227;November;Nov;11;Saturday;Sat;7;0;974
18.11.2018;20181118;2018;Q4-2018;8076;Q4;01.11.2018;01.11.2018;24227;November;Nov;11;Sunday;Sun;1;0;974
19.11.2018;20181119;2018;Q4-2018;8076;Q4;01.11.2018;01.11.2018;24227;November;Nov;11;Monday;Mon;2;1;975
20.11.2018;20181120;2018;Q4-2018;8076;Q4;01.11.2018;01.11.2018;24227;November;Nov;11;Tuesday;Tue;3;1;976
21.11.2018;20181121;2018;Q4-2018;8076;Q4;01.11.2018;01.11.2018;24227;November;Nov;11;Wednesday;Wed;4;1;977
22.11.2018;20181122;2018;Q4-2018;8076;Q4;01.11.2018;01.11.2018;24227;November;Nov;11;Thursday;Thu;5;0;977
23.11.2018;20181123;2018;Q4-2018;8076;Q4;01.11.2018;01.11.2018;24227;November;Nov;11;Friday;Fri;6;1;978
24.11.2018;20181124;2018;Q4-2018;8076;Q4;01.11.2018;01.11.2018;24227;November;Nov;11;Saturday;Sat;7;0;978
25.11.2018;20181125;2018;Q4-2018;8076;Q4;01.11.2018;01.11.2018;24227;November;Nov;11;Sunday;Sun;1;0;978
26.11.2018;20181126;2018;Q4-2018;8076;Q4;01.11.2018;01.11.2018;24227;November;Nov;11;Monday;Mon;2;1;979
27.11.2018;20181127;2018;Q4-2018;8076;Q4;01.11.2018;01.11.2018;24227;November;Nov;11;Tuesday;Tue;3;1;980
28.11.2018;20181128;2018;Q4-2018;8076;Q4;01.11.2018;01.11.2018;24227;November;Nov;11;Wednesday;Wed;4;1;981
29.11.2018;20181129;2018;Q4-2018;8076;Q4;01.11.2018;01.11.2018;24227;November;Nov;11;Thursday;Thu;5;1;982
30.11.2018;20181130;2018;Q4-2018;8076;Q4;01.11.2018;01.11.2018;24227;November;Nov;11;Friday;Fri;6;1;983
01.12.2018;20181201;2018;Q4-2018;8076;Q4;01.12.2018;01.12.2018;24228;December;Dec;12;Saturday;Sat;7;0;983
02.12.2018;20181202;2018;Q4-2018;8076;Q4;01.12.2018;01.12.2018;24228;December;Dec;12;Sunday;Sun;1;0;983
03.12.2018;20181203;2018;Q4-2018;8076;Q4;01.12.2018;01.12.2018;24228;December;Dec;12;Monday;Mon;2;1;984
04.12.2018;20181204;2018;Q4-2018;8076;Q4;01.12.2018;01.12.2018;24228;December;Dec;12;Tuesday;Tue;3;1;985
05.12.2018;20181205;2018;Q4-2018;8076;Q4;01.12.2018;01.12.2018;24228;December;Dec;12;Wednesday;Wed;4;1;986
06.12.2018;20181206;2018;Q4-2018;8076;Q4;01.12.2018;01.12.2018;24228;December;Dec;12;Thursday;Thu;5;1;987
07.12.2018;20181207;2018;Q4-2018;8076;Q4;01.12.2018;01.12.2018;24228;December;Dec;12;Friday;Fri;6;1;988
08.12.2018;20181208;2018;Q4-2018;8076;Q4;01.12.2018;01.12.2018;24228;December;Dec;12;Saturday;Sat;7;0;988
09.12.2018;20181209;2018;Q4-2018;8076;Q4;01.12.2018;01.12.2018;24228;December;Dec;12;Sunday;Sun;1;0;988
10.12.2018;20181210;2018;Q4-2018;8076;Q4;01.12.2018;01.12.2018;24228;December;Dec;12;Monday;Mon;2;1;989
11.12.2018;20181211;2018;Q4-2018;8076;Q4;01.12.2018;01.12.2018;24228;December;Dec;12;Tuesday;Tue;3;1;990
12.12.2018;20181212;2018;Q4-2018;8076;Q4;01.12.2018;01.12.2018;24228;December;Dec;12;Wednesday;Wed;4;1;991
13.12.2018;20181213;2018;Q4-2018;8076;Q4;01.12.2018;01.12.2018;24228;December;Dec;12;Thursday;Thu;5;1;992
14.12.2018;20181214;2018;Q4-2018;8076;Q4;01.12.2018;01.12.2018;24228;December;Dec;12;Friday;Fri;6;1;993
15.12.2018;20181215;2018;Q4-2018;8076;Q4;01.12.2018;01.12.2018;24228;December;Dec;12;Saturday;Sat;7;0;993
16.12.2018;20181216;2018;Q4-2018;8076;Q4;01.12.2018;01.12.2018;24228;December;Dec;12;Sunday;Sun;1;0;993
17.12.2018;20181217;2018;Q4-2018;8076;Q4;01.12.2018;01.12.2018;24228;December;Dec;12;Monday;Mon;2;1;994
18.12.2018;20181218;2018;Q4-2018;8076;Q4;01.12.2018;01.12.2018;24228;December;Dec;12;Tuesday;Tue;3;1;995
19.12.2018;20181219;2018;Q4-2018;8076;Q4;01.12.2018;01.12.2018;24228;December;Dec;12;Wednesday;Wed;4;1;996
20.12.2018;20181220;2018;Q4-2018;8076;Q4;01.12.2018;01.12.2018;24228;December;Dec;12;Thursday;Thu;5;1;997
21.12.2018;20181221;2018;Q4-2018;8076;Q4;01.12.2018;01.12.2018;24228;December;Dec;12;Friday;Fri;6;1;998
22.12.2018;20181222;2018;Q4-2018;8076;Q4;01.12.2018;01.12.2018;24228;December;Dec;12;Saturday;Sat;7;0;998
23.12.2018;20181223;2018;Q4-2018;8076;Q4;01.12.2018;01.12.2018;24228;December;Dec;12;Sunday;Sun;1;0;998
24.12.2018;20181224;2018;Q4-2018;8076;Q4;01.12.2018;01.12.2018;24228;December;Dec;12;Monday;Mon;2;1;999
25.12.2018;20181225;2018;Q4-2018;8076;Q4;01.12.2018;01.12.2018;24228;December;Dec;12;Tuesday;Tue;3;0;999
26.12.2018;20181226;2018;Q4-2018;8076;Q4;01.12.2018;01.12.2018;24228;December;Dec;12;Wednesday;Wed;4;1;1000
27.12.2018;20181227;2018;Q4-2018;8076;Q4;01.12.2018;01.12.2018;24228;December;Dec;12;Thursday;Thu;5;1;1001
28.12.2018;20181228;2018;Q4-2018;8076;Q4;01.12.2018;01.12.2018;24228;December;Dec;12;Friday;Fri;6;1;1002
29.12.2018;20181229;2018;Q4-2018;8076;Q4;01.12.2018;01.12.2018;24228;December;Dec;12;Saturday;Sat;7;0;1002
30.12.2018;20181230;2018;Q4-2018;8076;Q4;01.12.2018;01.12.2018;24228;December;Dec;12;Sunday;Sun;1;0;1002
31.12.2018;20181231;2018;Q4-2018;8076;Q4;01.12.2018;01.12.2018;24228;December;Dec;12;Monday;Mon;2;1;1003
01.01.2019;20190101;2019;Q1-2019;8077;Q1;01.01.2019;01.01.2019;24229;January;Jan;1;Tuesday;Tue;3;0;1003
02.01.2019;20190102;2019;Q1-2019;8077;Q1;01.01.2019;01.01.2019;24229;January;Jan;1;Wednesday;Wed;4;1;1004
03.01.2019;20190103;2019;Q1-2019;8077;Q1;01.01.2019;01.01.2019;24229;January;Jan;1;Thursday;Thu;5;1;1005
04.01.2019;20190104;2019;Q1-2019;8077;Q1;01.01.2019;01.01.2019;24229;January;Jan;1;Friday;Fri;6;1;1006
05.01.2019;20190105;2019;Q1-2019;8077;Q1;01.01.2019;01.01.2019;24229;January;Jan;1;Saturday;Sat;7;0;1006
06.01.2019;20190106;2019;Q1-2019;8077;Q1;01.01.2019;01.01.2019;24229;January;Jan;1;Sunday;Sun;1;0;1006
07.01.2019;20190107;2019;Q1-2019;8077;Q1;01.01.2019;01.01.2019;24229;January;Jan;1;Monday;Mon;2;1;1007
08.01.2019;20190108;2019;Q1-2019;8077;Q1;01.01.2019;01.01.2019;24229;January;Jan;1;Tuesday;Tue;3;1;1008
09.01.2019;20190109;2019;Q1-2019;8077;Q1;01.01.2019;01.01.2019;24229;January;Jan;1;Wednesday;Wed;4;1;1009
10.01.2019;20190110;2019;Q1-2019;8077;Q1;01.01.2019;01.01.2019;24229;January;Jan;1;Thursday;Thu;5;1;1010
11.01.2019;20190111;2019;Q1-2019;8077;Q1;01.01.2019;01.01.2019;24229;January;Jan;1;Friday;Fri;6;1;1011
12.01.2019;20190112;2019;Q1-2019;8077;Q1;01.01.2019;01.01.2019;24229;January;Jan;1;Saturday;Sat;7;0;1011
13.01.2019;20190113;2019;Q1-2019;8077;Q1;01.01.2019;01.01.2019;24229;January;Jan;1;Sunday;Sun;1;0;1011
14.01.2019;20190114;2019;Q1-2019;8077;Q1;01.01.2019;01.01.2019;24229;January;Jan;1;Monday;Mon;2;1;1012
15.01.2019;20190115;2019;Q1-2019;8077;Q1;01.01.2019;01.01.2019;24229;January;Jan;1;Tuesday;Tue;3;1;1013
16.01.2019;20190116;2019;Q1-2019;8077;Q1;01.01.2019;01.01.2019;24229;January;Jan;1;Wednesday;Wed;4;1;1014
17.01.2019;20190117;2019;Q1-2019;8077;Q1;01.01.2019;01.01.2019;24229;January;Jan;1;Thursday;Thu;5;1;1015
18.01.2019;20190118;2019;Q1-2019;8077;Q1;01.01.2019;01.01.2019;24229;January;Jan;1;Friday;Fri;6;1;1016
19.01.2019;20190119;2019;Q1-2019;8077;Q1;01.01.2019;01.01.2019;24229;January;Jan;1;Saturday;Sat;7;0;1016
20.01.2019;20190120;2019;Q1-2019;8077;Q1;01.01.2019;01.01.2019;24229;January;Jan;1;Sunday;Sun;1;0;1016
21.01.2019;20190121;2019;Q1-2019;8077;Q1;01.01.2019;01.01.2019;24229;January;Jan;1;Monday;Mon;2;0;1016
22.01.2019;20190122;2019;Q1-2019;8077;Q1;01.01.2019;01.01.2019;24229;January;Jan;1;Tuesday;Tue;3;1;1017
23.01.2019;20190123;2019;Q1-2019;8077;Q1;01.01.2019;01.01.2019;24229;January;Jan;1;Wednesday;Wed;4;1;1018
24.01.2019;20190124;2019;Q1-2019;8077;Q1;01.01.2019;01.01.2019;24229;January;Jan;1;Thursday;Thu;5;1;1019
25.01.2019;20190125;2019;Q1-2019;8077;Q1;01.01.2019;01.01.2019;24229;January;Jan;1;Friday;Fri;6;1;1020
26.01.2019;20190126;2019;Q1-2019;8077;Q1;01.01.2019;01.01.2019;24229;January;Jan;1;Saturday;Sat;7;0;1020
27.01.2019;20190127;2019;Q1-2019;8077;Q1;01.01.2019;01.01.2019;24229;January;Jan;1;Sunday;Sun;1;0;1020
28.01.2019;20190128;2019;Q1-2019;8077;Q1;01.01.2019;01.01.2019;24229;January;Jan;1;Monday;Mon;2;1;1021
29.01.2019;20190129;2019;Q1-2019;8077;Q1;01.01.2019;01.01.2019;24229;January;Jan;1;Tuesday;Tue;3;1;1022
30.01.2019;20190130;2019;Q1-2019;8077;Q1;01.01.2019;01.01.2019;24229;January;Jan;1;Wednesday;Wed;4;1;1023
31.01.2019;20190131;2019;Q1-2019;8077;Q1;01.01.2019;01.01.2019;24229;January;Jan;1;Thursday;Thu;5;1;1024
01.02.2019;20190201;2019;Q1-2019;8077;Q1;01.02.2019;01.02.2019;24230;February;Feb;2;Friday;Fri;6;1;1025
02.02.2019;20190202;2019;Q1-2019;8077;Q1;01.02.2019;01.02.2019;24230;February;Feb;2;Saturday;Sat;7;0;1025
03.02.2019;20190203;2019;Q1-2019;8077;Q1;01.02.2019;01.02.2019;24230;February;Feb;2;Sunday;Sun;1;0;1025
04.02.2019;20190204;2019;Q1-2019;8077;Q1;01.02.2019;01.02.2019;24230;February;Feb;2;Monday;Mon;2;1;1026
05.02.2019;20190205;2019;Q1-2019;8077;Q1;01.02.2019;01.02.2019;24230;February;Feb;2;Tuesday;Tue;3;1;1027
06.02.2019;20190206;2019;Q1-2019;8077;Q1;01.02.2019;01.02.2019;24230;February;Feb;2;Wednesday;Wed;4;1;1028
07.02.2019;20190207;2019;Q1-2019;8077;Q1;01.02.2019;01.02.2019;24230;February;Feb;2;Thursday;Thu;5;1;1029
08.02.2019;20190208;2019;Q1-2019;8077;Q1;01.02.2019;01.02.2019;24230;February;Feb;2;Friday;Fri;6;1;1030
09.02.2019;20190209;2019;Q1-2019;8077;Q1;01.02.2019;01.02.2019;24230;February;Feb;2;Saturday;Sat;7;0;1030
10.02.2019;20190210;2019;Q1-2019;8077;Q1;01.02.2019;01.02.2019;24230;February;Feb;2;Sunday;Sun;1;0;1030
11.02.2019;20190211;2019;Q1-2019;8077;Q1;01.02.2019;01.02.2019;24230;February;Feb;2;Monday;Mon;2;1;1031
12.02.2019;20190212;2019;Q1-2019;8077;Q1;01.02.2019;01.02.2019;24230;February;Feb;2;Tuesday;Tue;3;1;1032
13.02.2019;20190213;2019;Q1-2019;8077;Q1;01.02.2019;01.02.2019;24230;February;Feb;2;Wednesday;Wed;4;1;1033
14.02.2019;20190214;2019;Q1-2019;8077;Q1;01.02.2019;01.02.2019;24230;February;Feb;2;Thursday;Thu;5;1;1034
15.02.2019;20190215;2019;Q1-2019;8077;Q1;01.02.2019;01.02.2019;24230;February;Feb;2;Friday;Fri;6;1;1035
16.02.2019;20190216;2019;Q1-2019;8077;Q1;01.02.2019;01.02.2019;24230;February;Feb;2;Saturday;Sat;7;0;1035
17.02.2019;20190217;2019;Q1-2019;8077;Q1;01.02.2019;01.02.2019;24230;February;Feb;2;Sunday;Sun;1;0;1035
18.02.2019;20190218;2019;Q1-2019;8077;Q1;01.02.2019;01.02.2019;24230;February;Feb;2;Monday;Mon;2;0;1035
19.02.2019;20190219;2019;Q1-2019;8077;Q1;01.02.2019;01.02.2019;24230;February;Feb;2;Tuesday;Tue;3;1;1036
20.02.2019;20190220;2019;Q1-2019;8077;Q1;01.02.2019;01.02.2019;24230;February;Feb;2;Wednesday;Wed;4;1;1037
21.02.2019;20190221;2019;Q1-2019;8077;Q1;01.02.2019;01.02.2019;24230;February;Feb;2;Thursday;Thu;5;1;1038
22.02.2019;20190222;2019;Q1-2019;8077;Q1;01.02.2019;01.02.2019;24230;February;Feb;2;Friday;Fri;6;1;1039
23.02.2019;20190223;2019;Q1-2019;8077;Q1;01.02.2019;01.02.2019;24230;February;Feb;2;Saturday;Sat;7;0;1039
24.02.2019;20190224;2019;Q1-2019;8077;Q1;01.02.2019;01.02.2019;24230;February;Feb;2;Sunday;Sun;1;0;1039
25.02.2019;20190225;2019;Q1-2019;8077;Q1;01.02.2019;01.02.2019;24230;February;Feb;2;Monday;Mon;2;1;1040
26.02.2019;20190226;2019;Q1-2019;8077;Q1;01.02.2019;01.02.2019;24230;February;Feb;2;Tuesday;Tue;3;1;1041
27.02.2019;20190227;2019;Q1-2019;8077;Q1;01.02.2019;01.02.2019;24230;February;Feb;2;Wednesday;Wed;4;1;1042
28.02.2019;20190228;2019;Q1-2019;8077;Q1;01.02.2019;01.02.2019;24230;February;Feb;2;Thursday;Thu;5;1;1043
01.03.2019;20190301;2019;Q1-2019;8077;Q1;01.03.2019;01.03.2019;24231;March;Mar;3;Friday;Fri;6;1;1044
02.03.2019;20190302;2019;Q1-2019;8077;Q1;01.03.2019;01.03.2019;24231;March;Mar;3;Saturday;Sat;7;0;1044
03.03.2019;20190303;2019;Q1-2019;8077;Q1;01.03.2019;01.03.2019;24231;March;Mar;3;Sunday;Sun;1;0;1044
04.03.2019;20190304;2019;Q1-2019;8077;Q1;01.03.2019;01.03.2019;24231;March;Mar;3;Monday;Mon;2;1;1045
05.03.2019;20190305;2019;Q1-2019;8077;Q1;01.03.2019;01.03.2019;24231;March;Mar;3;Tuesday;Tue;3;1;1046
06.03.2019;20190306;2019;Q1-2019;8077;Q1;01.03.2019;01.03.2019;24231;March;Mar;3;Wednesday;Wed;4;1;1047
07.03.2019;20190307;2019;Q1-2019;8077;Q1;01.03.2019;01.03.2019;24231;March;Mar;3;Thursday;Thu;5;1;1048
08.03.2019;20190308;2019;Q1-2019;8077;Q1;01.03.2019;01.03.2019;24231;March;Mar;3;Friday;Fri;6;1;1049
09.03.2019;20190309;2019;Q1-2019;8077;Q1;01.03.2019;01.03.2019;24231;March;Mar;3;Saturday;Sat;7;0;1049
10.03.2019;20190310;2019;Q1-2019;8077;Q1;01.03.2019;01.03.2019;24231;March;Mar;3;Sunday;Sun;1;0;1049
11.03.2019;20190311;2019;Q1-2019;8077;Q1;01.03.2019;01.03.2019;24231;March;Mar;3;Monday;Mon;2;1;1050
12.03.2019;20190312;2019;Q1-2019;8077;Q1;01.03.2019;01.03.2019;24231;March;Mar;3;Tuesday;Tue;3;1;1051
13.03.2019;20190313;2019;Q1-2019;8077;Q1;01.03.2019;01.03.2019;24231;March;Mar;3;Wednesday;Wed;4;1;1052
14.03.2019;20190314;2019;Q1-2019;8077;Q1;01.03.2019;01.03.2019;24231;March;Mar;3;Thursday;Thu;5;1;1053
15.03.2019;20190315;2019;Q1-2019;8077;Q1;01.03.2019;01.03.2019;24231;March;Mar;3;Friday;Fri;6;1;1054
16.03.2019;20190316;2019;Q1-2019;8077;Q1;01.03.2019;01.03.2019;24231;March;Mar;3;Saturday;Sat;7;0;1054
17.03.2019;20190317;2019;Q1-2019;8077;Q1;01.03.2019;01.03.2019;24231;March;Mar;3;Sunday;Sun;1;0;1054
18.03.2019;20190318;2019;Q1-2019;8077;Q1;01.03.2019;01.03.2019;24231;March;Mar;3;Monday;Mon;2;1;1055
19.03.2019;20190319;2019;Q1-2019;8077;Q1;01.03.2019;01.03.2019;24231;March;Mar;3;Tuesday;Tue;3;1;1056
20.03.2019;20190320;2019;Q1-2019;8077;Q1;01.03.2019;01.03.2019;24231;March;Mar;3;Wednesday;Wed;4;1;1057
21.03.2019;20190321;2019;Q1-2019;8077;Q1;01.03.2019;01.03.2019;24231;March;Mar;3;Thursday;Thu;5;1;1058
22.03.2019;20190322;2019;Q1-2019;8077;Q1;01.03.2019;01.03.2019;24231;March;Mar;3;Friday;Fri;6;1;1059
23.03.2019;20190323;2019;Q1-2019;8077;Q1;01.03.2019;01.03.2019;24231;March;Mar;3;Saturday;Sat;7;0;1059
24.03.2019;20190324;2019;Q1-2019;8077;Q1;01.03.2019;01.03.2019;24231;March;Mar;3;Sunday;Sun;1;0;1059
25.03.2019;20190325;2019;Q1-2019;8077;Q1;01.03.2019;01.03.2019;24231;March;Mar;3;Monday;Mon;2;1;1060
26.03.2019;20190326;2019;Q1-2019;8077;Q1;01.03.2019;01.03.2019;24231;March;Mar;3;Tuesday;Tue;3;1;1061
27.03.2019;20190327;2019;Q1-2019;8077;Q1;01.03.2019;01.03.2019;24231;March;Mar;3;Wednesday;Wed;4;1;1062
28.03.2019;20190328;2019;Q1-2019;8077;Q1;01.03.2019;01.03.2019;24231;March;Mar;3;Thursday;Thu;5;1;1063
29.03.2019;20190329;2019;Q1-2019;8077;Q1;01.03.2019;01.03.2019;24231;March;Mar;3;Friday;Fri;6;1;1064
30.03.2019;20190330;2019;Q1-2019;8077;Q1;01.03.2019;01.03.2019;24231;March;Mar;3;Saturday;Sat;7;0;1064
31.03.2019;20190331;2019;Q1-2019;8077;Q1;01.03.2019;01.03.2019;24231;March;Mar;3;Sunday;Sun;1;0;1064
01.04.2019;20190401;2019;Q2-2019;8078;Q2;01.04.2019;01.04.2019;24232;April;Apr;4;Monday;Mon;2;1;1065
02.04.2019;20190402;2019;Q2-2019;8078;Q2;01.04.2019;01.04.2019;24232;April;Apr;4;Tuesday;Tue;3;1;1066
03.04.2019;20190403;2019;Q2-2019;8078;Q2;01.04.2019;01.04.2019;24232;April;Apr;4;Wednesday;Wed;4;1;1067
04.04.2019;20190404;2019;Q2-2019;8078;Q2;01.04.2019;01.04.2019;24232;April;Apr;4;Thursday;Thu;5;1;1068
05.04.2019;20190405;2019;Q2-2019;8078;Q2;01.04.2019;01.04.2019;24232;April;Apr;4;Friday;Fri;6;1;1069
06.04.2019;20190406;2019;Q2-2019;8078;Q2;01.04.2019;01.04.2019;24232;April;Apr;4;Saturday;Sat;7;0;1069
07.04.2019;20190407;2019;Q2-2019;8078;Q2;01.04.2019;01.04.2019;24232;April;Apr;4;Sunday;Sun;1;0;1069
08.04.2019;20190408;2019;Q2-2019;8078;Q2;01.04.2019;01.04.2019;24232;April;Apr;4;Monday;Mon;2;1;1070
09.04.2019;20190409;2019;Q2-2019;8078;Q2;01.04.2019;01.04.2019;24232;April;Apr;4;Tuesday;Tue;3;1;1071
10.04.2019;20190410;2019;Q2-2019;8078;Q2;01.04.2019;01.04.2019;24232;April;Apr;4;Wednesday;Wed;4;1;1072
11.04.2019;20190411;2019;Q2-2019;8078;Q2;01.04.2019;01.04.2019;24232;April;Apr;4;Thursday;Thu;5;1;1073
12.04.2019;20190412;2019;Q2-2019;8078;Q2;01.04.2019;01.04.2019;24232;April;Apr;4;Friday;Fri;6;1;1074
13.04.2019;20190413;2019;Q2-2019;8078;Q2;01.04.2019;01.04.2019;24232;April;Apr;4;Saturday;Sat;7;0;1074
14.04.2019;20190414;2019;Q2-2019;8078;Q2;01.04.2019;01.04.2019;24232;April;Apr;4;Sunday;Sun;1;0;1074
15.04.2019;20190415;2019;Q2-2019;8078;Q2;01.04.2019;01.04.2019;24232;April;Apr;4;Monday;Mon;2;1;1075
16.04.2019;20190416;2019;Q2-2019;8078;Q2;01.04.2019;01.04.2019;24232;April;Apr;4;Tuesday;Tue;3;1;1076
17.04.2019;20190417;2019;Q2-2019;8078;Q2;01.04.2019;01.04.2019;24232;April;Apr;4;Wednesday;Wed;4;1;1077
18.04.2019;20190418;2019;Q2-2019;8078;Q2;01.04.2019;01.04.2019;24232;April;Apr;4;Thursday;Thu;5;1;1078
19.04.2019;20190419;2019;Q2-2019;8078;Q2;01.04.2019;01.04.2019;24232;April;Apr;4;Friday;Fri;6;1;1079
20.04.2019;20190420;2019;Q2-2019;8078;Q2;01.04.2019;01.04.2019;24232;April;Apr;4;Saturday;Sat;7;0;1079
21.04.2019;20190421;2019;Q2-2019;8078;Q2;01.04.2019;01.04.2019;24232;April;Apr;4;Sunday;Sun;1;0;1079
22.04.2019;20190422;2019;Q2-2019;8078;Q2;01.04.2019;01.04.2019;24232;April;Apr;4;Monday;Mon;2;1;1080
23.04.2019;20190423;2019;Q2-2019;8078;Q2;01.04.2019;01.04.2019;24232;April;Apr;4;Tuesday;Tue;3;1;1081
24.04.2019;20190424;2019;Q2-2019;8078;Q2;01.04.2019;01.04.2019;24232;April;Apr;4;Wednesday;Wed;4;1;1082
25.04.2019;20190425;2019;Q2-2019;8078;Q2;01.04.2019;01.04.2019;24232;April;Apr;4;Thursday;Thu;5;1;1083
26.04.2019;20190426;2019;Q2-2019;8078;Q2;01.04.2019;01.04.2019;24232;April;Apr;4;Friday;Fri;6;1;1084
27.04.2019;20190427;2019;Q2-2019;8078;Q2;01.04.2019;01.04.2019;24232;April;Apr;4;Saturday;Sat;7;0;1084
28.04.2019;20190428;2019;Q2-2019;8078;Q2;01.04.2019;01.04.2019;24232;April;Apr;4;Sunday;Sun;1;0;1084
29.04.2019;20190429;2019;Q2-2019;8078;Q2;01.04.2019;01.04.2019;24232;April;Apr;4;Monday;Mon;2;1;1085
30.04.2019;20190430;2019;Q2-2019;8078;Q2;01.04.2019;01.04.2019;24232;April;Apr;4;Tuesday;Tue;3;1;1086
01.05.2019;20190501;2019;Q2-2019;8078;Q2;01.05.2019;01.05.2019;24233;May;May;5;Wednesday;Wed;4;1;1087
02.05.2019;20190502;2019;Q2-2019;8078;Q2;01.05.2019;01.05.2019;24233;May;May;5;Thursday;Thu;5;1;1088
03.05.2019;20190503;2019;Q2-2019;8078;Q2;01.05.2019;01.05.2019;24233;May;May;5;Friday;Fri;6;1;1089
04.05.2019;20190504;2019;Q2-2019;8078;Q2;01.05.2019;01.05.2019;24233;May;May;5;Saturday;Sat;7;0;1089
05.05.2019;20190505;2019;Q2-2019;8078;Q2;01.05.2019;01.05.2019;24233;May;May;5;Sunday;Sun;1;0;1089
06.05.2019;20190506;2019;Q2-2019;8078;Q2;01.05.2019;01.05.2019;24233;May;May;5;Monday;Mon;2;1;1090
07.05.2019;20190507;2019;Q2-2019;8078;Q2;01.05.2019;01.05.2019;24233;May;May;5;Tuesday;Tue;3;1;1091
08.05.2019;20190508;2019;Q2-2019;8078;Q2;01.05.2019;01.05.2019;24233;May;May;5;Wednesday;Wed;4;1;1092
09.05.2019;20190509;2019;Q2-2019;8078;Q2;01.05.2019;01.05.2019;24233;May;May;5;Thursday;Thu;5;1;1093
10.05.2019;20190510;2019;Q2-2019;8078;Q2;01.05.2019;01.05.2019;24233;May;May;5;Friday;Fri;6;1;1094
11.05.2019;20190511;2019;Q2-2019;8078;Q2;01.05.2019;01.05.2019;24233;May;May;5;Saturday;Sat;7;0;1094
12.05.2019;20190512;2019;Q2-2019;8078;Q2;01.05.2019;01.05.2019;24233;May;May;5;Sunday;Sun;1;0;1094
13.05.2019;20190513;2019;Q2-2019;8078;Q2;01.05.2019;01.05.2019;24233;May;May;5;Monday;Mon;2;1;1095
14.05.2019;20190514;2019;Q2-2019;8078;Q2;01.05.2019;01.05.2019;24233;May;May;5;Tuesday;Tue;3;1;1096
15.05.2019;20190515;2019;Q2-2019;8078;Q2;01.05.2019;01.05.2019;24233;May;May;5;Wednesday;Wed;4;1;1097
16.05.2019;20190516;2019;Q2-2019;8078;Q2;01.05.2019;01.05.2019;24233;May;May;5;Thursday;Thu;5;1;1098
17.05.2019;20190517;2019;Q2-2019;8078;Q2;01.05.2019;01.05.2019;24233;May;May;5;Friday;Fri;6;1;1099
18.05.2019;20190518;2019;Q2-2019;8078;Q2;01.05.2019;01.05.2019;24233;May;May;5;Saturday;Sat;7;0;1099
19.05.2019;20190519;2019;Q2-2019;8078;Q2;01.05.2019;01.05.2019;24233;May;May;5;Sunday;Sun;1;0;1099
20.05.2019;20190520;2019;Q2-2019;8078;Q2;01.05.2019;01.05.2019;24233;May;May;5;Monday;Mon;2;1;1100
21.05.2019;20190521;2019;Q2-2019;8078;Q2;01.05.2019;01.05.2019;24233;May;May;5;Tuesday;Tue;3;1;1101
22.05.2019;20190522;2019;Q2-2019;8078;Q2;01.05.2019;01.05.2019;24233;May;May;5;Wednesday;Wed;4;1;1102
23.05.2019;20190523;2019;Q2-2019;8078;Q2;01.05.2019;01.05.2019;24233;May;May;5;Thursday;Thu;5;1;1103
24.05.2019;20190524;2019;Q2-2019;8078;Q2;01.05.2019;01.05.2019;24233;May;May;5;Friday;Fri;6;1;1104
25.05.2019;20190525;2019;Q2-2019;8078;Q2;01.05.2019;01.05.2019;24233;May;May;5;Saturday;Sat;7;0;1104
26.05.2019;20190526;2019;Q2-2019;8078;Q2;01.05.2019;01.05.2019;24233;May;May;5;Sunday;Sun;1;0;1104
27.05.2019;20190527;2019;Q2-2019;8078;Q2;01.05.2019;01.05.2019;24233;May;May;5;Monday;Mon;2;0;1104
28.05.2019;20190528;2019;Q2-2019;8078;Q2;01.05.2019;01.05.2019;24233;May;May;5;Tuesday;Tue;3;1;1105
29.05.2019;20190529;2019;Q2-2019;8078;Q2;01.05.2019;01.05.2019;24233;May;May;5;Wednesday;Wed;4;1;1106
30.05.2019;20190530;2019;Q2-2019;8078;Q2;01.05.2019;01.05.2019;24233;May;May;5;Thursday;Thu;5;1;1107
31.05.2019;20190531;2019;Q2-2019;8078;Q2;01.05.2019;01.05.2019;24233;May;May;5;Friday;Fri;6;1;1108
01.06.2019;20190601;2019;Q2-2019;8078;Q2;01.06.2019;01.06.2019;24234;June;Jun;6;Saturday;Sat;7;0;1108
02.06.2019;20190602;2019;Q2-2019;8078;Q2;01.06.2019;01.06.2019;24234;June;Jun;6;Sunday;Sun;1;0;1108
03.06.2019;20190603;2019;Q2-2019;8078;Q2;01.06.2019;01.06.2019;24234;June;Jun;6;Monday;Mon;2;1;1109
04.06.2019;20190604;2019;Q2-2019;8078;Q2;01.06.2019;01.06.2019;24234;June;Jun;6;Tuesday;Tue;3;1;1110
05.06.2019;20190605;2019;Q2-2019;8078;Q2;01.06.2019;01.06.2019;24234;June;Jun;6;Wednesday;Wed;4;1;1111
06.06.2019;20190606;2019;Q2-2019;8078;Q2;01.06.2019;01.06.2019;24234;June;Jun;6;Thursday;Thu;5;1;1112
07.06.2019;20190607;2019;Q2-2019;8078;Q2;01.06.2019;01.06.2019;24234;June;Jun;6;Friday;Fri;6;1;1113
08.06.2019;20190608;2019;Q2-2019;8078;Q2;01.06.2019;01.06.2019;24234;June;Jun;6;Saturday;Sat;7;0;1113
09.06.2019;20190609;2019;Q2-2019;8078;Q2;01.06.2019;01.06.2019;24234;June;Jun;6;Sunday;Sun;1;0;1113
10.06.2019;20190610;2019;Q2-2019;8078;Q2;01.06.2019;01.06.2019;24234;June;Jun;6;Monday;Mon;2;1;1114
11.06.2019;20190611;2019;Q2-2019;8078;Q2;01.06.2019;01.06.2019;24234;June;Jun;6;Tuesday;Tue;3;1;1115
12.06.2019;20190612;2019;Q2-2019;8078;Q2;01.06.2019;01.06.2019;24234;June;Jun;6;Wednesday;Wed;4;1;1116
13.06.2019;20190613;2019;Q2-2019;8078;Q2;01.06.2019;01.06.2019;24234;June;Jun;6;Thursday;Thu;5;1;1117
14.06.2019;20190614;2019;Q2-2019;8078;Q2;01.06.2019;01.06.2019;24234;June;Jun;6;Friday;Fri;6;1;1118
15.06.2019;20190615;2019;Q2-2019;8078;Q2;01.06.2019;01.06.2019;24234;June;Jun;6;Saturday;Sat;7;0;1118
16.06.2019;20190616;2019;Q2-2019;8078;Q2;01.06.2019;01.06.2019;24234;June;Jun;6;Sunday;Sun;1;0;1118
17.06.2019;20190617;2019;Q2-2019;8078;Q2;01.06.2019;01.06.2019;24234;June;Jun;6;Monday;Mon;2;1;1119
18.06.2019;20190618;2019;Q2-2019;8078;Q2;01.06.2019;01.06.2019;24234;June;Jun;6;Tuesday;Tue;3;1;1120
19.06.2019;20190619;2019;Q2-2019;8078;Q2;01.06.2019;01.06.2019;24234;June;Jun;6;Wednesday;Wed;4;1;1121
20.06.2019;20190620;2019;Q2-2019;8078;Q2;01.06.2019;01.06.2019;24234;June;Jun;6;Thursday;Thu;5;1;1122
21.06.2019;20190621;2019;Q2-2019;8078;Q2;01.06.2019;01.06.2019;24234;June;Jun;6;Friday;Fri;6;1;1123
22.06.2019;20190622;2019;Q2-2019;8078;Q2;01.06.2019;01.06.2019;24234;June;Jun;6;Saturday;Sat;7;0;1123
23.06.2019;20190623;2019;Q2-2019;8078;Q2;01.06.2019;01.06.2019;24234;June;Jun;6;Sunday;Sun;1;0;1123
24.06.2019;20190624;2019;Q2-2019;8078;Q2;01.06.2019;01.06.2019;24234;June;Jun;6;Monday;Mon;2;1;1124
25.06.2019;20190625;2019;Q2-2019;8078;Q2;01.06.2019;01.06.2019;24234;June;Jun;6;Tuesday;Tue;3;1;1125
26.06.2019;20190626;2019;Q2-2019;8078;Q2;01.06.2019;01.06.2019;24234;June;Jun;6;Wednesday;Wed;4;1;1126
27.06.2019;20190627;2019;Q2-2019;8078;Q2;01.06.2019;01.06.2019;24234;June;Jun;6;Thursday;Thu;5;1;1127
28.06.2019;20190628;2019;Q2-2019;8078;Q2;01.06.2019;01.06.2019;24234;June;Jun;6;Friday;Fri;6;1;1128
29.06.2019;20190629;2019;Q2-2019;8078;Q2;01.06.2019;01.06.2019;24234;June;Jun;6;Saturday;Sat;7;0;1128
30.06.2019;20190630;2019;Q2-2019;8078;Q2;01.06.2019;01.06.2019;24234;June;Jun;6;Sunday;Sun;1;0;1128
01.07.2019;20190701;2019;Q3-2019;8079;Q3;01.07.2019;01.07.2019;24235;July;Jul;7;Monday;Mon;2;1;1129
02.07.2019;20190702;2019;Q3-2019;8079;Q3;01.07.2019;01.07.2019;24235;July;Jul;7;Tuesday;Tue;3;1;1130
03.07.2019;20190703;2019;Q3-2019;8079;Q3;01.07.2019;01.07.2019;24235;July;Jul;7;Wednesday;Wed;4;1;1131
04.07.2019;20190704;2019;Q3-2019;8079;Q3;01.07.2019;01.07.2019;24235;July;Jul;7;Thursday;Thu;5;0;1131
05.07.2019;20190705;2019;Q3-2019;8079;Q3;01.07.2019;01.07.2019;24235;July;Jul;7;Friday;Fri;6;1;1132
06.07.2019;20190706;2019;Q3-2019;8079;Q3;01.07.2019;01.07.2019;24235;July;Jul;7;Saturday;Sat;7;0;1132
07.07.2019;20190707;2019;Q3-2019;8079;Q3;01.07.2019;01.07.2019;24235;July;Jul;7;Sunday;Sun;1;0;1132
08.07.2019;20190708;2019;Q3-2019;8079;Q3;01.07.2019;01.07.2019;24235;July;Jul;7;Monday;Mon;2;1;1133
09.07.2019;20190709;2019;Q3-2019;8079;Q3;01.07.2019;01.07.2019;24235;July;Jul;7;Tuesday;Tue;3;1;1134
10.07.2019;20190710;2019;Q3-2019;8079;Q3;01.07.2019;01.07.2019;24235;July;Jul;7;Wednesday;Wed;4;1;1135
11.07.2019;20190711;2019;Q3-2019;8079;Q3;01.07.2019;01.07.2019;24235;July;Jul;7;Thursday;Thu;5;1;1136
12.07.2019;20190712;2019;Q3-2019;8079;Q3;01.07.2019;01.07.2019;24235;July;Jul;7;Friday;Fri;6;1;1137
13.07.2019;20190713;2019;Q3-2019;8079;Q3;01.07.2019;01.07.2019;24235;July;Jul;7;Saturday;Sat;7;0;1137
14.07.2019;20190714;2019;Q3-2019;8079;Q3;01.07.2019;01.07.2019;24235;July;Jul;7;Sunday;Sun;1;0;1137
15.07.2019;20190715;2019;Q3-2019;8079;Q3;01.07.2019;01.07.2019;24235;July;Jul;7;Monday;Mon;2;1;1138
16.07.2019;20190716;2019;Q3-2019;8079;Q3;01.07.2019;01.07.2019;24235;July;Jul;7;Tuesday;Tue;3;1;1139
17.07.2019;20190717;2019;Q3-2019;8079;Q3;01.07.2019;01.07.2019;24235;July;Jul;7;Wednesday;Wed;4;1;1140
18.07.2019;20190718;2019;Q3-2019;8079;Q3;01.07.2019;01.07.2019;24235;July;Jul;7;Thursday;Thu;5;1;1141
19.07.2019;20190719;2019;Q3-2019;8079;Q3;01.07.2019;01.07.2019;24235;July;Jul;7;Friday;Fri;6;1;1142
20.07.2019;20190720;2019;Q3-2019;8079;Q3;01.07.2019;01.07.2019;24235;July;Jul;7;Saturday;Sat;7;0;1142
21.07.2019;20190721;2019;Q3-2019;8079;Q3;01.07.2019;01.07.2019;24235;July;Jul;7;Sunday;Sun;1;0;1142
22.07.2019;20190722;2019;Q3-2019;8079;Q3;01.07.2019;01.07.2019;24235;July;Jul;7;Monday;Mon;2;1;1143
23.07.2019;20190723;2019;Q3-2019;8079;Q3;01.07.2019;01.07.2019;24235;July;Jul;7;Tuesday;Tue;3;1;1144
24.07.2019;20190724;2019;Q3-2019;8079;Q3;01.07.2019;01.07.2019;24235;July;Jul;7;Wednesday;Wed;4;1;1145
25.07.2019;20190725;2019;Q3-2019;8079;Q3;01.07.2019;01.07.2019;24235;July;Jul;7;Thursday;Thu;5;1;1146
26.07.2019;20190726;2019;Q3-2019;8079;Q3;01.07.2019;01.07.2019;24235;July;Jul;7;Friday;Fri;6;1;1147
27.07.2019;20190727;2019;Q3-2019;8079;Q3;01.07.2019;01.07.2019;24235;July;Jul;7;Saturday;Sat;7;0;1147
28.07.2019;20190728;2019;Q3-2019;8079;Q3;01.07.2019;01.07.2019;24235;July;Jul;7;Sunday;Sun;1;0;1147
29.07.2019;20190729;2019;Q3-2019;8079;Q3;01.07.2019;01.07.2019;24235;July;Jul;7;Monday;Mon;2;1;1148
30.07.2019;20190730;2019;Q3-2019;8079;Q3;01.07.2019;01.07.2019;24235;July;Jul;7;Tuesday;Tue;3;1;1149
31.07.2019;20190731;2019;Q3-2019;8079;Q3;01.07.2019;01.07.2019;24235;July;Jul;7;Wednesday;Wed;4;1;1150
01.08.2019;20190801;2019;Q3-2019;8079;Q3;01.08.2019;01.08.2019;24236;August;Aug;8;Thursday;Thu;5;1;1151
02.08.2019;20190802;2019;Q3-2019;8079;Q3;01.08.2019;01.08.2019;24236;August;Aug;8;Friday;Fri;6;1;1152
03.08.2019;20190803;2019;Q3-2019;8079;Q3;01.08.2019;01.08.2019;24236;August;Aug;8;Saturday;Sat;7;0;1152
04.08.2019;20190804;2019;Q3-2019;8079;Q3;01.08.2019;01.08.2019;24236;August;Aug;8;Sunday;Sun;1;0;1152
05.08.2019;20190805;2019;Q3-2019;8079;Q3;01.08.2019;01.08.2019;24236;August;Aug;8;Monday;Mon;2;1;1153
06.08.2019;20190806;2019;Q3-2019;8079;Q3;01.08.2019;01.08.2019;24236;August;Aug;8;Tuesday;Tue;3;1;1154
07.08.2019;20190807;2019;Q3-2019;8079;Q3;01.08.2019;01.08.2019;24236;August;Aug;8;Wednesday;Wed;4;1;1155
08.08.2019;20190808;2019;Q3-2019;8079;Q3;01.08.2019;01.08.2019;24236;August;Aug;8;Thursday;Thu;5;1;1156
09.08.2019;20190809;2019;Q3-2019;8079;Q3;01.08.2019;01.08.2019;24236;August;Aug;8;Friday;Fri;6;1;1157
10.08.2019;20190810;2019;Q3-2019;8079;Q3;01.08.2019;01.08.2019;24236;August;Aug;8;Saturday;Sat;7;0;1157
11.08.2019;20190811;2019;Q3-2019;8079;Q3;01.08.2019;01.08.2019;24236;August;Aug;8;Sunday;Sun;1;0;1157
12.08.2019;20190812;2019;Q3-2019;8079;Q3;01.08.2019;01.08.2019;24236;August;Aug;8;Monday;Mon;2;1;1158
13.08.2019;20190813;2019;Q3-2019;8079;Q3;01.08.2019;01.08.2019;24236;August;Aug;8;Tuesday;Tue;3;1;1159
14.08.2019;20190814;2019;Q3-2019;8079;Q3;01.08.2019;01.08.2019;24236;August;Aug;8;Wednesday;Wed;4;1;1160
15.08.2019;20190815;2019;Q3-2019;8079;Q3;01.08.2019;01.08.2019;24236;August;Aug;8;Thursday;Thu;5;1;1161
16.08.2019;20190816;2019;Q3-2019;8079;Q3;01.08.2019;01.08.2019;24236;August;Aug;8;Friday;Fri;6;1;1162
17.08.2019;20190817;2019;Q3-2019;8079;Q3;01.08.2019;01.08.2019;24236;August;Aug;8;Saturday;Sat;7;0;1162
18.08.2019;20190818;2019;Q3-2019;8079;Q3;01.08.2019;01.08.2019;24236;August;Aug;8;Sunday;Sun;1;0;1162
19.08.2019;20190819;2019;Q3-2019;8079;Q3;01.08.2019;01.08.2019;24236;August;Aug;8;Monday;Mon;2;1;1163
20.08.2019;20190820;2019;Q3-2019;8079;Q3;01.08.2019;01.08.2019;24236;August;Aug;8;Tuesday;Tue;3;1;1164
21.08.2019;20190821;2019;Q3-2019;8079;Q3;01.08.2019;01.08.2019;24236;August;Aug;8;Wednesday;Wed;4;1;1165
22.08.2019;20190822;2019;Q3-2019;8079;Q3;01.08.2019;01.08.2019;24236;August;Aug;8;Thursday;Thu;5;1;1166
23.08.2019;20190823;2019;Q3-2019;8079;Q3;01.08.2019;01.08.2019;24236;August;Aug;8;Friday;Fri;6;1;1167
24.08.2019;20190824;2019;Q3-2019;8079;Q3;01.08.2019;01.08.2019;24236;August;Aug;8;Saturday;Sat;7;0;1167
25.08.2019;20190825;2019;Q3-2019;8079;Q3;01.08.2019;01.08.2019;24236;August;Aug;8;Sunday;Sun;1;0;1167
26.08.2019;20190826;2019;Q3-2019;8079;Q3;01.08.2019;01.08.2019;24236;August;Aug;8;Monday;Mon;2;1;1168
27.08.2019;20190827;2019;Q3-2019;8079;Q3;01.08.2019;01.08.2019;24236;August;Aug;8;Tuesday;Tue;3;1;1169
28.08.2019;20190828;2019;Q3-2019;8079;Q3;01.08.2019;01.08.2019;24236;August;Aug;8;Wednesday;Wed;4;1;1170
29.08.2019;20190829;2019;Q3-2019;8079;Q3;01.08.2019;01.08.2019;24236;August;Aug;8;Thursday;Thu;5;1;1171
30.08.2019;20190830;2019;Q3-2019;8079;Q3;01.08.2019;01.08.2019;24236;August;Aug;8;Friday;Fri;6;1;1172
31.08.2019;20190831;2019;Q3-2019;8079;Q3;01.08.2019;01.08.2019;24236;August;Aug;8;Saturday;Sat;7;0;1172
01.09.2019;20190901;2019;Q3-2019;8079;Q3;01.09.2019;01.09.2019;24237;September;Sep;9;Sunday;Sun;1;0;1172
02.09.2019;20190902;2019;Q3-2019;8079;Q3;01.09.2019;01.09.2019;24237;September;Sep;9;Monday;Mon;2;0;1172
03.09.2019;20190903;2019;Q3-2019;8079;Q3;01.09.2019;01.09.2019;24237;September;Sep;9;Tuesday;Tue;3;1;1173
04.09.2019;20190904;2019;Q3-2019;8079;Q3;01.09.2019;01.09.2019;24237;September;Sep;9;Wednesday;Wed;4;1;1174
05.09.2019;20190905;2019;Q3-2019;8079;Q3;01.09.2019;01.09.2019;24237;September;Sep;9;Thursday;Thu;5;1;1175
06.09.2019;20190906;2019;Q3-2019;8079;Q3;01.09.2019;01.09.2019;24237;September;Sep;9;Friday;Fri;6;1;1176
07.09.2019;20190907;2019;Q3-2019;8079;Q3;01.09.2019;01.09.2019;24237;September;Sep;9;Saturday;Sat;7;0;1176
08.09.2019;20190908;2019;Q3-2019;8079;Q3;01.09.2019;01.09.2019;24237;September;Sep;9;Sunday;Sun;1;0;1176
09.09.2019;20190909;2019;Q3-2019;8079;Q3;01.09.2019;01.09.2019;24237;September;Sep;9;Monday;Mon;2;1;1177
10.09.2019;20190910;2019;Q3-2019;8079;Q3;01.09.2019;01.09.2019;24237;September;Sep;9;Tuesday;Tue;3;1;1178
11.09.2019;20190911;2019;Q3-2019;8079;Q3;01.09.2019;01.09.2019;24237;September;Sep;9;Wednesday;Wed;4;1;1179
12.09.2019;20190912;2019;Q3-2019;8079;Q3;01.09.2019;01.09.2019;24237;September;Sep;9;Thursday;Thu;5;1;1180
13.09.2019;20190913;2019;Q3-2019;8079;Q3;01.09.2019;01.09.2019;24237;September;Sep;9;Friday;Fri;6;1;1181
14.09.2019;20190914;2019;Q3-2019;8079;Q3;01.09.2019;01.09.2019;24237;September;Sep;9;Saturday;Sat;7;0;1181
15.09.2019;20190915;2019;Q3-2019;8079;Q3;01.09.2019;01.09.2019;24237;September;Sep;9;Sunday;Sun;1;0;1181
16.09.2019;20190916;2019;Q3-2019;8079;Q3;01.09.2019;01.09.2019;24237;September;Sep;9;Monday;Mon;2;1;1182
17.09.2019;20190917;2019;Q3-2019;8079;Q3;01.09.2019;01.09.2019;24237;September;Sep;9;Tuesday;Tue;3;1;1183
18.09.2019;20190918;2019;Q3-2019;8079;Q3;01.09.2019;01.09.2019;24237;September;Sep;9;Wednesday;Wed;4;1;1184
19.09.2019;20190919;2019;Q3-2019;8079;Q3;01.09.2019;01.09.2019;24237;September;Sep;9;Thursday;Thu;5;1;1185
20.09.2019;20190920;2019;Q3-2019;8079;Q3;01.09.2019;01.09.2019;24237;September;Sep;9;Friday;Fri;6;1;1186
21.09.2019;20190921;2019;Q3-2019;8079;Q3;01.09.2019;01.09.2019;24237;September;Sep;9;Saturday;Sat;7;0;1186
22.09.2019;20190922;2019;Q3-2019;8079;Q3;01.09.2019;01.09.2019;24237;September;Sep;9;Sunday;Sun;1;0;1186
23.09.2019;20190923;2019;Q3-2019;8079;Q3;01.09.2019;01.09.2019;24237;September;Sep;9;Monday;Mon;2;1;1187
24.09.2019;20190924;2019;Q3-2019;8079;Q3;01.09.2019;01.09.2019;24237;September;Sep;9;Tuesday;Tue;3;1;1188
25.09.2019;20190925;2019;Q3-2019;8079;Q3;01.09.2019;01.09.2019;24237;September;Sep;9;Wednesday;Wed;4;1;1189
26.09.2019;20190926;2019;Q3-2019;8079;Q3;01.09.2019;01.09.2019;24237;September;Sep;9;Thursday;Thu;5;1;1190
27.09.2019;20190927;2019;Q3-2019;8079;Q3;01.09.2019;01.09.2019;24237;September;Sep;9;Friday;Fri;6;1;1191
28.09.2019;20190928;2019;Q3-2019;8079;Q3;01.09.2019;01.09.2019;24237;September;Sep;9;Saturday;Sat;7;0;1191
29.09.2019;20190929;2019;Q3-2019;8079;Q3;01.09.2019;01.09.2019;24237;September;Sep;9;Sunday;Sun;1;0;1191
30.09.2019;20190930;2019;Q3-2019;8079;Q3;01.09.2019;01.09.2019;24237;September;Sep;9;Monday;Mon;2;1;1192
01.10.2019;20191001;2019;Q4-2019;8080;Q4;01.10.2019;01.10.2019;24238;October;Oct;10;Tuesday;Tue;3;1;1193
02.10.2019;20191002;2019;Q4-2019;8080;Q4;01.10.2019;01.10.2019;24238;October;Oct;10;Wednesday;Wed;4;1;1194
03.10.2019;20191003;2019;Q4-2019;8080;Q4;01.10.2019;01.10.2019;24238;October;Oct;10;Thursday;Thu;5;1;1195
04.10.2019;20191004;2019;Q4-2019;8080;Q4;01.10.2019;01.10.2019;24238;October;Oct;10;Friday;Fri;6;1;1196
05.10.2019;20191005;2019;Q4-2019;8080;Q4;01.10.2019;01.10.2019;24238;October;Oct;10;Saturday;Sat;7;0;1196
06.10.2019;20191006;2019;Q4-2019;8080;Q4;01.10.2019;01.10.2019;24238;October;Oct;10;Sunday;Sun;1;0;1196
07.10.2019;20191007;2019;Q4-2019;8080;Q4;01.10.2019;01.10.2019;24238;October;Oct;10;Monday;Mon;2;1;1197
08.10.2019;20191008;2019;Q4-2019;8080;Q4;01.10.2019;01.10.2019;24238;October;Oct;10;Tuesday;Tue;3;1;1198
09.10.2019;20191009;2019;Q4-2019;8080;Q4;01.10.2019;01.10.2019;24238;October;Oct;10;Wednesday;Wed;4;1;1199
10.10.2019;20191010;2019;Q4-2019;8080;Q4;01.10.2019;01.10.2019;24238;October;Oct;10;Thursday;Thu;5;1;1200
11.10.2019;20191011;2019;Q4-2019;8080;Q4;01.10.2019;01.10.2019;24238;October;Oct;10;Friday;Fri;6;1;1201
12.10.2019;20191012;2019;Q4-2019;8080;Q4;01.10.2019;01.10.2019;24238;October;Oct;10;Saturday;Sat;7;0;1201
13.10.2019;20191013;2019;Q4-2019;8080;Q4;01.10.2019;01.10.2019;24238;October;Oct;10;Sunday;Sun;1;0;1201
14.10.2019;20191014;2019;Q4-2019;8080;Q4;01.10.2019;01.10.2019;24238;October;Oct;10;Monday;Mon;2;0;1201
15.10.2019;20191015;2019;Q4-2019;8080;Q4;01.10.2019;01.10.2019;24238;October;Oct;10;Tuesday;Tue;3;1;1202
16.10.2019;20191016;2019;Q4-2019;8080;Q4;01.10.2019;01.10.2019;24238;October;Oct;10;Wednesday;Wed;4;1;1203
17.10.2019;20191017;2019;Q4-2019;8080;Q4;01.10.2019;01.10.2019;24238;October;Oct;10;Thursday;Thu;5;1;1204
18.10.2019;20191018;2019;Q4-2019;8080;Q4;01.10.2019;01.10.2019;24238;October;Oct;10;Friday;Fri;6;1;1205
19.10.2019;20191019;2019;Q4-2019;8080;Q4;01.10.2019;01.10.2019;24238;October;Oct;10;Saturday;Sat;7;0;1205
20.10.2019;20191020;2019;Q4-2019;8080;Q4;01.10.2019;01.10.2019;24238;October;Oct;10;Sunday;Sun;1;0;1205
21.10.2019;20191021;2019;Q4-2019;8080;Q4;01.10.2019;01.10.2019;24238;October;Oct;10;Monday;Mon;2;1;1206
22.10.2019;20191022;2019;Q4-2019;8080;Q4;01.10.2019;01.10.2019;24238;October;Oct;10;Tuesday;Tue;3;1;1207
23.10.2019;20191023;2019;Q4-2019;8080;Q4;01.10.2019;01.10.2019;24238;October;Oct;10;Wednesday;Wed;4;1;1208
24.10.2019;20191024;2019;Q4-2019;8080;Q4;01.10.2019;01.10.2019;24238;October;Oct;10;Thursday;Thu;5;1;1209
25.10.2019;20191025;2019;Q4-2019;8080;Q4;01.10.2019;01.10.2019;24238;October;Oct;10;Friday;Fri;6;1;1210
26.10.2019;20191026;2019;Q4-2019;8080;Q4;01.10.2019;01.10.2019;24238;October;Oct;10;Saturday;Sat;7;0;1210
27.10.2019;20191027;2019;Q4-2019;8080;Q4;01.10.2019;01.10.2019;24238;October;Oct;10;Sunday;Sun;1;0;1210
28.10.2019;20191028;2019;Q4-2019;8080;Q4;01.10.2019;01.10.2019;24238;October;Oct;10;Monday;Mon;2;1;1211
29.10.2019;20191029;2019;Q4-2019;8080;Q4;01.10.2019;01.10.2019;24238;October;Oct;10;Tuesday;Tue;3;1;1212
30.10.2019;20191030;2019;Q4-2019;8080;Q4;01.10.2019;01.10.2019;24238;October;Oct;10;Wednesday;Wed;4;1;1213
31.10.2019;20191031;2019;Q4-2019;8080;Q4;01.10.2019;01.10.2019;24238;October;Oct;10;Thursday;Thu;5;1;1214
01.11.2019;20191101;2019;Q4-2019;8080;Q4;01.11.2019;01.11.2019;24239;November;Nov;11;Friday;Fri;6;1;1215
02.11.2019;20191102;2019;Q4-2019;8080;Q4;01.11.2019;01.11.2019;24239;November;Nov;11;Saturday;Sat;7;0;1215
03.11.2019;20191103;2019;Q4-2019;8080;Q4;01.11.2019;01.11.2019;24239;November;Nov;11;Sunday;Sun;1;0;1215
04.11.2019;20191104;2019;Q4-2019;8080;Q4;01.11.2019;01.11.2019;24239;November;Nov;11;Monday;Mon;2;1;1216
05.11.2019;20191105;2019;Q4-2019;8080;Q4;01.11.2019;01.11.2019;24239;November;Nov;11;Tuesday;Tue;3;1;1217
06.11.2019;20191106;2019;Q4-2019;8080;Q4;01.11.2019;01.11.2019;24239;November;Nov;11;Wednesday;Wed;4;1;1218
07.11.2019;20191107;2019;Q4-2019;8080;Q4;01.11.2019;01.11.2019;24239;November;Nov;11;Thursday;Thu;5;1;1219
08.11.2019;20191108;2019;Q4-2019;8080;Q4;01.11.2019;01.11.2019;24239;November;Nov;11;Friday;Fri;6;1;1220
09.11.2019;20191109;2019;Q4-2019;8080;Q4;01.11.2019;01.11.2019;24239;November;Nov;11;Saturday;Sat;7;0;1220
10.11.2019;20191110;2019;Q4-2019;8080;Q4;01.11.2019;01.11.2019;24239;November;Nov;11;Sunday;Sun;1;0;1220
11.11.2019;20191111;2019;Q4-2019;8080;Q4;01.11.2019;01.11.2019;24239;November;Nov;11;Monday;Mon;2;0;1220
12.11.2019;20191112;2019;Q4-2019;8080;Q4;01.11.2019;01.11.2019;24239;November;Nov;11;Tuesday;Tue;3;1;1221
13.11.2019;20191113;2019;Q4-2019;8080;Q4;01.11.2019;01.11.2019;24239;November;Nov;11;Wednesday;Wed;4;1;1222
14.11.2019;20191114;2019;Q4-2019;8080;Q4;01.11.2019;01.11.2019;24239;November;Nov;11;Thursday;Thu;5;1;1223
15.11.2019;20191115;2019;Q4-2019;8080;Q4;01.11.2019;01.11.2019;24239;November;Nov;11;Friday;Fri;6;1;1224
16.11.2019;20191116;2019;Q4-2019;8080;Q4;01.11.2019;01.11.2019;24239;November;Nov;11;Saturday;Sat;7;0;1224
17.11.2019;20191117;2019;Q4-2019;8080;Q4;01.11.2019;01.11.2019;24239;November;Nov;11;Sunday;Sun;1;0;1224
18.11.2019;20191118;2019;Q4-2019;8080;Q4;01.11.2019;01.11.2019;24239;November;Nov;11;Monday;Mon;2;1;1225
19.11.2019;20191119;2019;Q4-2019;8080;Q4;01.11.2019;01.11.2019;24239;November;Nov;11;Tuesday;Tue;3;1;1226
20.11.2019;20191120;2019;Q4-2019;8080;Q4;01.11.2019;01.11.2019;24239;November;Nov;11;Wednesday;Wed;4;1;1227
21.11.2019;20191121;2019;Q4-2019;8080;Q4;01.11.2019;01.11.2019;24239;November;Nov;11;Thursday;Thu;5;1;1228
22.11.2019;20191122;2019;Q4-2019;8080;Q4;01.11.2019;01.11.2019;24239;November;Nov;11;Friday;Fri;6;1;1229
23.11.2019;20191123;2019;Q4-2019;8080;Q4;01.11.2019;01.11.2019;24239;November;Nov;11;Saturday;Sat;7;0;1229
24.11.2019;20191124;2019;Q4-2019;8080;Q4;01.11.2019;01.11.2019;24239;November;Nov;11;Sunday;Sun;1;0;1229
25.11.2019;20191125;2019;Q4-2019;8080;Q4;01.11.2019;01.11.2019;24239;November;Nov;11;Monday;Mon;2;1;1230
26.11.2019;20191126;2019;Q4-2019;8080;Q4;01.11.2019;01.11.2019;24239;November;Nov;11;Tuesday;Tue;3;1;1231
27.11.2019;20191127;2019;Q4-2019;8080;Q4;01.11.2019;01.11.2019;24239;November;Nov;11;Wednesday;Wed;4;1;1232
28.11.2019;20191128;2019;Q4-2019;8080;Q4;01.11.2019;01.11.2019;24239;November;Nov;11;Thursday;Thu;5;0;1232
29.11.2019;20191129;2019;Q4-2019;8080;Q4;01.11.2019;01.11.2019;24239;November;Nov;11;Friday;Fri;6;1;1233
30.11.2019;20191130;2019;Q4-2019;8080;Q4;01.11.2019;01.11.2019;24239;November;Nov;11;Saturday;Sat;7;0;1233
01.12.2019;20191201;2019;Q4-2019;8080;Q4;01.12.2019;01.12.2019;24240;December;Dec;12;Sunday;Sun;1;0;1233
02.12.2019;20191202;2019;Q4-2019;8080;Q4;01.12.2019;01.12.2019;24240;December;Dec;12;Monday;Mon;2;1;1234
03.12.2019;20191203;2019;Q4-2019;8080;Q4;01.12.2019;01.12.2019;24240;December;Dec;12;Tuesday;Tue;3;1;1235
04.12.2019;20191204;2019;Q4-2019;8080;Q4;01.12.2019;01.12.2019;24240;December;Dec;12;Wednesday;Wed;4;1;1236
05.12.2019;20191205;2019;Q4-2019;8080;Q4;01.12.2019;01.12.2019;24240;December;Dec;12;Thursday;Thu;5;1;1237
06.12.2019;20191206;2019;Q4-2019;8080;Q4;01.12.2019;01.12.2019;24240;December;Dec;12;Friday;Fri;6;1;1238
07.12.2019;20191207;2019;Q4-2019;8080;Q4;01.12.2019;01.12.2019;24240;December;Dec;12;Saturday;Sat;7;0;1238
08.12.2019;20191208;2019;Q4-2019;8080;Q4;01.12.2019;01.12.2019;24240;December;Dec;12;Sunday;Sun;1;0;1238
09.12.2019;20191209;2019;Q4-2019;8080;Q4;01.12.2019;01.12.2019;24240;December;Dec;12;Monday;Mon;2;1;1239
10.12.2019;20191210;2019;Q4-2019;8080;Q4;01.12.2019;01.12.2019;24240;December;Dec;12;Tuesday;Tue;3;1;1240
11.12.2019;20191211;2019;Q4-2019;8080;Q4;01.12.2019;01.12.2019;24240;December;Dec;12;Wednesday;Wed;4;1;1241
12.12.2019;20191212;2019;Q4-2019;8080;Q4;01.12.2019;01.12.2019;24240;December;Dec;12;Thursday;Thu;5;1;1242
13.12.2019;20191213;2019;Q4-2019;8080;Q4;01.12.2019;01.12.2019;24240;December;Dec;12;Friday;Fri;6;1;1243
14.12.2019;20191214;2019;Q4-2019;8080;Q4;01.12.2019;01.12.2019;24240;December;Dec;12;Saturday;Sat;7;0;1243
15.12.2019;20191215;2019;Q4-2019;8080;Q4;01.12.2019;01.12.2019;24240;December;Dec;12;Sunday;Sun;1;0;1243
16.12.2019;20191216;2019;Q4-2019;8080;Q4;01.12.2019;01.12.2019;24240;December;Dec;12;Monday;Mon;2;1;1244
17.12.2019;20191217;2019;Q4-2019;8080;Q4;01.12.2019;01.12.2019;24240;December;Dec;12;Tuesday;Tue;3;1;1245
18.12.2019;20191218;2019;Q4-2019;8080;Q4;01.12.2019;01.12.2019;24240;December;Dec;12;Wednesday;Wed;4;1;1246
19.12.2019;20191219;2019;Q4-2019;8080;Q4;01.12.2019;01.12.2019;24240;December;Dec;12;Thursday;Thu;5;1;1247
20.12.2019;20191220;2019;Q4-2019;8080;Q4;01.12.2019;01.12.2019;24240;December;Dec;12;Friday;Fri;6;1;1248
21.12.2019;20191221;2019;Q4-2019;8080;Q4;01.12.2019;01.12.2019;24240;December;Dec;12;Saturday;Sat;7;0;1248
22.12.2019;20191222;2019;Q4-2019;8080;Q4;01.12.2019;01.12.2019;24240;December;Dec;12;Sunday;Sun;1;0;1248
23.12.2019;20191223;2019;Q4-2019;8080;Q4;01.12.2019;01.12.2019;24240;December;Dec;12;Monday;Mon;2;1;1249
24.12.2019;20191224;2019;Q4-2019;8080;Q4;01.12.2019;01.12.2019;24240;December;Dec;12;Tuesday;Tue;3;1;1250
25.12.2019;20191225;2019;Q4-2019;8080;Q4;01.12.2019;01.12.2019;24240;December;Dec;12;Wednesday;Wed;4;0;1250
26.12.2019;20191226;2019;Q4-2019;8080;Q4;01.12.2019;01.12.2019;24240;December;Dec;12;Thursday;Thu;5;1;1251
27.12.2019;20191227;2019;Q4-2019;8080;Q4;01.12.2019;01.12.2019;24240;December;Dec;12;Friday;Fri;6;1;1252
28.12.2019;20191228;2019;Q4-2019;8080;Q4;01.12.2019;01.12.2019;24240;December;Dec;12;Saturday;Sat;7;0;1252
29.12.2019;20191229;2019;Q4-2019;8080;Q4;01.12.2019;01.12.2019;24240;December;Dec;12;Sunday;Sun;1;0;1252
30.12.2019;20191230;2019;Q4-2019;8080;Q4;01.12.2019;01.12.2019;24240;December;Dec;12;Monday;Mon;2;1;1253
31.12.2019;20191231;2019;Q4-2019;8080;Q4;01.12.2019;01.12.2019;24240;December;Dec;12;Tuesday;Tue;3;1;1254
01.01.2020;20200101;2020;Q1-2020;8081;Q1;01.01.2020;01.01.2020;24241;January;Jan;1;Wednesday;Wed;4;0;1254
02.01.2020;20200102;2020;Q1-2020;8081;Q1;01.01.2020;01.01.2020;24241;January;Jan;1;Thursday;Thu;5;1;1255
03.01.2020;20200103;2020;Q1-2020;8081;Q1;01.01.2020;01.01.2020;24241;January;Jan;1;Friday;Fri;6;1;1256
04.01.2020;20200104;2020;Q1-2020;8081;Q1;01.01.2020;01.01.2020;24241;January;Jan;1;Saturday;Sat;7;0;1256
05.01.2020;20200105;2020;Q1-2020;8081;Q1;01.01.2020;01.01.2020;24241;January;Jan;1;Sunday;Sun;1;0;1256
06.01.2020;20200106;2020;Q1-2020;8081;Q1;01.01.2020;01.01.2020;24241;January;Jan;1;Monday;Mon;2;1;1257
07.01.2020;20200107;2020;Q1-2020;8081;Q1;01.01.2020;01.01.2020;24241;January;Jan;1;Tuesday;Tue;3;1;1258
08.01.2020;20200108;2020;Q1-2020;8081;Q1;01.01.2020;01.01.2020;24241;January;Jan;1;Wednesday;Wed;4;1;1259
09.01.2020;20200109;2020;Q1-2020;8081;Q1;01.01.2020;01.01.2020;24241;January;Jan;1;Thursday;Thu;5;1;1260
10.01.2020;20200110;2020;Q1-2020;8081;Q1;01.01.2020;01.01.2020;24241;January;Jan;1;Friday;Fri;6;1;1261
11.01.2020;20200111;2020;Q1-2020;8081;Q1;01.01.2020;01.01.2020;24241;January;Jan;1;Saturday;Sat;7;0;1261
12.01.2020;20200112;2020;Q1-2020;8081;Q1;01.01.2020;01.01.2020;24241;January;Jan;1;Sunday;Sun;1;0;1261
13.01.2020;20200113;2020;Q1-2020;8081;Q1;01.01.2020;01.01.2020;24241;January;Jan;1;Monday;Mon;2;1;1262
14.01.2020;20200114;2020;Q1-2020;8081;Q1;01.01.2020;01.01.2020;24241;January;Jan;1;Tuesday;Tue;3;1;1263
15.01.2020;20200115;2020;Q1-2020;8081;Q1;01.01.2020;01.01.2020;24241;January;Jan;1;Wednesday;Wed;4;1;1264
16.01.2020;20200116;2020;Q1-2020;8081;Q1;01.01.2020;01.01.2020;24241;January;Jan;1;Thursday;Thu;5;1;1265
17.01.2020;20200117;2020;Q1-2020;8081;Q1;01.01.2020;01.01.2020;24241;January;Jan;1;Friday;Fri;6;1;1266
18.01.2020;20200118;2020;Q1-2020;8081;Q1;01.01.2020;01.01.2020;24241;January;Jan;1;Saturday;Sat;7;0;1266
19.01.2020;20200119;2020;Q1-2020;8081;Q1;01.01.2020;01.01.2020;24241;January;Jan;1;Sunday;Sun;1;0;1266
20.01.2020;20200120;2020;Q1-2020;8081;Q1;01.01.2020;01.01.2020;24241;January;Jan;1;Monday;Mon;2;0;1266
21.01.2020;20200121;2020;Q1-2020;8081;Q1;01.01.2020;01.01.2020;24241;January;Jan;1;Tuesday;Tue;3;1;1267
22.01.2020;20200122;2020;Q1-2020;8081;Q1;01.01.2020;01.01.2020;24241;January;Jan;1;Wednesday;Wed;4;1;1268
23.01.2020;20200123;2020;Q1-2020;8081;Q1;01.01.2020;01.01.2020;24241;January;Jan;1;Thursday;Thu;5;1;1269
24.01.2020;20200124;2020;Q1-2020;8081;Q1;01.01.2020;01.01.2020;24241;January;Jan;1;Friday;Fri;6;1;1270
25.01.2020;20200125;2020;Q1-2020;8081;Q1;01.01.2020;01.01.2020;24241;January;Jan;1;Saturday;Sat;7;0;1270
26.01.2020;20200126;2020;Q1-2020;8081;Q1;01.01.2020;01.01.2020;24241;January;Jan;1;Sunday;Sun;1;0;1270
27.01.2020;20200127;2020;Q1-2020;8081;Q1;01.01.2020;01.01.2020;24241;January;Jan;1;Monday;Mon;2;1;1271
28.01.2020;20200128;2020;Q1-2020;8081;Q1;01.01.2020;01.01.2020;24241;January;Jan;1;Tuesday;Tue;3;1;1272
29.01.2020;20200129;2020;Q1-2020;8081;Q1;01.01.2020;01.01.2020;24241;January;Jan;1;Wednesday;Wed;4;1;1273
30.01.2020;20200130;2020;Q1-2020;8081;Q1;01.01.2020;01.01.2020;24241;January;Jan;1;Thursday;Thu;5;1;1274
31.01.2020;20200131;2020;Q1-2020;8081;Q1;01.01.2020;01.01.2020;24241;January;Jan;1;Friday;Fri;6;1;1275
01.02.2020;20200201;2020;Q1-2020;8081;Q1;01.02.2020;01.02.2020;24242;February;Feb;2;Saturday;Sat;7;0;1275
02.02.2020;20200202;2020;Q1-2020;8081;Q1;01.02.2020;01.02.2020;24242;February;Feb;2;Sunday;Sun;1;0;1275
03.02.2020;20200203;2020;Q1-2020;8081;Q1;01.02.2020;01.02.2020;24242;February;Feb;2;Monday;Mon;2;1;1276
04.02.2020;20200204;2020;Q1-2020;8081;Q1;01.02.2020;01.02.2020;24242;February;Feb;2;Tuesday;Tue;3;1;1277
05.02.2020;20200205;2020;Q1-2020;8081;Q1;01.02.2020;01.02.2020;24242;February;Feb;2;Wednesday;Wed;4;1;1278
06.02.2020;20200206;2020;Q1-2020;8081;Q1;01.02.2020;01.02.2020;24242;February;Feb;2;Thursday;Thu;5;1;1279
07.02.2020;20200207;2020;Q1-2020;8081;Q1;01.02.2020;01.02.2020;24242;February;Feb;2;Friday;Fri;6;1;1280
08.02.2020;20200208;2020;Q1-2020;8081;Q1;01.02.2020;01.02.2020;24242;February;Feb;2;Saturday;Sat;7;0;1280
09.02.2020;20200209;2020;Q1-2020;8081;Q1;01.02.2020;01.02.2020;24242;February;Feb;2;Sunday;Sun;1;0;1280
10.02.2020;20200210;2020;Q1-2020;8081;Q1;01.02.2020;01.02.2020;24242;February;Feb;2;Monday;Mon;2;1;1281
11.02.2020;20200211;2020;Q1-2020;8081;Q1;01.02.2020;01.02.2020;24242;February;Feb;2;Tuesday;Tue;3;1;1282
12.02.2020;20200212;2020;Q1-2020;8081;Q1;01.02.2020;01.02.2020;24242;February;Feb;2;Wednesday;Wed;4;1;1283
13.02.2020;20200213;2020;Q1-2020;8081;Q1;01.02.2020;01.02.2020;24242;February;Feb;2;Thursday;Thu;5;1;1284
14.02.2020;20200214;2020;Q1-2020;8081;Q1;01.02.2020;01.02.2020;24242;February;Feb;2;Friday;Fri;6;1;1285
15.02.2020;20200215;2020;Q1-2020;8081;Q1;01.02.2020;01.02.2020;24242;February;Feb;2;Saturday;Sat;7;0;1285
16.02.2020;20200216;2020;Q1-2020;8081;Q1;01.02.2020;01.02.2020;24242;February;Feb;2;Sunday;Sun;1;0;1285
17.02.2020;20200217;2020;Q1-2020;8081;Q1;01.02.2020;01.02.2020;24242;February;Feb;2;Monday;Mon;2;0;1285
18.02.2020;20200218;2020;Q1-2020;8081;Q1;01.02.2020;01.02.2020;24242;February;Feb;2;Tuesday;Tue;3;1;1286
19.02.2020;20200219;2020;Q1-2020;8081;Q1;01.02.2020;01.02.2020;24242;February;Feb;2;Wednesday;Wed;4;1;1287
20.02.2020;20200220;2020;Q1-2020;8081;Q1;01.02.2020;01.02.2020;24242;February;Feb;2;Thursday;Thu;5;1;1288
21.02.2020;20200221;2020;Q1-2020;8081;Q1;01.02.2020;01.02.2020;24242;February;Feb;2;Friday;Fri;6;1;1289
22.02.2020;20200222;2020;Q1-2020;8081;Q1;01.02.2020;01.02.2020;24242;February;Feb;2;Saturday;Sat;7;0;1289
23.02.2020;20200223;2020;Q1-2020;8081;Q1;01.02.2020;01.02.2020;24242;February;Feb;2;Sunday;Sun;1;0;1289
24.02.2020;20200224;2020;Q1-2020;8081;Q1;01.02.2020;01.02.2020;24242;February;Feb;2;Monday;Mon;2;1;1290
25.02.2020;20200225;2020;Q1-2020;8081;Q1;01.02.2020;01.02.2020;24242;February;Feb;2;Tuesday;Tue;3;1;1291
26.02.2020;20200226;2020;Q1-2020;8081;Q1;01.02.2020;01.02.2020;24242;February;Feb;2;Wednesday;Wed;4;1;1292
27.02.2020;20200227;2020;Q1-2020;8081;Q1;01.02.2020;01.02.2020;24242;February;Feb;2;Thursday;Thu;5;1;1293
28.02.2020;20200228;2020;Q1-2020;8081;Q1;01.02.2020;01.02.2020;24242;February;Feb;2;Friday;Fri;6;1;1294
29.02.2020;20200229;2020;Q1-2020;8081;Q1;01.02.2020;01.02.2020;24242;February;Feb;2;Saturday;Sat;7;0;1294
01.03.2020;20200301;2020;Q1-2020;8081;Q1;01.03.2020;01.03.2020;24243;March;Mar;3;Sunday;Sun;1;0;1294
02.03.2020;20200302;2020;Q1-2020;8081;Q1;01.03.2020;01.03.2020;24243;March;Mar;3;Monday;Mon;2;1;1295
03.03.2020;20200303;2020;Q1-2020;8081;Q1;01.03.2020;01.03.2020;24243;March;Mar;3;Tuesday;Tue;3;1;1296
04.03.2020;20200304;2020;Q1-2020;8081;Q1;01.03.2020;01.03.2020;24243;March;Mar;3;Wednesday;Wed;4;1;1297
05.03.2020;20200305;2020;Q1-2020;8081;Q1;01.03.2020;01.03.2020;24243;March;Mar;3;Thursday;Thu;5;1;1298
06.03.2020;20200306;2020;Q1-2020;8081;Q1;01.03.2020;01.03.2020;24243;March;Mar;3;Friday;Fri;6;1;1299
07.03.2020;20200307;2020;Q1-2020;8081;Q1;01.03.2020;01.03.2020;24243;March;Mar;3;Saturday;Sat;7;0;1299
08.03.2020;20200308;2020;Q1-2020;8081;Q1;01.03.2020;01.03.2020;24243;March;Mar;3;Sunday;Sun;1;0;1299
09.03.2020;20200309;2020;Q1-2020;8081;Q1;01.03.2020;01.03.2020;24243;March;Mar;3;Monday;Mon;2;1;1300
10.03.2020;20200310;2020;Q1-2020;8081;Q1;01.03.2020;01.03.2020;24243;March;Mar;3;Tuesday;Tue;3;1;1301
11.03.2020;20200311;2020;Q1-2020;8081;Q1;01.03.2020;01.03.2020;24243;March;Mar;3;Wednesday;Wed;4;1;1302
12.03.2020;20200312;2020;Q1-2020;8081;Q1;01.03.2020;01.03.2020;24243;March;Mar;3;Thursday;Thu;5;1;1303
13.03.2020;20200313;2020;Q1-2020;8081;Q1;01.03.2020;01.03.2020;24243;March;Mar;3;Friday;Fri;6;1;1304
14.03.2020;20200314;2020;Q1-2020;8081;Q1;01.03.2020;01.03.2020;24243;March;Mar;3;Saturday;Sat;7;0;1304
15.03.2020;20200315;2020;Q1-2020;8081;Q1;01.03.2020;01.03.2020;24243;March;Mar;3;Sunday;Sun;1;0;1304
16.03.2020;20200316;2020;Q1-2020;8081;Q1;01.03.2020;01.03.2020;24243;March;Mar;3;Monday;Mon;2;1;1305
17.03.2020;20200317;2020;Q1-2020;8081;Q1;01.03.2020;01.03.2020;24243;March;Mar;3;Tuesday;Tue;3;1;1306
18.03.2020;20200318;2020;Q1-2020;8081;Q1;01.03.2020;01.03.2020;24243;March;Mar;3;Wednesday;Wed;4;1;1307
19.03.2020;20200319;2020;Q1-2020;8081;Q1;01.03.2020;01.03.2020;24243;March;Mar;3;Thursday;Thu;5;1;1308
20.03.2020;20200320;2020;Q1-2020;8081;Q1;01.03.2020;01.03.2020;24243;March;Mar;3;Friday;Fri;6;1;1309
21.03.2020;20200321;2020;Q1-2020;8081;Q1;01.03.2020;01.03.2020;24243;March;Mar;3;Saturday;Sat;7;0;1309
22.03.2020;20200322;2020;Q1-2020;8081;Q1;01.03.2020;01.03.2020;24243;March;Mar;3;Sunday;Sun;1;0;1309
23.03.2020;20200323;2020;Q1-2020;8081;Q1;01.03.2020;01.03.2020;24243;March;Mar;3;Monday;Mon;2;1;1310
24.03.2020;20200324;2020;Q1-2020;8081;Q1;01.03.2020;01.03.2020;24243;March;Mar;3;Tuesday;Tue;3;1;1311
25.03.2020;20200325;2020;Q1-2020;8081;Q1;01.03.2020;01.03.2020;24243;March;Mar;3;Wednesday;Wed;4;1;1312
26.03.2020;20200326;2020;Q1-2020;8081;Q1;01.03.2020;01.03.2020;24243;March;Mar;3;Thursday;Thu;5;1;1313
27.03.2020;20200327;2020;Q1-2020;8081;Q1;01.03.2020;01.03.2020;24243;March;Mar;3;Friday;Fri;6;1;1314
28.03.2020;20200328;2020;Q1-2020;8081;Q1;01.03.2020;01.03.2020;24243;March;Mar;3;Saturday;Sat;7;0;1314
29.03.2020;20200329;2020;Q1-2020;8081;Q1;01.03.2020;01.03.2020;24243;March;Mar;3;Sunday;Sun;1;0;1314
30.03.2020;20200330;2020;Q1-2020;8081;Q1;01.03.2020;01.03.2020;24243;March;Mar;3;Monday;Mon;2;1;1315
31.03.2020;20200331;2020;Q1-2020;8081;Q1;01.03.2020;01.03.2020;24243;March;Mar;3;Tuesday;Tue;3;1;1316
01.04.2020;20200401;2020;Q2-2020;8082;Q2;01.04.2020;01.04.2020;24244;April;Apr;4;Wednesday;Wed;4;1;1317
02.04.2020;20200402;2020;Q2-2020;8082;Q2;01.04.2020;01.04.2020;24244;April;Apr;4;Thursday;Thu;5;1;1318
03.04.2020;20200403;2020;Q2-2020;8082;Q2;01.04.2020;01.04.2020;24244;April;Apr;4;Friday;Fri;6;1;1319
04.04.2020;20200404;2020;Q2-2020;8082;Q2;01.04.2020;01.04.2020;24244;April;Apr;4;Saturday;Sat;7;0;1319
05.04.2020;20200405;2020;Q2-2020;8082;Q2;01.04.2020;01.04.2020;24244;April;Apr;4;Sunday;Sun;1;0;1319
06.04.2020;20200406;2020;Q2-2020;8082;Q2;01.04.2020;01.04.2020;24244;April;Apr;4;Monday;Mon;2;1;1320
07.04.2020;20200407;2020;Q2-2020;8082;Q2;01.04.2020;01.04.2020;24244;April;Apr;4;Tuesday;Tue;3;1;1321
08.04.2020;20200408;2020;Q2-2020;8082;Q2;01.04.2020;01.04.2020;24244;April;Apr;4;Wednesday;Wed;4;1;1322
09.04.2020;20200409;2020;Q2-2020;8082;Q2;01.04.2020;01.04.2020;24244;April;Apr;4;Thursday;Thu;5;1;1323
10.04.2020;20200410;2020;Q2-2020;8082;Q2;01.04.2020;01.04.2020;24244;April;Apr;4;Friday;Fri;6;1;1324
11.04.2020;20200411;2020;Q2-2020;8082;Q2;01.04.2020;01.04.2020;24244;April;Apr;4;Saturday;Sat;7;0;1324
12.04.2020;20200412;2020;Q2-2020;8082;Q2;01.04.2020;01.04.2020;24244;April;Apr;4;Sunday;Sun;1;0;1324
13.04.2020;20200413;2020;Q2-2020;8082;Q2;01.04.2020;01.04.2020;24244;April;Apr;4;Monday;Mon;2;1;1325
14.04.2020;20200414;2020;Q2-2020;8082;Q2;01.04.2020;01.04.2020;24244;April;Apr;4;Tuesday;Tue;3;1;1326
15.04.2020;20200415;2020;Q2-2020;8082;Q2;01.04.2020;01.04.2020;24244;April;Apr;4;Wednesday;Wed;4;1;1327
16.04.2020;20200416;2020;Q2-2020;8082;Q2;01.04.2020;01.04.2020;24244;April;Apr;4;Thursday;Thu;5;1;1328
17.04.2020;20200417;2020;Q2-2020;8082;Q2;01.04.2020;01.04.2020;24244;April;Apr;4;Friday;Fri;6;1;1329
18.04.2020;20200418;2020;Q2-2020;8082;Q2;01.04.2020;01.04.2020;24244;April;Apr;4;Saturday;Sat;7;0;1329
19.04.2020;20200419;2020;Q2-2020;8082;Q2;01.04.2020;01.04.2020;24244;April;Apr;4;Sunday;Sun;1;0;1329
20.04.2020;20200420;2020;Q2-2020;8082;Q2;01.04.2020;01.04.2020;24244;April;Apr;4;Monday;Mon;2;1;1330
21.04.2020;20200421;2020;Q2-2020;8082;Q2;01.04.2020;01.04.2020;24244;April;Apr;4;Tuesday;Tue;3;1;1331
22.04.2020;20200422;2020;Q2-2020;8082;Q2;01.04.2020;01.04.2020;24244;April;Apr;4;Wednesday;Wed;4;1;1332
23.04.2020;20200423;2020;Q2-2020;8082;Q2;01.04.2020;01.04.2020;24244;April;Apr;4;Thursday;Thu;5;1;1333
24.04.2020;20200424;2020;Q2-2020;8082;Q2;01.04.2020;01.04.2020;24244;April;Apr;4;Friday;Fri;6;1;1334
25.04.2020;20200425;2020;Q2-2020;8082;Q2;01.04.2020;01.04.2020;24244;April;Apr;4;Saturday;Sat;7;0;1334
26.04.2020;20200426;2020;Q2-2020;8082;Q2;01.04.2020;01.04.2020;24244;April;Apr;4;Sunday;Sun;1;0;1334
27.04.2020;20200427;2020;Q2-2020;8082;Q2;01.04.2020;01.04.2020;24244;April;Apr;4;Monday;Mon;2;1;1335
28.04.2020;20200428;2020;Q2-2020;8082;Q2;01.04.2020;01.04.2020;24244;April;Apr;4;Tuesday;Tue;3;1;1336
29.04.2020;20200429;2020;Q2-2020;8082;Q2;01.04.2020;01.04.2020;24244;April;Apr;4;Wednesday;Wed;4;1;1337
30.04.2020;20200430;2020;Q2-2020;8082;Q2;01.04.2020;01.04.2020;24244;April;Apr;4;Thursday;Thu;5;1;1338
01.05.2020;20200501;2020;Q2-2020;8082;Q2;01.05.2020;01.05.2020;24245;May;May;5;Friday;Fri;6;1;1339
02.05.2020;20200502;2020;Q2-2020;8082;Q2;01.05.2020;01.05.2020;24245;May;May;5;Saturday;Sat;7;0;1339
03.05.2020;20200503;2020;Q2-2020;8082;Q2;01.05.2020;01.05.2020;24245;May;May;5;Sunday;Sun;1;0;1339
04.05.2020;20200504;2020;Q2-2020;8082;Q2;01.05.2020;01.05.2020;24245;May;May;5;Monday;Mon;2;1;1340
05.05.2020;20200505;2020;Q2-2020;8082;Q2;01.05.2020;01.05.2020;24245;May;May;5;Tuesday;Tue;3;1;1341
06.05.2020;20200506;2020;Q2-2020;8082;Q2;01.05.2020;01.05.2020;24245;May;May;5;Wednesday;Wed;4;1;1342
07.05.2020;20200507;2020;Q2-2020;8082;Q2;01.05.2020;01.05.2020;24245;May;May;5;Thursday;Thu;5;1;1343
08.05.2020;20200508;2020;Q2-2020;8082;Q2;01.05.2020;01.05.2020;24245;May;May;5;Friday;Fri;6;1;1344
09.05.2020;20200509;2020;Q2-2020;8082;Q2;01.05.2020;01.05.2020;24245;May;May;5;Saturday;Sat;7;0;1344
10.05.2020;20200510;2020;Q2-2020;8082;Q2;01.05.2020;01.05.2020;24245;May;May;5;Sunday;Sun;1;0;1344
11.05.2020;20200511;2020;Q2-2020;8082;Q2;01.05.2020;01.05.2020;24245;May;May;5;Monday;Mon;2;1;1345
12.05.2020;20200512;2020;Q2-2020;8082;Q2;01.05.2020;01.05.2020;24245;May;May;5;Tuesday;Tue;3;1;1346
13.05.2020;20200513;2020;Q2-2020;8082;Q2;01.05.2020;01.05.2020;24245;May;May;5;Wednesday;Wed;4;1;1347
14.05.2020;20200514;2020;Q2-2020;8082;Q2;01.05.2020;01.05.2020;24245;May;May;5;Thursday;Thu;5;1;1348
15.05.2020;20200515;2020;Q2-2020;8082;Q2;01.05.2020;01.05.2020;24245;May;May;5;Friday;Fri;6;1;1349
16.05.2020;20200516;2020;Q2-2020;8082;Q2;01.05.2020;01.05.2020;24245;May;May;5;Saturday;Sat;7;0;1349
17.05.2020;20200517;2020;Q2-2020;8082;Q2;01.05.2020;01.05.2020;24245;May;May;5;Sunday;Sun;1;0;1349
18.05.2020;20200518;2020;Q2-2020;8082;Q2;01.05.2020;01.05.2020;24245;May;May;5;Monday;Mon;2;1;1350
19.05.2020;20200519;2020;Q2-2020;8082;Q2;01.05.2020;01.05.2020;24245;May;May;5;Tuesday;Tue;3;1;1351
20.05.2020;20200520;2020;Q2-2020;8082;Q2;01.05.2020;01.05.2020;24245;May;May;5;Wednesday;Wed;4;1;1352
21.05.2020;20200521;2020;Q2-2020;8082;Q2;01.05.2020;01.05.2020;24245;May;May;5;Thursday;Thu;5;1;1353
22.05.2020;20200522;2020;Q2-2020;8082;Q2;01.05.2020;01.05.2020;24245;May;May;5;Friday;Fri;6;1;1354
23.05.2020;20200523;2020;Q2-2020;8082;Q2;01.05.2020;01.05.2020;24245;May;May;5;Saturday;Sat;7;0;1354
24.05.2020;20200524;2020;Q2-2020;8082;Q2;01.05.2020;01.05.2020;24245;May;May;5;Sunday;Sun;1;0;1354
25.05.2020;20200525;2020;Q2-2020;8082;Q2;01.05.2020;01.05.2020;24245;May;May;5;Monday;Mon;2;0;1354
26.05.2020;20200526;2020;Q2-2020;8082;Q2;01.05.2020;01.05.2020;24245;May;May;5;Tuesday;Tue;3;1;1355
27.05.2020;20200527;2020;Q2-2020;8082;Q2;01.05.2020;01.05.2020;24245;May;May;5;Wednesday;Wed;4;1;1356
28.05.2020;20200528;2020;Q2-2020;8082;Q2;01.05.2020;01.05.2020;24245;May;May;5;Thursday;Thu;5;1;1357
29.05.2020;20200529;2020;Q2-2020;8082;Q2;01.05.2020;01.05.2020;24245;May;May;5;Friday;Fri;6;1;1358
30.05.2020;20200530;2020;Q2-2020;8082;Q2;01.05.2020;01.05.2020;24245;May;May;5;Saturday;Sat;7;0;1358
31.05.2020;20200531;2020;Q2-2020;8082;Q2;01.05.2020;01.05.2020;24245;May;May;5;Sunday;Sun;1;0;1358
01.06.2020;20200601;2020;Q2-2020;8082;Q2;01.06.2020;01.06.2020;24246;June;Jun;6;Monday;Mon;2;1;1359
02.06.2020;20200602;2020;Q2-2020;8082;Q2;01.06.2020;01.06.2020;24246;June;Jun;6;Tuesday;Tue;3;1;1360
03.06.2020;20200603;2020;Q2-2020;8082;Q2;01.06.2020;01.06.2020;24246;June;Jun;6;Wednesday;Wed;4;1;1361
04.06.2020;20200604;2020;Q2-2020;8082;Q2;01.06.2020;01.06.2020;24246;June;Jun;6;Thursday;Thu;5;1;1362
05.06.2020;20200605;2020;Q2-2020;8082;Q2;01.06.2020;01.06.2020;24246;June;Jun;6;Friday;Fri;6;1;1363
06.06.2020;20200606;2020;Q2-2020;8082;Q2;01.06.2020;01.06.2020;24246;June;Jun;6;Saturday;Sat;7;0;1363
07.06.2020;20200607;2020;Q2-2020;8082;Q2;01.06.2020;01.06.2020;24246;June;Jun;6;Sunday;Sun;1;0;1363
08.06.2020;20200608;2020;Q2-2020;8082;Q2;01.06.2020;01.06.2020;24246;June;Jun;6;Monday;Mon;2;1;1364
09.06.2020;20200609;2020;Q2-2020;8082;Q2;01.06.2020;01.06.2020;24246;June;Jun;6;Tuesday;Tue;3;1;1365
10.06.2020;20200610;2020;Q2-2020;8082;Q2;01.06.2020;01.06.2020;24246;June;Jun;6;Wednesday;Wed;4;1;1366
11.06.2020;20200611;2020;Q2-2020;8082;Q2;01.06.2020;01.06.2020;24246;June;Jun;6;Thursday;Thu;5;1;1367
12.06.2020;20200612;2020;Q2-2020;8082;Q2;01.06.2020;01.06.2020;24246;June;Jun;6;Friday;Fri;6;1;1368
13.06.2020;20200613;2020;Q2-2020;8082;Q2;01.06.2020;01.06.2020;24246;June;Jun;6;Saturday;Sat;7;0;1368
14.06.2020;20200614;2020;Q2-2020;8082;Q2;01.06.2020;01.06.2020;24246;June;Jun;6;Sunday;Sun;1;0;1368
15.06.2020;20200615;2020;Q2-2020;8082;Q2;01.06.2020;01.06.2020;24246;June;Jun;6;Monday;Mon;2;1;1369
16.06.2020;20200616;2020;Q2-2020;8082;Q2;01.06.2020;01.06.2020;24246;June;Jun;6;Tuesday;Tue;3;1;1370
17.06.2020;20200617;2020;Q2-2020;8082;Q2;01.06.2020;01.06.2020;24246;June;Jun;6;Wednesday;Wed;4;1;1371
18.06.2020;20200618;2020;Q2-2020;8082;Q2;01.06.2020;01.06.2020;24246;June;Jun;6;Thursday;Thu;5;1;1372
19.06.2020;20200619;2020;Q2-2020;8082;Q2;01.06.2020;01.06.2020;24246;June;Jun;6;Friday;Fri;6;1;1373
20.06.2020;20200620;2020;Q2-2020;8082;Q2;01.06.2020;01.06.2020;24246;June;Jun;6;Saturday;Sat;7;0;1373
21.06.2020;20200621;2020;Q2-2020;8082;Q2;01.06.2020;01.06.2020;24246;June;Jun;6;Sunday;Sun;1;0;1373
22.06.2020;20200622;2020;Q2-2020;8082;Q2;01.06.2020;01.06.2020;24246;June;Jun;6;Monday;Mon;2;1;1374
23.06.2020;20200623;2020;Q2-2020;8082;Q2;01.06.2020;01.06.2020;24246;June;Jun;6;Tuesday;Tue;3;1;1375
24.06.2020;20200624;2020;Q2-2020;8082;Q2;01.06.2020;01.06.2020;24246;June;Jun;6;Wednesday;Wed;4;1;1376
25.06.2020;20200625;2020;Q2-2020;8082;Q2;01.06.2020;01.06.2020;24246;June;Jun;6;Thursday;Thu;5;1;1377
26.06.2020;20200626;2020;Q2-2020;8082;Q2;01.06.2020;01.06.2020;24246;June;Jun;6;Friday;Fri;6;1;1378
27.06.2020;20200627;2020;Q2-2020;8082;Q2;01.06.2020;01.06.2020;24246;June;Jun;6;Saturday;Sat;7;0;1378
28.06.2020;20200628;2020;Q2-2020;8082;Q2;01.06.2020;01.06.2020;24246;June;Jun;6;Sunday;Sun;1;0;1378
29.06.2020;20200629;2020;Q2-2020;8082;Q2;01.06.2020;01.06.2020;24246;June;Jun;6;Monday;Mon;2;1;1379
30.06.2020;20200630;2020;Q2-2020;8082;Q2;01.06.2020;01.06.2020;24246;June;Jun;6;Tuesday;Tue;3;1;1380
01.07.2020;20200701;2020;Q3-2020;8083;Q3;01.07.2020;01.07.2020;24247;July;Jul;7;Wednesday;Wed;4;1;1381
02.07.2020;20200702;2020;Q3-2020;8083;Q3;01.07.2020;01.07.2020;24247;July;Jul;7;Thursday;Thu;5;1;1382
03.07.2020;20200703;2020;Q3-2020;8083;Q3;01.07.2020;01.07.2020;24247;July;Jul;7;Friday;Fri;6;0;1382
04.07.2020;20200704;2020;Q3-2020;8083;Q3;01.07.2020;01.07.2020;24247;July;Jul;7;Saturday;Sat;7;0;1382
05.07.2020;20200705;2020;Q3-2020;8083;Q3;01.07.2020;01.07.2020;24247;July;Jul;7;Sunday;Sun;1;0;1382
06.07.2020;20200706;2020;Q3-2020;8083;Q3;01.07.2020;01.07.2020;24247;July;Jul;7;Monday;Mon;2;1;1383
07.07.2020;20200707;2020;Q3-2020;8083;Q3;01.07.2020;01.07.2020;24247;July;Jul;7;Tuesday;Tue;3;1;1384
08.07.2020;20200708;2020;Q3-2020;8083;Q3;01.07.2020;01.07.2020;24247;July;Jul;7;Wednesday;Wed;4;1;1385
09.07.2020;20200709;2020;Q3-2020;8083;Q3;01.07.2020;01.07.2020;24247;July;Jul;7;Thursday;Thu;5;1;1386
10.07.2020;20200710;2020;Q3-2020;8083;Q3;01.07.2020;01.07.2020;24247;July;Jul;7;Friday;Fri;6;1;1387
11.07.2020;20200711;2020;Q3-2020;8083;Q3;01.07.2020;01.07.2020;24247;July;Jul;7;Saturday;Sat;7;0;1387
12.07.2020;20200712;2020;Q3-2020;8083;Q3;01.07.2020;01.07.2020;24247;July;Jul;7;Sunday;Sun;1;0;1387
13.07.2020;20200713;2020;Q3-2020;8083;Q3;01.07.2020;01.07.2020;24247;July;Jul;7;Monday;Mon;2;1;1388
14.07.2020;20200714;2020;Q3-2020;8083;Q3;01.07.2020;01.07.2020;24247;July;Jul;7;Tuesday;Tue;3;1;1389
15.07.2020;20200715;2020;Q3-2020;8083;Q3;01.07.2020;01.07.2020;24247;July;Jul;7;Wednesday;Wed;4;1;1390
16.07.2020;20200716;2020;Q3-2020;8083;Q3;01.07.2020;01.07.2020;24247;July;Jul;7;Thursday;Thu;5;1;1391
17.07.2020;20200717;2020;Q3-2020;8083;Q3;01.07.2020;01.07.2020;24247;July;Jul;7;Friday;Fri;6;1;1392
18.07.2020;20200718;2020;Q3-2020;8083;Q3;01.07.2020;01.07.2020;24247;July;Jul;7;Saturday;Sat;7;0;1392
19.07.2020;20200719;2020;Q3-2020;8083;Q3;01.07.2020;01.07.2020;24247;July;Jul;7;Sunday;Sun;1;0;1392
20.07.2020;20200720;2020;Q3-2020;8083;Q3;01.07.2020;01.07.2020;24247;July;Jul;7;Monday;Mon;2;1;1393
21.07.2020;20200721;2020;Q3-2020;8083;Q3;01.07.2020;01.07.2020;24247;July;Jul;7;Tuesday;Tue;3;1;1394
22.07.2020;20200722;2020;Q3-2020;8083;Q3;01.07.2020;01.07.2020;24247;July;Jul;7;Wednesday;Wed;4;1;1395
23.07.2020;20200723;2020;Q3-2020;8083;Q3;01.07.2020;01.07.2020;24247;July;Jul;7;Thursday;Thu;5;1;1396
24.07.2020;20200724;2020;Q3-2020;8083;Q3;01.07.2020;01.07.2020;24247;July;Jul;7;Friday;Fri;6;1;1397
25.07.2020;20200725;2020;Q3-2020;8083;Q3;01.07.2020;01.07.2020;24247;July;Jul;7;Saturday;Sat;7;0;1397
26.07.2020;20200726;2020;Q3-2020;8083;Q3;01.07.2020;01.07.2020;24247;July;Jul;7;Sunday;Sun;1;0;1397
27.07.2020;20200727;2020;Q3-2020;8083;Q3;01.07.2020;01.07.2020;24247;July;Jul;7;Monday;Mon;2;1;1398
28.07.2020;20200728;2020;Q3-2020;8083;Q3;01.07.2020;01.07.2020;24247;July;Jul;7;Tuesday;Tue;3;1;1399
29.07.2020;20200729;2020;Q3-2020;8083;Q3;01.07.2020;01.07.2020;24247;July;Jul;7;Wednesday;Wed;4;1;1400
30.07.2020;20200730;2020;Q3-2020;8083;Q3;01.07.2020;01.07.2020;24247;July;Jul;7;Thursday;Thu;5;1;1401
31.07.2020;20200731;2020;Q3-2020;8083;Q3;01.07.2020;01.07.2020;24247;July;Jul;7;Friday;Fri;6;1;1402
01.08.2020;20200801;2020;Q3-2020;8083;Q3;01.08.2020;01.08.2020;24248;August;Aug;8;Saturday;Sat;7;0;1402
02.08.2020;20200802;2020;Q3-2020;8083;Q3;01.08.2020;01.08.2020;24248;August;Aug;8;Sunday;Sun;1;0;1402
03.08.2020;20200803;2020;Q3-2020;8083;Q3;01.08.2020;01.08.2020;24248;August;Aug;8;Monday;Mon;2;1;1403
04.08.2020;20200804;2020;Q3-2020;8083;Q3;01.08.2020;01.08.2020;24248;August;Aug;8;Tuesday;Tue;3;1;1404
05.08.2020;20200805;2020;Q3-2020;8083;Q3;01.08.2020;01.08.2020;24248;August;Aug;8;Wednesday;Wed;4;1;1405
06.08.2020;20200806;2020;Q3-2020;8083;Q3;01.08.2020;01.08.2020;24248;August;Aug;8;Thursday;Thu;5;1;1406
07.08.2020;20200807;2020;Q3-2020;8083;Q3;01.08.2020;01.08.2020;24248;August;Aug;8;Friday;Fri;6;1;1407
08.08.2020;20200808;2020;Q3-2020;8083;Q3;01.08.2020;01.08.2020;24248;August;Aug;8;Saturday;Sat;7;0;1407
09.08.2020;20200809;2020;Q3-2020;8083;Q3;01.08.2020;01.08.2020;24248;August;Aug;8;Sunday;Sun;1;0;1407
10.08.2020;20200810;2020;Q3-2020;8083;Q3;01.08.2020;01.08.2020;24248;August;Aug;8;Monday;Mon;2;1;1408
11.08.2020;20200811;2020;Q3-2020;8083;Q3;01.08.2020;01.08.2020;24248;August;Aug;8;Tuesday;Tue;3;1;1409
12.08.2020;20200812;2020;Q3-2020;8083;Q3;01.08.2020;01.08.2020;24248;August;Aug;8;Wednesday;Wed;4;1;1410
13.08.2020;20200813;2020;Q3-2020;8083;Q3;01.08.2020;01.08.2020;24248;August;Aug;8;Thursday;Thu;5;1;1411
14.08.2020;20200814;2020;Q3-2020;8083;Q3;01.08.2020;01.08.2020;24248;August;Aug;8;Friday;Fri;6;1;1412
15.08.2020;20200815;2020;Q3-2020;8083;Q3;01.08.2020;01.08.2020;24248;August;Aug;8;Saturday;Sat;7;0;1412
16.08.2020;20200816;2020;Q3-2020;8083;Q3;01.08.2020;01.08.2020;24248;August;Aug;8;Sunday;Sun;1;0;1412
17.08.2020;20200817;2020;Q3-2020;8083;Q3;01.08.2020;01.08.2020;24248;August;Aug;8;Monday;Mon;2;1;1413
18.08.2020;20200818;2020;Q3-2020;8083;Q3;01.08.2020;01.08.2020;24248;August;Aug;8;Tuesday;Tue;3;1;1414
19.08.2020;20200819;2020;Q3-2020;8083;Q3;01.08.2020;01.08.2020;24248;August;Aug;8;Wednesday;Wed;4;1;1415
20.08.2020;20200820;2020;Q3-2020;8083;Q3;01.08.2020;01.08.2020;24248;August;Aug;8;Thursday;Thu;5;1;1416
21.08.2020;20200821;2020;Q3-2020;8083;Q3;01.08.2020;01.08.2020;24248;August;Aug;8;Friday;Fri;6;1;1417
22.08.2020;20200822;2020;Q3-2020;8083;Q3;01.08.2020;01.08.2020;24248;August;Aug;8;Saturday;Sat;7;0;1417
23.08.2020;20200823;2020;Q3-2020;8083;Q3;01.08.2020;01.08.2020;24248;August;Aug;8;Sunday;Sun;1;0;1417
24.08.2020;20200824;2020;Q3-2020;8083;Q3;01.08.2020;01.08.2020;24248;August;Aug;8;Monday;Mon;2;1;1418
25.08.2020;20200825;2020;Q3-2020;8083;Q3;01.08.2020;01.08.2020;24248;August;Aug;8;Tuesday;Tue;3;1;1419
26.08.2020;20200826;2020;Q3-2020;8083;Q3;01.08.2020;01.08.2020;24248;August;Aug;8;Wednesday;Wed;4;1;1420
27.08.2020;20200827;2020;Q3-2020;8083;Q3;01.08.2020;01.08.2020;24248;August;Aug;8;Thursday;Thu;5;1;1421
28.08.2020;20200828;2020;Q3-2020;8083;Q3;01.08.2020;01.08.2020;24248;August;Aug;8;Friday;Fri;6;1;1422
29.08.2020;20200829;2020;Q3-2020;8083;Q3;01.08.2020;01.08.2020;24248;August;Aug;8;Saturday;Sat;7;0;1422
30.08.2020;20200830;2020;Q3-2020;8083;Q3;01.08.2020;01.08.2020;24248;August;Aug;8;Sunday;Sun;1;0;1422
31.08.2020;20200831;2020;Q3-2020;8083;Q3;01.08.2020;01.08.2020;24248;August;Aug;8;Monday;Mon;2;1;1423
01.09.2020;20200901;2020;Q3-2020;8083;Q3;01.09.2020;01.09.2020;24249;September;Sep;9;Tuesday;Tue;3;1;1424
02.09.2020;20200902;2020;Q3-2020;8083;Q3;01.09.2020;01.09.2020;24249;September;Sep;9;Wednesday;Wed;4;1;1425
03.09.2020;20200903;2020;Q3-2020;8083;Q3;01.09.2020;01.09.2020;24249;September;Sep;9;Thursday;Thu;5;1;1426
04.09.2020;20200904;2020;Q3-2020;8083;Q3;01.09.2020;01.09.2020;24249;September;Sep;9;Friday;Fri;6;1;1427
05.09.2020;20200905;2020;Q3-2020;8083;Q3;01.09.2020;01.09.2020;24249;September;Sep;9;Saturday;Sat;7;0;1427
06.09.2020;20200906;2020;Q3-2020;8083;Q3;01.09.2020;01.09.2020;24249;September;Sep;9;Sunday;Sun;1;0;1427
07.09.2020;20200907;2020;Q3-2020;8083;Q3;01.09.2020;01.09.2020;24249;September;Sep;9;Monday;Mon;2;0;1427
08.09.2020;20200908;2020;Q3-2020;8083;Q3;01.09.2020;01.09.2020;24249;September;Sep;9;Tuesday;Tue;3;1;1428
09.09.2020;20200909;2020;Q3-2020;8083;Q3;01.09.2020;01.09.2020;24249;September;Sep;9;Wednesday;Wed;4;1;1429
10.09.2020;20200910;2020;Q3-2020;8083;Q3;01.09.2020;01.09.2020;24249;September;Sep;9;Thursday;Thu;5;1;1430
11.09.2020;20200911;2020;Q3-2020;8083;Q3;01.09.2020;01.09.2020;24249;September;Sep;9;Friday;Fri;6;1;1431
12.09.2020;20200912;2020;Q3-2020;8083;Q3;01.09.2020;01.09.2020;24249;September;Sep;9;Saturday;Sat;7;0;1431
13.09.2020;20200913;2020;Q3-2020;8083;Q3;01.09.2020;01.09.2020;24249;September;Sep;9;Sunday;Sun;1;0;1431
14.09.2020;20200914;2020;Q3-2020;8083;Q3;01.09.2020;01.09.2020;24249;September;Sep;9;Monday;Mon;2;1;1432
15.09.2020;20200915;2020;Q3-2020;8083;Q3;01.09.2020;01.09.2020;24249;September;Sep;9;Tuesday;Tue;3;1;1433
16.09.2020;20200916;2020;Q3-2020;8083;Q3;01.09.2020;01.09.2020;24249;September;Sep;9;Wednesday;Wed;4;1;1434
17.09.2020;20200917;2020;Q3-2020;8083;Q3;01.09.2020;01.09.2020;24249;September;Sep;9;Thursday;Thu;5;1;1435
18.09.2020;20200918;2020;Q3-2020;8083;Q3;01.09.2020;01.09.2020;24249;September;Sep;9;Friday;Fri;6;1;1436
19.09.2020;20200919;2020;Q3-2020;8083;Q3;01.09.2020;01.09.2020;24249;September;Sep;9;Saturday;Sat;7;0;1436
20.09.2020;20200920;2020;Q3-2020;8083;Q3;01.09.2020;01.09.2020;24249;September;Sep;9;Sunday;Sun;1;0;1436
21.09.2020;20200921;2020;Q3-2020;8083;Q3;01.09.2020;01.09.2020;24249;September;Sep;9;Monday;Mon;2;1;1437
22.09.2020;20200922;2020;Q3-2020;8083;Q3;01.09.2020;01.09.2020;24249;September;Sep;9;Tuesday;Tue;3;1;1438
23.09.2020;20200923;2020;Q3-2020;8083;Q3;01.09.2020;01.09.2020;24249;September;Sep;9;Wednesday;Wed;4;1;1439
24.09.2020;20200924;2020;Q3-2020;8083;Q3;01.09.2020;01.09.2020;24249;September;Sep;9;Thursday;Thu;5;1;1440
25.09.2020;20200925;2020;Q3-2020;8083;Q3;01.09.2020;01.09.2020;24249;September;Sep;9;Friday;Fri;6;1;1441
26.09.2020;20200926;2020;Q3-2020;8083;Q3;01.09.2020;01.09.2020;24249;September;Sep;9;Saturday;Sat;7;0;1441
27.09.2020;20200927;2020;Q3-2020;8083;Q3;01.09.2020;01.09.2020;24249;September;Sep;9;Sunday;Sun;1;0;1441
28.09.2020;20200928;2020;Q3-2020;8083;Q3;01.09.2020;01.09.2020;24249;September;Sep;9;Monday;Mon;2;1;1442
29.09.2020;20200929;2020;Q3-2020;8083;Q3;01.09.2020;01.09.2020;24249;September;Sep;9;Tuesday;Tue;3;1;1443
30.09.2020;20200930;2020;Q3-2020;8083;Q3;01.09.2020;01.09.2020;24249;September;Sep;9;Wednesday;Wed;4;1;1444
01.10.2020;20201001;2020;Q4-2020;8084;Q4;01.10.2020;01.10.2020;24250;October;Oct;10;Thursday;Thu;5;1;1445
02.10.2020;20201002;2020;Q4-2020;8084;Q4;01.10.2020;01.10.2020;24250;October;Oct;10;Friday;Fri;6;1;1446
03.10.2020;20201003;2020;Q4-2020;8084;Q4;01.10.2020;01.10.2020;24250;October;Oct;10;Saturday;Sat;7;0;1446
04.10.2020;20201004;2020;Q4-2020;8084;Q4;01.10.2020;01.10.2020;24250;October;Oct;10;Sunday;Sun;1;0;1446
05.10.2020;20201005;2020;Q4-2020;8084;Q4;01.10.2020;01.10.2020;24250;October;Oct;10;Monday;Mon;2;1;1447
06.10.2020;20201006;2020;Q4-2020;8084;Q4;01.10.2020;01.10.2020;24250;October;Oct;10;Tuesday;Tue;3;1;1448
07.10.2020;20201007;2020;Q4-2020;8084;Q4;01.10.2020;01.10.2020;24250;October;Oct;10;Wednesday;Wed;4;1;1449
08.10.2020;20201008;2020;Q4-2020;8084;Q4;01.10.2020;01.10.2020;24250;October;Oct;10;Thursday;Thu;5;1;1450
09.10.2020;20201009;2020;Q4-2020;8084;Q4;01.10.2020;01.10.2020;24250;October;Oct;10;Friday;Fri;6;1;1451
10.10.2020;20201010;2020;Q4-2020;8084;Q4;01.10.2020;01.10.2020;24250;October;Oct;10;Saturday;Sat;7;0;1451
11.10.2020;20201011;2020;Q4-2020;8084;Q4;01.10.2020;01.10.2020;24250;October;Oct;10;Sunday;Sun;1;0;1451
12.10.2020;20201012;2020;Q4-2020;8084;Q4;01.10.2020;01.10.2020;24250;October;Oct;10;Monday;Mon;2;0;1451
13.10.2020;20201013;2020;Q4-2020;8084;Q4;01.10.2020;01.10.2020;24250;October;Oct;10;Tuesday;Tue;3;1;1452
14.10.2020;20201014;2020;Q4-2020;8084;Q4;01.10.2020;01.10.2020;24250;October;Oct;10;Wednesday;Wed;4;1;1453
15.10.2020;20201015;2020;Q4-2020;8084;Q4;01.10.2020;01.10.2020;24250;October;Oct;10;Thursday;Thu;5;1;1454
16.10.2020;20201016;2020;Q4-2020;8084;Q4;01.10.2020;01.10.2020;24250;October;Oct;10;Friday;Fri;6;1;1455
17.10.2020;20201017;2020;Q4-2020;8084;Q4;01.10.2020;01.10.2020;24250;October;Oct;10;Saturday;Sat;7;0;1455
18.10.2020;20201018;2020;Q4-2020;8084;Q4;01.10.2020;01.10.2020;24250;October;Oct;10;Sunday;Sun;1;0;1455
19.10.2020;20201019;2020;Q4-2020;8084;Q4;01.10.2020;01.10.2020;24250;October;Oct;10;Monday;Mon;2;1;1456
20.10.2020;20201020;2020;Q4-2020;8084;Q4;01.10.2020;01.10.2020;24250;October;Oct;10;Tuesday;Tue;3;1;1457
21.10.2020;20201021;2020;Q4-2020;8084;Q4;01.10.2020;01.10.2020;24250;October;Oct;10;Wednesday;Wed;4;1;1458
22.10.2020;20201022;2020;Q4-2020;8084;Q4;01.10.2020;01.10.2020;24250;October;Oct;10;Thursday;Thu;5;1;1459
23.10.2020;20201023;2020;Q4-2020;8084;Q4;01.10.2020;01.10.2020;24250;October;Oct;10;Friday;Fri;6;1;1460
24.10.2020;20201024;2020;Q4-2020;8084;Q4;01.10.2020;01.10.2020;24250;October;Oct;10;Saturday;Sat;7;0;1460
25.10.2020;20201025;2020;Q4-2020;8084;Q4;01.10.2020;01.10.2020;24250;October;Oct;10;Sunday;Sun;1;0;1460
26.10.2020;20201026;2020;Q4-2020;8084;Q4;01.10.2020;01.10.2020;24250;October;Oct;10;Monday;Mon;2;1;1461
27.10.2020;20201027;2020;Q4-2020;8084;Q4;01.10.2020;01.10.2020;24250;October;Oct;10;Tuesday;Tue;3;1;1462
28.10.2020;20201028;2020;Q4-2020;8084;Q4;01.10.2020;01.10.2020;24250;October;Oct;10;Wednesday;Wed;4;1;1463
29.10.2020;20201029;2020;Q4-2020;8084;Q4;01.10.2020;01.10.2020;24250;October;Oct;10;Thursday;Thu;5;1;1464
30.10.2020;20201030;2020;Q4-2020;8084;Q4;01.10.2020;01.10.2020;24250;October;Oct;10;Friday;Fri;6;1;1465
31.10.2020;20201031;2020;Q4-2020;8084;Q4;01.10.2020;01.10.2020;24250;October;Oct;10;Saturday;Sat;7;0;1465
01.11.2020;20201101;2020;Q4-2020;8084;Q4;01.11.2020;01.11.2020;24251;November;Nov;11;Sunday;Sun;1;0;1465
02.11.2020;20201102;2020;Q4-2020;8084;Q4;01.11.2020;01.11.2020;24251;November;Nov;11;Monday;Mon;2;1;1466
03.11.2020;20201103;2020;Q4-2020;8084;Q4;01.11.2020;01.11.2020;24251;November;Nov;11;Tuesday;Tue;3;1;1467
04.11.2020;20201104;2020;Q4-2020;8084;Q4;01.11.2020;01.11.2020;24251;November;Nov;11;Wednesday;Wed;4;1;1468
05.11.2020;20201105;2020;Q4-2020;8084;Q4;01.11.2020;01.11.2020;24251;November;Nov;11;Thursday;Thu;5;1;1469
06.11.2020;20201106;2020;Q4-2020;8084;Q4;01.11.2020;01.11.2020;24251;November;Nov;11;Friday;Fri;6;1;1470
07.11.2020;20201107;2020;Q4-2020;8084;Q4;01.11.2020;01.11.2020;24251;November;Nov;11;Saturday;Sat;7;0;1470
08.11.2020;20201108;2020;Q4-2020;8084;Q4;01.11.2020;01.11.2020;24251;November;Nov;11;Sunday;Sun;1;0;1470
09.11.2020;20201109;2020;Q4-2020;8084;Q4;01.11.2020;01.11.2020;24251;November;Nov;11;Monday;Mon;2;1;1471
10.11.2020;20201110;2020;Q4-2020;8084;Q4;01.11.2020;01.11.2020;24251;November;Nov;11;Tuesday;Tue;3;1;1472
11.11.2020;20201111;2020;Q4-2020;8084;Q4;01.11.2020;01.11.2020;24251;November;Nov;11;Wednesday;Wed;4;0;1472
12.11.2020;20201112;2020;Q4-2020;8084;Q4;01.11.2020;01.11.2020;24251;November;Nov;11;Thursday;Thu;5;1;1473
13.11.2020;20201113;2020;Q4-2020;8084;Q4;01.11.2020;01.11.2020;24251;November;Nov;11;Friday;Fri;6;1;1474
14.11.2020;20201114;2020;Q4-2020;8084;Q4;01.11.2020;01.11.2020;24251;November;Nov;11;Saturday;Sat;7;0;1474
15.11.2020;20201115;2020;Q4-2020;8084;Q4;01.11.2020;01.11.2020;24251;November;Nov;11;Sunday;Sun;1;0;1474
16.11.2020;20201116;2020;Q4-2020;8084;Q4;01.11.2020;01.11.2020;24251;November;Nov;11;Monday;Mon;2;1;1475
17.11.2020;20201117;2020;Q4-2020;8084;Q4;01.11.2020;01.11.2020;24251;November;Nov;11;Tuesday;Tue;3;1;1476
18.11.2020;20201118;2020;Q4-2020;8084;Q4;01.11.2020;01.11.2020;24251;November;Nov;11;Wednesday;Wed;4;1;1477
19.11.2020;20201119;2020;Q4-2020;8084;Q4;01.11.2020;01.11.2020;24251;November;Nov;11;Thursday;Thu;5;1;1478
20.11.2020;20201120;2020;Q4-2020;8084;Q4;01.11.2020;01.11.2020;24251;November;Nov;11;Friday;Fri;6;1;1479
21.11.2020;20201121;2020;Q4-2020;8084;Q4;01.11.2020;01.11.2020;24251;November;Nov;11;Saturday;Sat;7;0;1479
22.11.2020;20201122;2020;Q4-2020;8084;Q4;01.11.2020;01.11.2020;24251;November;Nov;11;Sunday;Sun;1;0;1479
23.11.2020;20201123;2020;Q4-2020;8084;Q4;01.11.2020;01.11.2020;24251;November;Nov;11;Monday;Mon;2;1;1480
24.11.2020;20201124;2020;Q4-2020;8084;Q4;01.11.2020;01.11.2020;24251;November;Nov;11;Tuesday;Tue;3;1;1481
25.11.2020;20201125;2020;Q4-2020;8084;Q4;01.11.2020;01.11.2020;24251;November;Nov;11;Wednesday;Wed;4;1;1482
26.11.2020;20201126;2020;Q4-2020;8084;Q4;01.11.2020;01.11.2020;24251;November;Nov;11;Thursday;Thu;5;0;1482
27.11.2020;20201127;2020;Q4-2020;8084;Q4;01.11.2020;01.11.2020;24251;November;Nov;11;Friday;Fri;6;1;1483
28.11.2020;20201128;2020;Q4-2020;8084;Q4;01.11.2020;01.11.2020;24251;November;Nov;11;Saturday;Sat;7;0;1483
29.11.2020;20201129;2020;Q4-2020;8084;Q4;01.11.2020;01.11.2020;24251;November;Nov;11;Sunday;Sun;1;0;1483
30.11.2020;20201130;2020;Q4-2020;8084;Q4;01.11.2020;01.11.2020;24251;November;Nov;11;Monday;Mon;2;1;1484
01.12.2020;20201201;2020;Q4-2020;8084;Q4;01.12.2020;01.12.2020;24252;December;Dec;12;Tuesday;Tue;3;1;1485
02.12.2020;20201202;2020;Q4-2020;8084;Q4;01.12.2020;01.12.2020;24252;December;Dec;12;Wednesday;Wed;4;1;1486
03.12.2020;20201203;2020;Q4-2020;8084;Q4;01.12.2020;01.12.2020;24252;December;Dec;12;Thursday;Thu;5;1;1487
04.12.2020;20201204;2020;Q4-2020;8084;Q4;01.12.2020;01.12.2020;24252;December;Dec;12;Friday;Fri;6;1;1488
05.12.2020;20201205;2020;Q4-2020;8084;Q4;01.12.2020;01.12.2020;24252;December;Dec;12;Saturday;Sat;7;0;1488
06.12.2020;20201206;2020;Q4-2020;8084;Q4;01.12.2020;01.12.2020;24252;December;Dec;12;Sunday;Sun;1;0;1488
07.12.2020;20201207;2020;Q4-2020;8084;Q4;01.12.2020;01.12.2020;24252;December;Dec;12;Monday;Mon;2;1;1489
08.12.2020;20201208;2020;Q4-2020;8084;Q4;01.12.2020;01.12.2020;24252;December;Dec;12;Tuesday;Tue;3;1;1490
09.12.2020;20201209;2020;Q4-2020;8084;Q4;01.12.2020;01.12.2020;24252;December;Dec;12;Wednesday;Wed;4;1;1491
10.12.2020;20201210;2020;Q4-2020;8084;Q4;01.12.2020;01.12.2020;24252;December;Dec;12;Thursday;Thu;5;1;1492
11.12.2020;20201211;2020;Q4-2020;8084;Q4;01.12.2020;01.12.2020;24252;December;Dec;12;Friday;Fri;6;1;1493
12.12.2020;20201212;2020;Q4-2020;8084;Q4;01.12.2020;01.12.2020;24252;December;Dec;12;Saturday;Sat;7;0;1493
13.12.2020;20201213;2020;Q4-2020;8084;Q4;01.12.2020;01.12.2020;24252;December;Dec;12;Sunday;Sun;1;0;1493
14.12.2020;20201214;2020;Q4-2020;8084;Q4;01.12.2020;01.12.2020;24252;December;Dec;12;Monday;Mon;2;1;1494
15.12.2020;20201215;2020;Q4-2020;8084;Q4;01.12.2020;01.12.2020;24252;December;Dec;12;Tuesday;Tue;3;1;1495
16.12.2020;20201216;2020;Q4-2020;8084;Q4;01.12.2020;01.12.2020;24252;December;Dec;12;Wednesday;Wed;4;1;1496
17.12.2020;20201217;2020;Q4-2020;8084;Q4;01.12.2020;01.12.2020;24252;December;Dec;12;Thursday;Thu;5;1;1497
18.12.2020;20201218;2020;Q4-2020;8084;Q4;01.12.2020;01.12.2020;24252;December;Dec;12;Friday;Fri;6;1;1498
19.12.2020;20201219;2020;Q4-2020;8084;Q4;01.12.2020;01.12.2020;24252;December;Dec;12;Saturday;Sat;7;0;1498
20.12.2020;20201220;2020;Q4-2020;8084;Q4;01.12.2020;01.12.2020;24252;December;Dec;12;Sunday;Sun;1;0;1498
21.12.2020;20201221;2020;Q4-2020;8084;Q4;01.12.2020;01.12.2020;24252;December;Dec;12;Monday;Mon;2;1;1499
22.12.2020;20201222;2020;Q4-2020;8084;Q4;01.12.2020;01.12.2020;24252;December;Dec;12;Tuesday;Tue;3;1;1500
23.12.2020;20201223;2020;Q4-2020;8084;Q4;01.12.2020;01.12.2020;24252;December;Dec;12;Wednesday;Wed;4;1;1501
24.12.2020;20201224;2020;Q4-2020;8084;Q4;01.12.2020;01.12.2020;24252;December;Dec;12;Thursday;Thu;5;1;1502
25.12.2020;20201225;2020;Q4-2020;8084;Q4;01.12.2020;01.12.2020;24252;December;Dec;12;Friday;Fri;6;0;1502
26.12.2020;20201226;2020;Q4-2020;8084;Q4;01.12.2020;01.12.2020;24252;December;Dec;12;Saturday;Sat;7;0;1502
27.12.2020;20201227;2020;Q4-2020;8084;Q4;01.12.2020;01.12.2020;24252;December;Dec;12;Sunday;Sun;1;0;1502
28.12.2020;20201228;2020;Q4-2020;8084;Q4;01.12.2020;01.12.2020;24252;December;Dec;12;Monday;Mon;2;1;1503
29.12.2020;20201229;2020;Q4-2020;8084;Q4;01.12.2020;01.12.2020;24252;December;Dec;12;Tuesday;Tue;3;1;1504
30.12.2020;20201230;2020;Q4-2020;8084;Q4;01.12.2020;01.12.2020;24252;December;Dec;12;Wednesday;Wed;4;1;1505
31.12.2020;20201231;2020;Q4-2020;8084;Q4;01.12.2020;01.12.2020;24252;December;Dec;12;Thursday;Thu;5;1;1506
01.01.2021;20210101;2021;Q1-2021;8085;Q1;01.01.2021;01.01.2021;24253;January;Jan;1;Friday;Fri;6;0;1506
02.01.2021;20210102;2021;Q1-2021;8085;Q1;01.01.2021;01.01.2021;24253;January;Jan;1;Saturday;Sat;7;0;1506
03.01.2021;20210103;2021;Q1-2021;8085;Q1;01.01.2021;01.01.2021;24253;January;Jan;1;Sunday;Sun;1;0;1506
04.01.2021;20210104;2021;Q1-2021;8085;Q1;01.01.2021;01.01.2021;24253;January;Jan;1;Monday;Mon;2;1;1507
05.01.2021;20210105;2021;Q1-2021;8085;Q1;01.01.2021;01.01.2021;24253;January;Jan;1;Tuesday;Tue;3;1;1508
06.01.2021;20210106;2021;Q1-2021;8085;Q1;01.01.2021;01.01.2021;24253;January;Jan;1;Wednesday;Wed;4;1;1509
07.01.2021;20210107;2021;Q1-2021;8085;Q1;01.01.2021;01.01.2021;24253;January;Jan;1;Thursday;Thu;5;1;1510
08.01.2021;20210108;2021;Q1-2021;8085;Q1;01.01.2021;01.01.2021;24253;January;Jan;1;Friday;Fri;6;1;1511
09.01.2021;20210109;2021;Q1-2021;8085;Q1;01.01.2021;01.01.2021;24253;January;Jan;1;Saturday;Sat;7;0;1511
10.01.2021;20210110;2021;Q1-2021;8085;Q1;01.01.2021;01.01.2021;24253;January;Jan;1;Sunday;Sun;1;0;1511
11.01.2021;20210111;2021;Q1-2021;8085;Q1;01.01.2021;01.01.2021;24253;January;Jan;1;Monday;Mon;2;1;1512
12.01.2021;20210112;2021;Q1-2021;8085;Q1;01.01.2021;01.01.2021;24253;January;Jan;1;Tuesday;Tue;3;1;1513
13.01.2021;20210113;2021;Q1-2021;8085;Q1;01.01.2021;01.01.2021;24253;January;Jan;1;Wednesday;Wed;4;1;1514
14.01.2021;20210114;2021;Q1-2021;8085;Q1;01.01.2021;01.01.2021;24253;January;Jan;1;Thursday;Thu;5;1;1515
15.01.2021;20210115;2021;Q1-2021;8085;Q1;01.01.2021;01.01.2021;24253;January;Jan;1;Friday;Fri;6;1;1516
16.01.2021;20210116;2021;Q1-2021;8085;Q1;01.01.2021;01.01.2021;24253;January;Jan;1;Saturday;Sat;7;0;1516
17.01.2021;20210117;2021;Q1-2021;8085;Q1;01.01.2021;01.01.2021;24253;January;Jan;1;Sunday;Sun;1;0;1516
18.01.2021;20210118;2021;Q1-2021;8085;Q1;01.01.2021;01.01.2021;24253;January;Jan;1;Monday;Mon;2;0;1516
19.01.2021;20210119;2021;Q1-2021;8085;Q1;01.01.2021;01.01.2021;24253;January;Jan;1;Tuesday;Tue;3;1;1517
20.01.2021;20210120;2021;Q1-2021;8085;Q1;01.01.2021;01.01.2021;24253;January;Jan;1;Wednesday;Wed;4;1;1518
21.01.2021;20210121;2021;Q1-2021;8085;Q1;01.01.2021;01.01.2021;24253;January;Jan;1;Thursday;Thu;5;1;1519
22.01.2021;20210122;2021;Q1-2021;8085;Q1;01.01.2021;01.01.2021;24253;January;Jan;1;Friday;Fri;6;1;1520
23.01.2021;20210123;2021;Q1-2021;8085;Q1;01.01.2021;01.01.2021;24253;January;Jan;1;Saturday;Sat;7;0;1520
24.01.2021;20210124;2021;Q1-2021;8085;Q1;01.01.2021;01.01.2021;24253;January;Jan;1;Sunday;Sun;1;0;1520
25.01.2021;20210125;2021;Q1-2021;8085;Q1;01.01.2021;01.01.2021;24253;January;Jan;1;Monday;Mon;2;1;1521
26.01.2021;20210126;2021;Q1-2021;8085;Q1;01.01.2021;01.01.2021;24253;January;Jan;1;Tuesday;Tue;3;1;1522
27.01.2021;20210127;2021;Q1-2021;8085;Q1;01.01.2021;01.01.2021;24253;January;Jan;1;Wednesday;Wed;4;1;1523
28.01.2021;20210128;2021;Q1-2021;8085;Q1;01.01.2021;01.01.2021;24253;January;Jan;1;Thursday;Thu;5;1;1524
29.01.2021;20210129;2021;Q1-2021;8085;Q1;01.01.2021;01.01.2021;24253;January;Jan;1;Friday;Fri;6;1;1525
30.01.2021;20210130;2021;Q1-2021;8085;Q1;01.01.2021;01.01.2021;24253;January;Jan;1;Saturday;Sat;7;0;1525
31.01.2021;20210131;2021;Q1-2021;8085;Q1;01.01.2021;01.01.2021;24253;January;Jan;1;Sunday;Sun;1;0;1525
01.02.2021;20210201;2021;Q1-2021;8085;Q1;01.02.2021;01.02.2021;24254;February;Feb;2;Monday;Mon;2;1;1526
02.02.2021;20210202;2021;Q1-2021;8085;Q1;01.02.2021;01.02.2021;24254;February;Feb;2;Tuesday;Tue;3;1;1527
03.02.2021;20210203;2021;Q1-2021;8085;Q1;01.02.2021;01.02.2021;24254;February;Feb;2;Wednesday;Wed;4;1;1528
04.02.2021;20210204;2021;Q1-2021;8085;Q1;01.02.2021;01.02.2021;24254;February;Feb;2;Thursday;Thu;5;1;1529
05.02.2021;20210205;2021;Q1-2021;8085;Q1;01.02.2021;01.02.2021;24254;February;Feb;2;Friday;Fri;6;1;1530
06.02.2021;20210206;2021;Q1-2021;8085;Q1;01.02.2021;01.02.2021;24254;February;Feb;2;Saturday;Sat;7;0;1530
07.02.2021;20210207;2021;Q1-2021;8085;Q1;01.02.2021;01.02.2021;24254;February;Feb;2;Sunday;Sun;1;0;1530
08.02.2021;20210208;2021;Q1-2021;8085;Q1;01.02.2021;01.02.2021;24254;February;Feb;2;Monday;Mon;2;1;1531
09.02.2021;20210209;2021;Q1-2021;8085;Q1;01.02.2021;01.02.2021;24254;February;Feb;2;Tuesday;Tue;3;1;1532
10.02.2021;20210210;2021;Q1-2021;8085;Q1;01.02.2021;01.02.2021;24254;February;Feb;2;Wednesday;Wed;4;1;1533
11.02.2021;20210211;2021;Q1-2021;8085;Q1;01.02.2021;01.02.2021;24254;February;Feb;2;Thursday;Thu;5;1;1534
12.02.2021;20210212;2021;Q1-2021;8085;Q1;01.02.2021;01.02.2021;24254;February;Feb;2;Friday;Fri;6;1;1535
13.02.2021;20210213;2021;Q1-2021;8085;Q1;01.02.2021;01.02.2021;24254;February;Feb;2;Saturday;Sat;7;0;1535
14.02.2021;20210214;2021;Q1-2021;8085;Q1;01.02.2021;01.02.2021;24254;February;Feb;2;Sunday;Sun;1;0;1535
15.02.2021;20210215;2021;Q1-2021;8085;Q1;01.02.2021;01.02.2021;24254;February;Feb;2;Monday;Mon;2;0;1535
16.02.2021;20210216;2021;Q1-2021;8085;Q1;01.02.2021;01.02.2021;24254;February;Feb;2;Tuesday;Tue;3;1;1536
17.02.2021;20210217;2021;Q1-2021;8085;Q1;01.02.2021;01.02.2021;24254;February;Feb;2;Wednesday;Wed;4;1;1537
18.02.2021;20210218;2021;Q1-2021;8085;Q1;01.02.2021;01.02.2021;24254;February;Feb;2;Thursday;Thu;5;1;1538
19.02.2021;20210219;2021;Q1-2021;8085;Q1;01.02.2021;01.02.2021;24254;February;Feb;2;Friday;Fri;6;1;1539
20.02.2021;20210220;2021;Q1-2021;8085;Q1;01.02.2021;01.02.2021;24254;February;Feb;2;Saturday;Sat;7;0;1539
21.02.2021;20210221;2021;Q1-2021;8085;Q1;01.02.2021;01.02.2021;24254;February;Feb;2;Sunday;Sun;1;0;1539
22.02.2021;20210222;2021;Q1-2021;8085;Q1;01.02.2021;01.02.2021;24254;February;Feb;2;Monday;Mon;2;1;1540
23.02.2021;20210223;2021;Q1-2021;8085;Q1;01.02.2021;01.02.2021;24254;February;Feb;2;Tuesday;Tue;3;1;1541
24.02.2021;20210224;2021;Q1-2021;8085;Q1;01.02.2021;01.02.2021;24254;February;Feb;2;Wednesday;Wed;4;1;1542
25.02.2021;20210225;2021;Q1-2021;8085;Q1;01.02.2021;01.02.2021;24254;February;Feb;2;Thursday;Thu;5;1;1543
26.02.2021;20210226;2021;Q1-2021;8085;Q1;01.02.2021;01.02.2021;24254;February;Feb;2;Friday;Fri;6;1;1544
27.02.2021;20210227;2021;Q1-2021;8085;Q1;01.02.2021;01.02.2021;24254;February;Feb;2;Saturday;Sat;7;0;1544
28.02.2021;20210228;2021;Q1-2021;8085;Q1;01.02.2021;01.02.2021;24254;February;Feb;2;Sunday;Sun;1;0;1544
01.03.2021;20210301;2021;Q1-2021;8085;Q1;01.03.2021;01.03.2021;24255;March;Mar;3;Monday;Mon;2;1;1545
02.03.2021;20210302;2021;Q1-2021;8085;Q1;01.03.2021;01.03.2021;24255;March;Mar;3;Tuesday;Tue;3;1;1546
03.03.2021;20210303;2021;Q1-2021;8085;Q1;01.03.2021;01.03.2021;24255;March;Mar;3;Wednesday;Wed;4;1;1547
04.03.2021;20210304;2021;Q1-2021;8085;Q1;01.03.2021;01.03.2021;24255;March;Mar;3;Thursday;Thu;5;1;1548
05.03.2021;20210305;2021;Q1-2021;8085;Q1;01.03.2021;01.03.2021;24255;March;Mar;3;Friday;Fri;6;1;1549
06.03.2021;20210306;2021;Q1-2021;8085;Q1;01.03.2021;01.03.2021;24255;March;Mar;3;Saturday;Sat;7;0;1549
07.03.2021;20210307;2021;Q1-2021;8085;Q1;01.03.2021;01.03.2021;24255;March;Mar;3;Sunday;Sun;1;0;1549
08.03.2021;20210308;2021;Q1-2021;8085;Q1;01.03.2021;01.03.2021;24255;March;Mar;3;Monday;Mon;2;1;1550
09.03.2021;20210309;2021;Q1-2021;8085;Q1;01.03.2021;01.03.2021;24255;March;Mar;3;Tuesday;Tue;3;1;1551
10.03.2021;20210310;2021;Q1-2021;8085;Q1;01.03.2021;01.03.2021;24255;March;Mar;3;Wednesday;Wed;4;1;1552
11.03.2021;20210311;2021;Q1-2021;8085;Q1;01.03.2021;01.03.2021;24255;March;Mar;3;Thursday;Thu;5;1;1553
12.03.2021;20210312;2021;Q1-2021;8085;Q1;01.03.2021;01.03.2021;24255;March;Mar;3;Friday;Fri;6;1;1554
13.03.2021;20210313;2021;Q1-2021;8085;Q1;01.03.2021;01.03.2021;24255;March;Mar;3;Saturday;Sat;7;0;1554
14.03.2021;20210314;2021;Q1-2021;8085;Q1;01.03.2021;01.03.2021;24255;March;Mar;3;Sunday;Sun;1;0;1554
15.03.2021;20210315;2021;Q1-2021;8085;Q1;01.03.2021;01.03.2021;24255;March;Mar;3;Monday;Mon;2;1;1555
16.03.2021;20210316;2021;Q1-2021;8085;Q1;01.03.2021;01.03.2021;24255;March;Mar;3;Tuesday;Tue;3;1;1556
17.03.2021;20210317;2021;Q1-2021;8085;Q1;01.03.2021;01.03.2021;24255;March;Mar;3;Wednesday;Wed;4;1;1557
18.03.2021;20210318;2021;Q1-2021;8085;Q1;01.03.2021;01.03.2021;24255;March;Mar;3;Thursday;Thu;5;1;1558
19.03.2021;20210319;2021;Q1-2021;8085;Q1;01.03.2021;01.03.2021;24255;March;Mar;3;Friday;Fri;6;1;1559
20.03.2021;20210320;2021;Q1-2021;8085;Q1;01.03.2021;01.03.2021;24255;March;Mar;3;Saturday;Sat;7;0;1559
21.03.2021;20210321;2021;Q1-2021;8085;Q1;01.03.2021;01.03.2021;24255;March;Mar;3;Sunday;Sun;1;0;1559
22.03.2021;20210322;2021;Q1-2021;8085;Q1;01.03.2021;01.03.2021;24255;March;Mar;3;Monday;Mon;2;1;1560
23.03.2021;20210323;2021;Q1-2021;8085;Q1;01.03.2021;01.03.2021;24255;March;Mar;3;Tuesday;Tue;3;1;1561
24.03.2021;20210324;2021;Q1-2021;8085;Q1;01.03.2021;01.03.2021;24255;March;Mar;3;Wednesday;Wed;4;1;1562
25.03.2021;20210325;2021;Q1-2021;8085;Q1;01.03.2021;01.03.2021;24255;March;Mar;3;Thursday;Thu;5;1;1563
26.03.2021;20210326;2021;Q1-2021;8085;Q1;01.03.2021;01.03.2021;24255;March;Mar;3;Friday;Fri;6;1;1564
27.03.2021;20210327;2021;Q1-2021;8085;Q1;01.03.2021;01.03.2021;24255;March;Mar;3;Saturday;Sat;7;0;1564
28.03.2021;20210328;2021;Q1-2021;8085;Q1;01.03.2021;01.03.2021;24255;March;Mar;3;Sunday;Sun;1;0;1564
29.03.2021;20210329;2021;Q1-2021;8085;Q1;01.03.2021;01.03.2021;24255;March;Mar;3;Monday;Mon;2;1;1565
30.03.2021;20210330;2021;Q1-2021;8085;Q1;01.03.2021;01.03.2021;24255;March;Mar;3;Tuesday;Tue;3;1;1566
31.03.2021;20210331;2021;Q1-2021;8085;Q1;01.03.2021;01.03.2021;24255;March;Mar;3;Wednesday;Wed;4;1;1567
01.04.2021;20210401;2021;Q2-2021;8086;Q2;01.04.2021;01.04.2021;24256;April;Apr;4;Thursday;Thu;5;1;1568
02.04.2021;20210402;2021;Q2-2021;8086;Q2;01.04.2021;01.04.2021;24256;April;Apr;4;Friday;Fri;6;1;1569
03.04.2021;20210403;2021;Q2-2021;8086;Q2;01.04.2021;01.04.2021;24256;April;Apr;4;Saturday;Sat;7;0;1569
04.04.2021;20210404;2021;Q2-2021;8086;Q2;01.04.2021;01.04.2021;24256;April;Apr;4;Sunday;Sun;1;0;1569
05.04.2021;20210405;2021;Q2-2021;8086;Q2;01.04.2021;01.04.2021;24256;April;Apr;4;Monday;Mon;2;1;1570
06.04.2021;20210406;2021;Q2-2021;8086;Q2;01.04.2021;01.04.2021;24256;April;Apr;4;Tuesday;Tue;3;1;1571
07.04.2021;20210407;2021;Q2-2021;8086;Q2;01.04.2021;01.04.2021;24256;April;Apr;4;Wednesday;Wed;4;1;1572
08.04.2021;20210408;2021;Q2-2021;8086;Q2;01.04.2021;01.04.2021;24256;April;Apr;4;Thursday;Thu;5;1;1573
09.04.2021;20210409;2021;Q2-2021;8086;Q2;01.04.2021;01.04.2021;24256;April;Apr;4;Friday;Fri;6;1;1574
10.04.2021;20210410;2021;Q2-2021;8086;Q2;01.04.2021;01.04.2021;24256;April;Apr;4;Saturday;Sat;7;0;1574
11.04.2021;20210411;2021;Q2-2021;8086;Q2;01.04.2021;01.04.2021;24256;April;Apr;4;Sunday;Sun;1;0;1574
12.04.2021;20210412;2021;Q2-2021;8086;Q2;01.04.2021;01.04.2021;24256;April;Apr;4;Monday;Mon;2;1;1575
13.04.2021;20210413;2021;Q2-2021;8086;Q2;01.04.2021;01.04.2021;24256;April;Apr;4;Tuesday;Tue;3;1;1576
14.04.2021;20210414;2021;Q2-2021;8086;Q2;01.04.2021;01.04.2021;24256;April;Apr;4;Wednesday;Wed;4;1;1577
15.04.2021;20210415;2021;Q2-2021;8086;Q2;01.04.2021;01.04.2021;24256;April;Apr;4;Thursday;Thu;5;1;1578
16.04.2021;20210416;2021;Q2-2021;8086;Q2;01.04.2021;01.04.2021;24256;April;Apr;4;Friday;Fri;6;1;1579
17.04.2021;20210417;2021;Q2-2021;8086;Q2;01.04.2021;01.04.2021;24256;April;Apr;4;Saturday;Sat;7;0;1579
18.04.2021;20210418;2021;Q2-2021;8086;Q2;01.04.2021;01.04.2021;24256;April;Apr;4;Sunday;Sun;1;0;1579
19.04.2021;20210419;2021;Q2-2021;8086;Q2;01.04.2021;01.04.2021;24256;April;Apr;4;Monday;Mon;2;1;1580
20.04.2021;20210420;2021;Q2-2021;8086;Q2;01.04.2021;01.04.2021;24256;April;Apr;4;Tuesday;Tue;3;1;1581
21.04.2021;20210421;2021;Q2-2021;8086;Q2;01.04.2021;01.04.2021;24256;April;Apr;4;Wednesday;Wed;4;1;1582
22.04.2021;20210422;2021;Q2-2021;8086;Q2;01.04.2021;01.04.2021;24256;April;Apr;4;Thursday;Thu;5;1;1583
23.04.2021;20210423;2021;Q2-2021;8086;Q2;01.04.2021;01.04.2021;24256;April;Apr;4;Friday;Fri;6;1;1584
24.04.2021;20210424;2021;Q2-2021;8086;Q2;01.04.2021;01.04.2021;24256;April;Apr;4;Saturday;Sat;7;0;1584
25.04.2021;20210425;2021;Q2-2021;8086;Q2;01.04.2021;01.04.2021;24256;April;Apr;4;Sunday;Sun;1;0;1584
26.04.2021;20210426;2021;Q2-2021;8086;Q2;01.04.2021;01.04.2021;24256;April;Apr;4;Monday;Mon;2;1;1585
27.04.2021;20210427;2021;Q2-2021;8086;Q2;01.04.2021;01.04.2021;24256;April;Apr;4;Tuesday;Tue;3;1;1586
28.04.2021;20210428;2021;Q2-2021;8086;Q2;01.04.2021;01.04.2021;24256;April;Apr;4;Wednesday;Wed;4;1;1587
29.04.2021;20210429;2021;Q2-2021;8086;Q2;01.04.2021;01.04.2021;24256;April;Apr;4;Thursday;Thu;5;1;1588
30.04.2021;20210430;2021;Q2-2021;8086;Q2;01.04.2021;01.04.2021;24256;April;Apr;4;Friday;Fri;6;1;1589
01.05.2021;20210501;2021;Q2-2021;8086;Q2;01.05.2021;01.05.2021;24257;May;May;5;Saturday;Sat;7;0;1589
02.05.2021;20210502;2021;Q2-2021;8086;Q2;01.05.2021;01.05.2021;24257;May;May;5;Sunday;Sun;1;0;1589
03.05.2021;20210503;2021;Q2-2021;8086;Q2;01.05.2021;01.05.2021;24257;May;May;5;Monday;Mon;2;1;1590
04.05.2021;20210504;2021;Q2-2021;8086;Q2;01.05.2021;01.05.2021;24257;May;May;5;Tuesday;Tue;3;1;1591
05.05.2021;20210505;2021;Q2-2021;8086;Q2;01.05.2021;01.05.2021;24257;May;May;5;Wednesday;Wed;4;1;1592
06.05.2021;20210506;2021;Q2-2021;8086;Q2;01.05.2021;01.05.2021;24257;May;May;5;Thursday;Thu;5;1;1593
07.05.2021;20210507;2021;Q2-2021;8086;Q2;01.05.2021;01.05.2021;24257;May;May;5;Friday;Fri;6;1;1594
08.05.2021;20210508;2021;Q2-2021;8086;Q2;01.05.2021;01.05.2021;24257;May;May;5;Saturday;Sat;7;0;1594
09.05.2021;20210509;2021;Q2-2021;8086;Q2;01.05.2021;01.05.2021;24257;May;May;5;Sunday;Sun;1;0;1594
10.05.2021;20210510;2021;Q2-2021;8086;Q2;01.05.2021;01.05.2021;24257;May;May;5;Monday;Mon;2;1;1595
11.05.2021;20210511;2021;Q2-2021;8086;Q2;01.05.2021;01.05.2021;24257;May;May;5;Tuesday;Tue;3;1;1596
12.05.2021;20210512;2021;Q2-2021;8086;Q2;01.05.2021;01.05.2021;24257;May;May;5;Wednesday;Wed;4;1;1597
13.05.2021;20210513;2021;Q2-2021;8086;Q2;01.05.2021;01.05.2021;24257;May;May;5;Thursday;Thu;5;1;1598
14.05.2021;20210514;2021;Q2-2021;8086;Q2;01.05.2021;01.05.2021;24257;May;May;5;Friday;Fri;6;1;1599
15.05.2021;20210515;2021;Q2-2021;8086;Q2;01.05.2021;01.05.2021;24257;May;May;5;Saturday;Sat;7;0;1599
16.05.2021;20210516;2021;Q2-2021;8086;Q2;01.05.2021;01.05.2021;24257;May;May;5;Sunday;Sun;1;0;1599
17.05.2021;20210517;2021;Q2-2021;8086;Q2;01.05.2021;01.05.2021;24257;May;May;5;Monday;Mon;2;1;1600
18.05.2021;20210518;2021;Q2-2021;8086;Q2;01.05.2021;01.05.2021;24257;May;May;5;Tuesday;Tue;3;1;1601
19.05.2021;20210519;2021;Q2-2021;8086;Q2;01.05.2021;01.05.2021;24257;May;May;5;Wednesday;Wed;4;1;1602
20.05.2021;20210520;2021;Q2-2021;8086;Q2;01.05.2021;01.05.2021;24257;May;May;5;Thursday;Thu;5;1;1603
21.05.2021;20210521;2021;Q2-2021;8086;Q2;01.05.2021;01.05.2021;24257;May;May;5;Friday;Fri;6;1;1604
22.05.2021;20210522;2021;Q2-2021;8086;Q2;01.05.2021;01.05.2021;24257;May;May;5;Saturday;Sat;7;0;1604
23.05.2021;20210523;2021;Q2-2021;8086;Q2;01.05.2021;01.05.2021;24257;May;May;5;Sunday;Sun;1;0;1604
24.05.2021;20210524;2021;Q2-2021;8086;Q2;01.05.2021;01.05.2021;24257;May;May;5;Monday;Mon;2;1;1605
25.05.2021;20210525;2021;Q2-2021;8086;Q2;01.05.2021;01.05.2021;24257;May;May;5;Tuesday;Tue;3;1;1606
26.05.2021;20210526;2021;Q2-2021;8086;Q2;01.05.2021;01.05.2021;24257;May;May;5;Wednesday;Wed;4;1;1607
27.05.2021;20210527;2021;Q2-2021;8086;Q2;01.05.2021;01.05.2021;24257;May;May;5;Thursday;Thu;5;1;1608
28.05.2021;20210528;2021;Q2-2021;8086;Q2;01.05.2021;01.05.2021;24257;May;May;5;Friday;Fri;6;1;1609
29.05.2021;20210529;2021;Q2-2021;8086;Q2;01.05.2021;01.05.2021;24257;May;May;5;Saturday;Sat;7;0;1609
30.05.2021;20210530;2021;Q2-2021;8086;Q2;01.05.2021;01.05.2021;24257;May;May;5;Sunday;Sun;1;0;1609
31.05.2021;20210531;2021;Q2-2021;8086;Q2;01.05.2021;01.05.2021;24257;May;May;5;Monday;Mon;2;0;1609
01.06.2021;20210601;2021;Q2-2021;8086;Q2;01.06.2021;01.06.2021;24258;June;Jun;6;Tuesday;Tue;3;1;1610
02.06.2021;20210602;2021;Q2-2021;8086;Q2;01.06.2021;01.06.2021;24258;June;Jun;6;Wednesday;Wed;4;1;1611
03.06.2021;20210603;2021;Q2-2021;8086;Q2;01.06.2021;01.06.2021;24258;June;Jun;6;Thursday;Thu;5;1;1612
04.06.2021;20210604;2021;Q2-2021;8086;Q2;01.06.2021;01.06.2021;24258;June;Jun;6;Friday;Fri;6;1;1613
05.06.2021;20210605;2021;Q2-2021;8086;Q2;01.06.2021;01.06.2021;24258;June;Jun;6;Saturday;Sat;7;0;1613
06.06.2021;20210606;2021;Q2-2021;8086;Q2;01.06.2021;01.06.2021;24258;June;Jun;6;Sunday;Sun;1;0;1613
07.06.2021;20210607;2021;Q2-2021;8086;Q2;01.06.2021;01.06.2021;24258;June;Jun;6;Monday;Mon;2;1;1614
08.06.2021;20210608;2021;Q2-2021;8086;Q2;01.06.2021;01.06.2021;24258;June;Jun;6;Tuesday;Tue;3;1;1615
09.06.2021;20210609;2021;Q2-2021;8086;Q2;01.06.2021;01.06.2021;24258;June;Jun;6;Wednesday;Wed;4;1;1616
10.06.2021;20210610;2021;Q2-2021;8086;Q2;01.06.2021;01.06.2021;24258;June;Jun;6;Thursday;Thu;5;1;1617
11.06.2021;20210611;2021;Q2-2021;8086;Q2;01.06.2021;01.06.2021;24258;June;Jun;6;Friday;Fri;6;1;1618
12.06.2021;20210612;2021;Q2-2021;8086;Q2;01.06.2021;01.06.2021;24258;June;Jun;6;Saturday;Sat;7;0;1618
13.06.2021;20210613;2021;Q2-2021;8086;Q2;01.06.2021;01.06.2021;24258;June;Jun;6;Sunday;Sun;1;0;1618
14.06.2021;20210614;2021;Q2-2021;8086;Q2;01.06.2021;01.06.2021;24258;June;Jun;6;Monday;Mon;2;1;1619
15.06.2021;20210615;2021;Q2-2021;8086;Q2;01.06.2021;01.06.2021;24258;June;Jun;6;Tuesday;Tue;3;1;1620
16.06.2021;20210616;2021;Q2-2021;8086;Q2;01.06.2021;01.06.2021;24258;June;Jun;6;Wednesday;Wed;4;1;1621
17.06.2021;20210617;2021;Q2-2021;8086;Q2;01.06.2021;01.06.2021;24258;June;Jun;6;Thursday;Thu;5;1;1622
18.06.2021;20210618;2021;Q2-2021;8086;Q2;01.06.2021;01.06.2021;24258;June;Jun;6;Friday;Fri;6;1;1623
19.06.2021;20210619;2021;Q2-2021;8086;Q2;01.06.2021;01.06.2021;24258;June;Jun;6;Saturday;Sat;7;0;1623
20.06.2021;20210620;2021;Q2-2021;8086;Q2;01.06.2021;01.06.2021;24258;June;Jun;6;Sunday;Sun;1;0;1623
21.06.2021;20210621;2021;Q2-2021;8086;Q2;01.06.2021;01.06.2021;24258;June;Jun;6;Monday;Mon;2;1;1624
22.06.2021;20210622;2021;Q2-2021;8086;Q2;01.06.2021;01.06.2021;24258;June;Jun;6;Tuesday;Tue;3;1;1625
23.06.2021;20210623;2021;Q2-2021;8086;Q2;01.06.2021;01.06.2021;24258;June;Jun;6;Wednesday;Wed;4;1;1626
24.06.2021;20210624;2021;Q2-2021;8086;Q2;01.06.2021;01.06.2021;24258;June;Jun;6;Thursday;Thu;5;1;1627
25.06.2021;20210625;2021;Q2-2021;8086;Q2;01.06.2021;01.06.2021;24258;June;Jun;6;Friday;Fri;6;1;1628
26.06.2021;20210626;2021;Q2-2021;8086;Q2;01.06.2021;01.06.2021;24258;June;Jun;6;Saturday;Sat;7;0;1628
27.06.2021;20210627;2021;Q2-2021;8086;Q2;01.06.2021;01.06.2021;24258;June;Jun;6;Sunday;Sun;1;0;1628
28.06.2021;20210628;2021;Q2-2021;8086;Q2;01.06.2021;01.06.2021;24258;June;Jun;6;Monday;Mon;2;1;1629
29.06.2021;20210629;2021;Q2-2021;8086;Q2;01.06.2021;01.06.2021;24258;June;Jun;6;Tuesday;Tue;3;1;1630
30.06.2021;20210630;2021;Q2-2021;8086;Q2;01.06.2021;01.06.2021;24258;June;Jun;6;Wednesday;Wed;4;1;1631
01.07.2021;20210701;2021;Q3-2021;8087;Q3;01.07.2021;01.07.2021;24259;July;Jul;7;Thursday;Thu;5;1;1632
02.07.2021;20210702;2021;Q3-2021;8087;Q3;01.07.2021;01.07.2021;24259;July;Jul;7;Friday;Fri;6;1;1633
03.07.2021;20210703;2021;Q3-2021;8087;Q3;01.07.2021;01.07.2021;24259;July;Jul;7;Saturday;Sat;7;0;1633
04.07.2021;20210704;2021;Q3-2021;8087;Q3;01.07.2021;01.07.2021;24259;July;Jul;7;Sunday;Sun;1;0;1633
05.07.2021;20210705;2021;Q3-2021;8087;Q3;01.07.2021;01.07.2021;24259;July;Jul;7;Monday;Mon;2;0;1633
06.07.2021;20210706;2021;Q3-2021;8087;Q3;01.07.2021;01.07.2021;24259;July;Jul;7;Tuesday;Tue;3;1;1634
07.07.2021;20210707;2021;Q3-2021;8087;Q3;01.07.2021;01.07.2021;24259;July;Jul;7;Wednesday;Wed;4;1;1635
08.07.2021;20210708;2021;Q3-2021;8087;Q3;01.07.2021;01.07.2021;24259;July;Jul;7;Thursday;Thu;5;1;1636
09.07.2021;20210709;2021;Q3-2021;8087;Q3;01.07.2021;01.07.2021;24259;July;Jul;7;Friday;Fri;6;1;1637
10.07.2021;20210710;2021;Q3-2021;8087;Q3;01.07.2021;01.07.2021;24259;July;Jul;7;Saturday;Sat;7;0;1637
11.07.2021;20210711;2021;Q3-2021;8087;Q3;01.07.2021;01.07.2021;24259;July;Jul;7;Sunday;Sun;1;0;1637
12.07.2021;20210712;2021;Q3-2021;8087;Q3;01.07.2021;01.07.2021;24259;July;Jul;7;Monday;Mon;2;1;1638
13.07.2021;20210713;2021;Q3-2021;8087;Q3;01.07.2021;01.07.2021;24259;July;Jul;7;Tuesday;Tue;3;1;1639
14.07.2021;20210714;2021;Q3-2021;8087;Q3;01.07.2021;01.07.2021;24259;July;Jul;7;Wednesday;Wed;4;1;1640
15.07.2021;20210715;2021;Q3-2021;8087;Q3;01.07.2021;01.07.2021;24259;July;Jul;7;Thursday;Thu;5;1;1641
16.07.2021;20210716;2021;Q3-2021;8087;Q3;01.07.2021;01.07.2021;24259;July;Jul;7;Friday;Fri;6;1;1642
17.07.2021;20210717;2021;Q3-2021;8087;Q3;01.07.2021;01.07.2021;24259;July;Jul;7;Saturday;Sat;7;0;1642
18.07.2021;20210718;2021;Q3-2021;8087;Q3;01.07.2021;01.07.2021;24259;July;Jul;7;Sunday;Sun;1;0;1642
19.07.2021;20210719;2021;Q3-2021;8087;Q3;01.07.2021;01.07.2021;24259;July;Jul;7;Monday;Mon;2;1;1643
20.07.2021;20210720;2021;Q3-2021;8087;Q3;01.07.2021;01.07.2021;24259;July;Jul;7;Tuesday;Tue;3;1;1644
21.07.2021;20210721;2021;Q3-2021;8087;Q3;01.07.2021;01.07.2021;24259;July;Jul;7;Wednesday;Wed;4;1;1645
22.07.2021;20210722;2021;Q3-2021;8087;Q3;01.07.2021;01.07.2021;24259;July;Jul;7;Thursday;Thu;5;1;1646
23.07.2021;20210723;2021;Q3-2021;8087;Q3;01.07.2021;01.07.2021;24259;July;Jul;7;Friday;Fri;6;1;1647
24.07.2021;20210724;2021;Q3-2021;8087;Q3;01.07.2021;01.07.2021;24259;July;Jul;7;Saturday;Sat;7;0;1647
25.07.2021;20210725;2021;Q3-2021;8087;Q3;01.07.2021;01.07.2021;24259;July;Jul;7;Sunday;Sun;1;0;1647
26.07.2021;20210726;2021;Q3-2021;8087;Q3;01.07.2021;01.07.2021;24259;July;Jul;7;Monday;Mon;2;1;1648
27.07.2021;20210727;2021;Q3-2021;8087;Q3;01.07.2021;01.07.2021;24259;July;Jul;7;Tuesday;Tue;3;1;1649
28.07.2021;20210728;2021;Q3-2021;8087;Q3;01.07.2021;01.07.2021;24259;July;Jul;7;Wednesday;Wed;4;1;1650
29.07.2021;20210729;2021;Q3-2021;8087;Q3;01.07.2021;01.07.2021;24259;July;Jul;7;Thursday;Thu;5;1;1651
30.07.2021;20210730;2021;Q3-2021;8087;Q3;01.07.2021;01.07.2021;24259;July;Jul;7;Friday;Fri;6;1;1652
31.07.2021;20210731;2021;Q3-2021;8087;Q3;01.07.2021;01.07.2021;24259;July;Jul;7;Saturday;Sat;7;0;1652
01.08.2021;20210801;2021;Q3-2021;8087;Q3;01.08.2021;01.08.2021;24260;August;Aug;8;Sunday;Sun;1;0;1652
02.08.2021;20210802;2021;Q3-2021;8087;Q3;01.08.2021;01.08.2021;24260;August;Aug;8;Monday;Mon;2;1;1653
03.08.2021;20210803;2021;Q3-2021;8087;Q3;01.08.2021;01.08.2021;24260;August;Aug;8;Tuesday;Tue;3;1;1654
04.08.2021;20210804;2021;Q3-2021;8087;Q3;01.08.2021;01.08.2021;24260;August;Aug;8;Wednesday;Wed;4;1;1655
05.08.2021;20210805;2021;Q3-2021;8087;Q3;01.08.2021;01.08.2021;24260;August;Aug;8;Thursday;Thu;5;1;1656
06.08.2021;20210806;2021;Q3-2021;8087;Q3;01.08.2021;01.08.2021;24260;August;Aug;8;Friday;Fri;6;1;1657
07.08.2021;20210807;2021;Q3-2021;8087;Q3;01.08.2021;01.08.2021;24260;August;Aug;8;Saturday;Sat;7;0;1657
08.08.2021;20210808;2021;Q3-2021;8087;Q3;01.08.2021;01.08.2021;24260;August;Aug;8;Sunday;Sun;1;0;1657
09.08.2021;20210809;2021;Q3-2021;8087;Q3;01.08.2021;01.08.2021;24260;August;Aug;8;Monday;Mon;2;1;1658
10.08.2021;20210810;2021;Q3-2021;8087;Q3;01.08.2021;01.08.2021;24260;August;Aug;8;Tuesday;Tue;3;1;1659
11.08.2021;20210811;2021;Q3-2021;8087;Q3;01.08.2021;01.08.2021;24260;August;Aug;8;Wednesday;Wed;4;1;1660
12.08.2021;20210812;2021;Q3-2021;8087;Q3;01.08.2021;01.08.2021;24260;August;Aug;8;Thursday;Thu;5;1;1661
13.08.2021;20210813;2021;Q3-2021;8087;Q3;01.08.2021;01.08.2021;24260;August;Aug;8;Friday;Fri;6;1;1662
14.08.2021;20210814;2021;Q3-2021;8087;Q3;01.08.2021;01.08.2021;24260;August;Aug;8;Saturday;Sat;7;0;1662
15.08.2021;20210815;2021;Q3-2021;8087;Q3;01.08.2021;01.08.2021;24260;August;Aug;8;Sunday;Sun;1;0;1662
16.08.2021;20210816;2021;Q3-2021;8087;Q3;01.08.2021;01.08.2021;24260;August;Aug;8;Monday;Mon;2;1;1663
17.08.2021;20210817;2021;Q3-2021;8087;Q3;01.08.2021;01.08.2021;24260;August;Aug;8;Tuesday;Tue;3;1;1664
18.08.2021;20210818;2021;Q3-2021;8087;Q3;01.08.2021;01.08.2021;24260;August;Aug;8;Wednesday;Wed;4;1;1665
19.08.2021;20210819;2021;Q3-2021;8087;Q3;01.08.2021;01.08.2021;24260;August;Aug;8;Thursday;Thu;5;1;1666
20.08.2021;20210820;2021;Q3-2021;8087;Q3;01.08.2021;01.08.2021;24260;August;Aug;8;Friday;Fri;6;1;1667
21.08.2021;20210821;2021;Q3-2021;8087;Q3;01.08.2021;01.08.2021;24260;August;Aug;8;Saturday;Sat;7;0;1667
22.08.2021;20210822;2021;Q3-2021;8087;Q3;01.08.2021;01.08.2021;24260;August;Aug;8;Sunday;Sun;1;0;1667
23.08.2021;20210823;2021;Q3-2021;8087;Q3;01.08.2021;01.08.2021;24260;August;Aug;8;Monday;Mon;2;1;1668
24.08.2021;20210824;2021;Q3-2021;8087;Q3;01.08.2021;01.08.2021;24260;August;Aug;8;Tuesday;Tue;3;1;1669
25.08.2021;20210825;2021;Q3-2021;8087;Q3;01.08.2021;01.08.2021;24260;August;Aug;8;Wednesday;Wed;4;1;1670
26.08.2021;20210826;2021;Q3-2021;8087;Q3;01.08.2021;01.08.2021;24260;August;Aug;8;Thursday;Thu;5;1;1671
27.08.2021;20210827;2021;Q3-2021;8087;Q3;01.08.2021;01.08.2021;24260;August;Aug;8;Friday;Fri;6;1;1672
28.08.2021;20210828;2021;Q3-2021;8087;Q3;01.08.2021;01.08.2021;24260;August;Aug;8;Saturday;Sat;7;0;1672
29.08.2021;20210829;2021;Q3-2021;8087;Q3;01.08.2021;01.08.2021;24260;August;Aug;8;Sunday;Sun;1;0;1672
30.08.2021;20210830;2021;Q3-2021;8087;Q3;01.08.2021;01.08.2021;24260;August;Aug;8;Monday;Mon;2;1;1673
31.08.2021;20210831;2021;Q3-2021;8087;Q3;01.08.2021;01.08.2021;24260;August;Aug;8;Tuesday;Tue;3;1;1674
01.09.2021;20210901;2021;Q3-2021;8087;Q3;01.09.2021;01.09.2021;24261;September;Sep;9;Wednesday;Wed;4;1;1675
02.09.2021;20210902;2021;Q3-2021;8087;Q3;01.09.2021;01.09.2021;24261;September;Sep;9;Thursday;Thu;5;1;1676
03.09.2021;20210903;2021;Q3-2021;8087;Q3;01.09.2021;01.09.2021;24261;September;Sep;9;Friday;Fri;6;1;1677
04.09.2021;20210904;2021;Q3-2021;8087;Q3;01.09.2021;01.09.2021;24261;September;Sep;9;Saturday;Sat;7;0;1677
05.09.2021;20210905;2021;Q3-2021;8087;Q3;01.09.2021;01.09.2021;24261;September;Sep;9;Sunday;Sun;1;0;1677
06.09.2021;20210906;2021;Q3-2021;8087;Q3;01.09.2021;01.09.2021;24261;September;Sep;9;Monday;Mon;2;0;1677
07.09.2021;20210907;2021;Q3-2021;8087;Q3;01.09.2021;01.09.2021;24261;September;Sep;9;Tuesday;Tue;3;1;1678
08.09.2021;20210908;2021;Q3-2021;8087;Q3;01.09.2021;01.09.2021;24261;September;Sep;9;Wednesday;Wed;4;1;1679
09.09.2021;20210909;2021;Q3-2021;8087;Q3;01.09.2021;01.09.2021;24261;September;Sep;9;Thursday;Thu;5;1;1680
10.09.2021;20210910;2021;Q3-2021;8087;Q3;01.09.2021;01.09.2021;24261;September;Sep;9;Friday;Fri;6;1;1681
11.09.2021;20210911;2021;Q3-2021;8087;Q3;01.09.2021;01.09.2021;24261;September;Sep;9;Saturday;Sat;7;0;1681
12.09.2021;20210912;2021;Q3-2021;8087;Q3;01.09.2021;01.09.2021;24261;September;Sep;9;Sunday;Sun;1;0;1681
13.09.2021;20210913;2021;Q3-2021;8087;Q3;01.09.2021;01.09.2021;24261;September;Sep;9;Monday;Mon;2;1;1682
14.09.2021;20210914;2021;Q3-2021;8087;Q3;01.09.2021;01.09.2021;24261;September;Sep;9;Tuesday;Tue;3;1;1683
15.09.2021;20210915;2021;Q3-2021;8087;Q3;01.09.2021;01.09.2021;24261;September;Sep;9;Wednesday;Wed;4;1;1684
16.09.2021;20210916;2021;Q3-2021;8087;Q3;01.09.2021;01.09.2021;24261;September;Sep;9;Thursday;Thu;5;1;1685
17.09.2021;20210917;2021;Q3-2021;8087;Q3;01.09.2021;01.09.2021;24261;September;Sep;9;Friday;Fri;6;1;1686
18.09.2021;20210918;2021;Q3-2021;8087;Q3;01.09.2021;01.09.2021;24261;September;Sep;9;Saturday;Sat;7;0;1686
19.09.2021;20210919;2021;Q3-2021;8087;Q3;01.09.2021;01.09.2021;24261;September;Sep;9;Sunday;Sun;1;0;1686
20.09.2021;20210920;2021;Q3-2021;8087;Q3;01.09.2021;01.09.2021;24261;September;Sep;9;Monday;Mon;2;1;1687
21.09.2021;20210921;2021;Q3-2021;8087;Q3;01.09.2021;01.09.2021;24261;September;Sep;9;Tuesday;Tue;3;1;1688
22.09.2021;20210922;2021;Q3-2021;8087;Q3;01.09.2021;01.09.2021;24261;September;Sep;9;Wednesday;Wed;4;1;1689
23.09.2021;20210923;2021;Q3-2021;8087;Q3;01.09.2021;01.09.2021;24261;September;Sep;9;Thursday;Thu;5;1;1690
24.09.2021;20210924;2021;Q3-2021;8087;Q3;01.09.2021;01.09.2021;24261;September;Sep;9;Friday;Fri;6;1;1691
25.09.2021;20210925;2021;Q3-2021;8087;Q3;01.09.2021;01.09.2021;24261;September;Sep;9;Saturday;Sat;7;0;1691
26.09.2021;20210926;2021;Q3-2021;8087;Q3;01.09.2021;01.09.2021;24261;September;Sep;9;Sunday;Sun;1;0;1691
27.09.2021;20210927;2021;Q3-2021;8087;Q3;01.09.2021;01.09.2021;24261;September;Sep;9;Monday;Mon;2;1;1692
28.09.2021;20210928;2021;Q3-2021;8087;Q3;01.09.2021;01.09.2021;24261;September;Sep;9;Tuesday;Tue;3;1;1693
29.09.2021;20210929;2021;Q3-2021;8087;Q3;01.09.2021;01.09.2021;24261;September;Sep;9;Wednesday;Wed;4;1;1694
30.09.2021;20210930;2021;Q3-2021;8087;Q3;01.09.2021;01.09.2021;24261;September;Sep;9;Thursday;Thu;5;1;1695
01.10.2021;20211001;2021;Q4-2021;8088;Q4;01.10.2021;01.10.2021;24262;October;Oct;10;Friday;Fri;6;1;1696
02.10.2021;20211002;2021;Q4-2021;8088;Q4;01.10.2021;01.10.2021;24262;October;Oct;10;Saturday;Sat;7;0;1696
03.10.2021;20211003;2021;Q4-2021;8088;Q4;01.10.2021;01.10.2021;24262;October;Oct;10;Sunday;Sun;1;0;1696
04.10.2021;20211004;2021;Q4-2021;8088;Q4;01.10.2021;01.10.2021;24262;October;Oct;10;Monday;Mon;2;1;1697
05.10.2021;20211005;2021;Q4-2021;8088;Q4;01.10.2021;01.10.2021;24262;October;Oct;10;Tuesday;Tue;3;1;1698
06.10.2021;20211006;2021;Q4-2021;8088;Q4;01.10.2021;01.10.2021;24262;October;Oct;10;Wednesday;Wed;4;1;1699
07.10.2021;20211007;2021;Q4-2021;8088;Q4;01.10.2021;01.10.2021;24262;October;Oct;10;Thursday;Thu;5;1;1700
08.10.2021;20211008;2021;Q4-2021;8088;Q4;01.10.2021;01.10.2021;24262;October;Oct;10;Friday;Fri;6;1;1701
09.10.2021;20211009;2021;Q4-2021;8088;Q4;01.10.2021;01.10.2021;24262;October;Oct;10;Saturday;Sat;7;0;1701
10.10.2021;20211010;2021;Q4-2021;8088;Q4;01.10.2021;01.10.2021;24262;October;Oct;10;Sunday;Sun;1;0;1701
11.10.2021;20211011;2021;Q4-2021;8088;Q4;01.10.2021;01.10.2021;24262;October;Oct;10;Monday;Mon;2;0;1701
12.10.2021;20211012;2021;Q4-2021;8088;Q4;01.10.2021;01.10.2021;24262;October;Oct;10;Tuesday;Tue;3;1;1702
13.10.2021;20211013;2021;Q4-2021;8088;Q4;01.10.2021;01.10.2021;24262;October;Oct;10;Wednesday;Wed;4;1;1703
14.10.2021;20211014;2021;Q4-2021;8088;Q4;01.10.2021;01.10.2021;24262;October;Oct;10;Thursday;Thu;5;1;1704
15.10.2021;20211015;2021;Q4-2021;8088;Q4;01.10.2021;01.10.2021;24262;October;Oct;10;Friday;Fri;6;1;1705
16.10.2021;20211016;2021;Q4-2021;8088;Q4;01.10.2021;01.10.2021;24262;October;Oct;10;Saturday;Sat;7;0;1705
17.10.2021;20211017;2021;Q4-2021;8088;Q4;01.10.2021;01.10.2021;24262;October;Oct;10;Sunday;Sun;1;0;1705
18.10.2021;20211018;2021;Q4-2021;8088;Q4;01.10.2021;01.10.2021;24262;October;Oct;10;Monday;Mon;2;1;1706
19.10.2021;20211019;2021;Q4-2021;8088;Q4;01.10.2021;01.10.2021;24262;October;Oct;10;Tuesday;Tue;3;1;1707
20.10.2021;20211020;2021;Q4-2021;8088;Q4;01.10.2021;01.10.2021;24262;October;Oct;10;Wednesday;Wed;4;1;1708
21.10.2021;20211021;2021;Q4-2021;8088;Q4;01.10.2021;01.10.2021;24262;October;Oct;10;Thursday;Thu;5;1;1709
22.10.2021;20211022;2021;Q4-2021;8088;Q4;01.10.2021;01.10.2021;24262;October;Oct;10;Friday;Fri;6;1;1710
23.10.2021;20211023;2021;Q4-2021;8088;Q4;01.10.2021;01.10.2021;24262;October;Oct;10;Saturday;Sat;7;0;1710
24.10.2021;20211024;2021;Q4-2021;8088;Q4;01.10.2021;01.10.2021;24262;October;Oct;10;Sunday;Sun;1;0;1710
25.10.2021;20211025;2021;Q4-2021;8088;Q4;01.10.2021;01.10.2021;24262;October;Oct;10;Monday;Mon;2;1;1711
26.10.2021;20211026;2021;Q4-2021;8088;Q4;01.10.2021;01.10.2021;24262;October;Oct;10;Tuesday;Tue;3;1;1712
27.10.2021;20211027;2021;Q4-2021;8088;Q4;01.10.2021;01.10.2021;24262;October;Oct;10;Wednesday;Wed;4;1;1713
28.10.2021;20211028;2021;Q4-2021;8088;Q4;01.10.2021;01.10.2021;24262;October;Oct;10;Thursday;Thu;5;1;1714
29.10.2021;20211029;2021;Q4-2021;8088;Q4;01.10.2021;01.10.2021;24262;October;Oct;10;Friday;Fri;6;1;1715
30.10.2021;20211030;2021;Q4-2021;8088;Q4;01.10.2021;01.10.2021;24262;October;Oct;10;Saturday;Sat;7;0;1715
31.10.2021;20211031;2021;Q4-2021;8088;Q4;01.10.2021;01.10.2021;24262;October;Oct;10;Sunday;Sun;1;0;1715
01.11.2021;20211101;2021;Q4-2021;8088;Q4;01.11.2021;01.11.2021;24263;November;Nov;11;Monday;Mon;2;1;1716
02.11.2021;20211102;2021;Q4-2021;8088;Q4;01.11.2021;01.11.2021;24263;November;Nov;11;Tuesday;Tue;3;1;1717
03.11.2021;20211103;2021;Q4-2021;8088;Q4;01.11.2021;01.11.2021;24263;November;Nov;11;Wednesday;Wed;4;1;1718
04.11.2021;20211104;2021;Q4-2021;8088;Q4;01.11.2021;01.11.2021;24263;November;Nov;11;Thursday;Thu;5;1;1719
05.11.2021;20211105;2021;Q4-2021;8088;Q4;01.11.2021;01.11.2021;24263;November;Nov;11;Friday;Fri;6;1;1720
06.11.2021;20211106;2021;Q4-2021;8088;Q4;01.11.2021;01.11.2021;24263;November;Nov;11;Saturday;Sat;7;0;1720
07.11.2021;20211107;2021;Q4-2021;8088;Q4;01.11.2021;01.11.2021;24263;November;Nov;11;Sunday;Sun;1;0;1720
08.11.2021;20211108;2021;Q4-2021;8088;Q4;01.11.2021;01.11.2021;24263;November;Nov;11;Monday;Mon;2;1;1721
09.11.2021;20211109;2021;Q4-2021;8088;Q4;01.11.2021;01.11.2021;24263;November;Nov;11;Tuesday;Tue;3;1;1722
10.11.2021;20211110;2021;Q4-2021;8088;Q4;01.11.2021;01.11.2021;24263;November;Nov;11;Wednesday;Wed;4;1;1723
11.11.2021;20211111;2021;Q4-2021;8088;Q4;01.11.2021;01.11.2021;24263;November;Nov;11;Thursday;Thu;5;0;1723
12.11.2021;20211112;2021;Q4-2021;8088;Q4;01.11.2021;01.11.2021;24263;November;Nov;11;Friday;Fri;6;1;1724
13.11.2021;20211113;2021;Q4-2021;8088;Q4;01.11.2021;01.11.2021;24263;November;Nov;11;Saturday;Sat;7;0;1724
14.11.2021;20211114;2021;Q4-2021;8088;Q4;01.11.2021;01.11.2021;24263;November;Nov;11;Sunday;Sun;1;0;1724
15.11.2021;20211115;2021;Q4-2021;8088;Q4;01.11.2021;01.11.2021;24263;November;Nov;11;Monday;Mon;2;1;1725
16.11.2021;20211116;2021;Q4-2021;8088;Q4;01.11.2021;01.11.2021;24263;November;Nov;11;Tuesday;Tue;3;1;1726
17.11.2021;20211117;2021;Q4-2021;8088;Q4;01.11.2021;01.11.2021;24263;November;Nov;11;Wednesday;Wed;4;1;1727
18.11.2021;20211118;2021;Q4-2021;8088;Q4;01.11.2021;01.11.2021;24263;November;Nov;11;Thursday;Thu;5;1;1728
19.11.2021;20211119;2021;Q4-2021;8088;Q4;01.11.2021;01.11.2021;24263;November;Nov;11;Friday;Fri;6;1;1729
20.11.2021;20211120;2021;Q4-2021;8088;Q4;01.11.2021;01.11.2021;24263;November;Nov;11;Saturday;Sat;7;0;1729
21.11.2021;20211121;2021;Q4-2021;8088;Q4;01.11.2021;01.11.2021;24263;November;Nov;11;Sunday;Sun;1;0;1729
22.11.2021;20211122;2021;Q4-2021;8088;Q4;01.11.2021;01.11.2021;24263;November;Nov;11;Monday;Mon;2;1;1730
23.11.2021;20211123;2021;Q4-2021;8088;Q4;01.11.2021;01.11.2021;24263;November;Nov;11;Tuesday;Tue;3;1;1731
24.11.2021;20211124;2021;Q4-2021;8088;Q4;01.11.2021;01.11.2021;24263;November;Nov;11;Wednesday;Wed;4;1;1732
25.11.2021;20211125;2021;Q4-2021;8088;Q4;01.11.2021;01.11.2021;24263;November;Nov;11;Thursday;Thu;5;0;1732
26.11.2021;20211126;2021;Q4-2021;8088;Q4;01.11.2021;01.11.2021;24263;November;Nov;11;Friday;Fri;6;1;1733
27.11.2021;20211127;2021;Q4-2021;8088;Q4;01.11.2021;01.11.2021;24263;November;Nov;11;Saturday;Sat;7;0;1733
28.11.2021;20211128;2021;Q4-2021;8088;Q4;01.11.2021;01.11.2021;24263;November;Nov;11;Sunday;Sun;1;0;1733
29.11.2021;20211129;2021;Q4-2021;8088;Q4;01.11.2021;01.11.2021;24263;November;Nov;11;Monday;Mon;2;1;1734
30.11.2021;20211130;2021;Q4-2021;8088;Q4;01.11.2021;01.11.2021;24263;November;Nov;11;Tuesday;Tue;3;1;1735
01.12.2021;20211201;2021;Q4-2021;8088;Q4;01.12.2021;01.12.2021;24264;December;Dec;12;Wednesday;Wed;4;1;1736
02.12.2021;20211202;2021;Q4-2021;8088;Q4;01.12.2021;01.12.2021;24264;December;Dec;12;Thursday;Thu;5;1;1737
03.12.2021;20211203;2021;Q4-2021;8088;Q4;01.12.2021;01.12.2021;24264;December;Dec;12;Friday;Fri;6;1;1738
04.12.2021;20211204;2021;Q4-2021;8088;Q4;01.12.2021;01.12.2021;24264;December;Dec;12;Saturday;Sat;7;0;1738
05.12.2021;20211205;2021;Q4-2021;8088;Q4;01.12.2021;01.12.2021;24264;December;Dec;12;Sunday;Sun;1;0;1738
06.12.2021;20211206;2021;Q4-2021;8088;Q4;01.12.2021;01.12.2021;24264;December;Dec;12;Monday;Mon;2;1;1739
07.12.2021;20211207;2021;Q4-2021;8088;Q4;01.12.2021;01.12.2021;24264;December;Dec;12;Tuesday;Tue;3;1;1740
08.12.2021;20211208;2021;Q4-2021;8088;Q4;01.12.2021;01.12.2021;24264;December;Dec;12;Wednesday;Wed;4;1;1741
09.12.2021;20211209;2021;Q4-2021;8088;Q4;01.12.2021;01.12.2021;24264;December;Dec;12;Thursday;Thu;5;1;1742
10.12.2021;20211210;2021;Q4-2021;8088;Q4;01.12.2021;01.12.2021;24264;December;Dec;12;Friday;Fri;6;1;1743
11.12.2021;20211211;2021;Q4-2021;8088;Q4;01.12.2021;01.12.2021;24264;December;Dec;12;Saturday;Sat;7;0;1743
12.12.2021;20211212;2021;Q4-2021;8088;Q4;01.12.2021;01.12.2021;24264;December;Dec;12;Sunday;Sun;1;0;1743
13.12.2021;20211213;2021;Q4-2021;8088;Q4;01.12.2021;01.12.2021;24264;December;Dec;12;Monday;Mon;2;1;1744
14.12.2021;20211214;2021;Q4-2021;8088;Q4;01.12.2021;01.12.2021;24264;December;Dec;12;Tuesday;Tue;3;1;1745
15.12.2021;20211215;2021;Q4-2021;8088;Q4;01.12.2021;01.12.2021;24264;December;Dec;12;Wednesday;Wed;4;1;1746
16.12.2021;20211216;2021;Q4-2021;8088;Q4;01.12.2021;01.12.2021;24264;December;Dec;12;Thursday;Thu;5;1;1747
17.12.2021;20211217;2021;Q4-2021;8088;Q4;01.12.2021;01.12.2021;24264;December;Dec;12;Friday;Fri;6;1;1748
18.12.2021;20211218;2021;Q4-2021;8088;Q4;01.12.2021;01.12.2021;24264;December;Dec;12;Saturday;Sat;7;0;1748
19.12.2021;20211219;2021;Q4-2021;8088;Q4;01.12.2021;01.12.2021;24264;December;Dec;12;Sunday;Sun;1;0;1748
20.12.2021;20211220;2021;Q4-2021;8088;Q4;01.12.2021;01.12.2021;24264;December;Dec;12;Monday;Mon;2;1;1749
21.12.2021;20211221;2021;Q4-2021;8088;Q4;01.12.2021;01.12.2021;24264;December;Dec;12;Tuesday;Tue;3;1;1750
22.12.2021;20211222;2021;Q4-2021;8088;Q4;01.12.2021;01.12.2021;24264;December;Dec;12;Wednesday;Wed;4;1;1751
23.12.2021;20211223;2021;Q4-2021;8088;Q4;01.12.2021;01.12.2021;24264;December;Dec;12;Thursday;Thu;5;1;1752
24.12.2021;20211224;2021;Q4-2021;8088;Q4;01.12.2021;01.12.2021;24264;December;Dec;12;Friday;Fri;6;0;1752
25.12.2021;20211225;2021;Q4-2021;8088;Q4;01.12.2021;01.12.2021;24264;December;Dec;12;Saturday;Sat;7;0;1752
26.12.2021;20211226;2021;Q4-2021;8088;Q4;01.12.2021;01.12.2021;24264;December;Dec;12;Sunday;Sun;1;0;1752
27.12.2021;20211227;2021;Q4-2021;8088;Q4;01.12.2021;01.12.2021;24264;December;Dec;12;Monday;Mon;2;1;1753
28.12.2021;20211228;2021;Q4-2021;8088;Q4;01.12.2021;01.12.2021;24264;December;Dec;12;Tuesday;Tue;3;1;1754
29.12.2021;20211229;2021;Q4-2021;8088;Q4;01.12.2021;01.12.2021;24264;December;Dec;12;Wednesday;Wed;4;1;1755
30.12.2021;20211230;2021;Q4-2021;8088;Q4;01.12.2021;01.12.2021;24264;December;Dec;12;Thursday;Thu;5;1;1756
31.12.2021;20211231;2021;Q4-2021;8088;Q4;01.12.2021;01.12.2021;24264;December;Dec;12;Friday;Fri;6;0;1756
01.01.2022;20220101;2022;Q1-2022;8089;Q1;01.01.2022;01.01.2022;24265;January;Jan;1;Saturday;Sat;7;0;1756
02.01.2022;20220102;2022;Q1-2022;8089;Q1;01.01.2022;01.01.2022;24265;January;Jan;1;Sunday;Sun;1;0;1756
03.01.2022;20220103;2022;Q1-2022;8089;Q1;01.01.2022;01.01.2022;24265;January;Jan;1;Monday;Mon;2;1;1757
04.01.2022;20220104;2022;Q1-2022;8089;Q1;01.01.2022;01.01.2022;24265;January;Jan;1;Tuesday;Tue;3;1;1758
05.01.2022;20220105;2022;Q1-2022;8089;Q1;01.01.2022;01.01.2022;24265;January;Jan;1;Wednesday;Wed;4;1;1759
06.01.2022;20220106;2022;Q1-2022;8089;Q1;01.01.2022;01.01.2022;24265;January;Jan;1;Thursday;Thu;5;1;1760
07.01.2022;20220107;2022;Q1-2022;8089;Q1;01.01.2022;01.01.2022;24265;January;Jan;1;Friday;Fri;6;1;1761
08.01.2022;20220108;2022;Q1-2022;8089;Q1;01.01.2022;01.01.2022;24265;January;Jan;1;Saturday;Sat;7;0;1761
09.01.2022;20220109;2022;Q1-2022;8089;Q1;01.01.2022;01.01.2022;24265;January;Jan;1;Sunday;Sun;1;0;1761
10.01.2022;20220110;2022;Q1-2022;8089;Q1;01.01.2022;01.01.2022;24265;January;Jan;1;Monday;Mon;2;1;1762
11.01.2022;20220111;2022;Q1-2022;8089;Q1;01.01.2022;01.01.2022;24265;January;Jan;1;Tuesday;Tue;3;1;1763
12.01.2022;20220112;2022;Q1-2022;8089;Q1;01.01.2022;01.01.2022;24265;January;Jan;1;Wednesday;Wed;4;1;1764
13.01.2022;20220113;2022;Q1-2022;8089;Q1;01.01.2022;01.01.2022;24265;January;Jan;1;Thursday;Thu;5;1;1765
14.01.2022;20220114;2022;Q1-2022;8089;Q1;01.01.2022;01.01.2022;24265;January;Jan;1;Friday;Fri;6;1;1766
15.01.2022;20220115;2022;Q1-2022;8089;Q1;01.01.2022;01.01.2022;24265;January;Jan;1;Saturday;Sat;7;0;1766
16.01.2022;20220116;2022;Q1-2022;8089;Q1;01.01.2022;01.01.2022;24265;January;Jan;1;Sunday;Sun;1;0;1766
17.01.2022;20220117;2022;Q1-2022;8089;Q1;01.01.2022;01.01.2022;24265;January;Jan;1;Monday;Mon;2;0;1766
18.01.2022;20220118;2022;Q1-2022;8089;Q1;01.01.2022;01.01.2022;24265;January;Jan;1;Tuesday;Tue;3;1;1767
19.01.2022;20220119;2022;Q1-2022;8089;Q1;01.01.2022;01.01.2022;24265;January;Jan;1;Wednesday;Wed;4;1;1768
20.01.2022;20220120;2022;Q1-2022;8089;Q1;01.01.2022;01.01.2022;24265;January;Jan;1;Thursday;Thu;5;1;1769
21.01.2022;20220121;2022;Q1-2022;8089;Q1;01.01.2022;01.01.2022;24265;January;Jan;1;Friday;Fri;6;1;1770
22.01.2022;20220122;2022;Q1-2022;8089;Q1;01.01.2022;01.01.2022;24265;January;Jan;1;Saturday;Sat;7;0;1770
23.01.2022;20220123;2022;Q1-2022;8089;Q1;01.01.2022;01.01.2022;24265;January;Jan;1;Sunday;Sun;1;0;1770
24.01.2022;20220124;2022;Q1-2022;8089;Q1;01.01.2022;01.01.2022;24265;January;Jan;1;Monday;Mon;2;1;1771
25.01.2022;20220125;2022;Q1-2022;8089;Q1;01.01.2022;01.01.2022;24265;January;Jan;1;Tuesday;Tue;3;1;1772
26.01.2022;20220126;2022;Q1-2022;8089;Q1;01.01.2022;01.01.2022;24265;January;Jan;1;Wednesday;Wed;4;1;1773
27.01.2022;20220127;2022;Q1-2022;8089;Q1;01.01.2022;01.01.2022;24265;January;Jan;1;Thursday;Thu;5;1;1774
28.01.2022;20220128;2022;Q1-2022;8089;Q1;01.01.2022;01.01.2022;24265;January;Jan;1;Friday;Fri;6;1;1775
29.01.2022;20220129;2022;Q1-2022;8089;Q1;01.01.2022;01.01.2022;24265;January;Jan;1;Saturday;Sat;7;0;1775
30.01.2022;20220130;2022;Q1-2022;8089;Q1;01.01.2022;01.01.2022;24265;January;Jan;1;Sunday;Sun;1;0;1775
31.01.2022;20220131;2022;Q1-2022;8089;Q1;01.01.2022;01.01.2022;24265;January;Jan;1;Monday;Mon;2;1;1776
01.02.2022;20220201;2022;Q1-2022;8089;Q1;01.02.2022;01.02.2022;24266;February;Feb;2;Tuesday;Tue;3;1;1777
02.02.2022;20220202;2022;Q1-2022;8089;Q1;01.02.2022;01.02.2022;24266;February;Feb;2;Wednesday;Wed;4;1;1778
03.02.2022;20220203;2022;Q1-2022;8089;Q1;01.02.2022;01.02.2022;24266;February;Feb;2;Thursday;Thu;5;1;1779
04.02.2022;20220204;2022;Q1-2022;8089;Q1;01.02.2022;01.02.2022;24266;February;Feb;2;Friday;Fri;6;1;1780
05.02.2022;20220205;2022;Q1-2022;8089;Q1;01.02.2022;01.02.2022;24266;February;Feb;2;Saturday;Sat;7;0;1780
06.02.2022;20220206;2022;Q1-2022;8089;Q1;01.02.2022;01.02.2022;24266;February;Feb;2;Sunday;Sun;1;0;1780
07.02.2022;20220207;2022;Q1-2022;8089;Q1;01.02.2022;01.02.2022;24266;February;Feb;2;Monday;Mon;2;1;1781
08.02.2022;20220208;2022;Q1-2022;8089;Q1;01.02.2022;01.02.2022;24266;February;Feb;2;Tuesday;Tue;3;1;1782
09.02.2022;20220209;2022;Q1-2022;8089;Q1;01.02.2022;01.02.2022;24266;February;Feb;2;Wednesday;Wed;4;1;1783
10.02.2022;20220210;2022;Q1-2022;8089;Q1;01.02.2022;01.02.2022;24266;February;Feb;2;Thursday;Thu;5;1;1784
11.02.2022;20220211;2022;Q1-2022;8089;Q1;01.02.2022;01.02.2022;24266;February;Feb;2;Friday;Fri;6;1;1785
12.02.2022;20220212;2022;Q1-2022;8089;Q1;01.02.2022;01.02.2022;24266;February;Feb;2;Saturday;Sat;7;0;1785
13.02.2022;20220213;2022;Q1-2022;8089;Q1;01.02.2022;01.02.2022;24266;February;Feb;2;Sunday;Sun;1;0;1785
14.02.2022;20220214;2022;Q1-2022;8089;Q1;01.02.2022;01.02.2022;24266;February;Feb;2;Monday;Mon;2;1;1786
15.02.2022;20220215;2022;Q1-2022;8089;Q1;01.02.2022;01.02.2022;24266;February;Feb;2;Tuesday;Tue;3;1;1787
16.02.2022;20220216;2022;Q1-2022;8089;Q1;01.02.2022;01.02.2022;24266;February;Feb;2;Wednesday;Wed;4;1;1788
17.02.2022;20220217;2022;Q1-2022;8089;Q1;01.02.2022;01.02.2022;24266;February;Feb;2;Thursday;Thu;5;1;1789
18.02.2022;20220218;2022;Q1-2022;8089;Q1;01.02.2022;01.02.2022;24266;February;Feb;2;Friday;Fri;6;1;1790
19.02.2022;20220219;2022;Q1-2022;8089;Q1;01.02.2022;01.02.2022;24266;February;Feb;2;Saturday;Sat;7;0;1790
20.02.2022;20220220;2022;Q1-2022;8089;Q1;01.02.2022;01.02.2022;24266;February;Feb;2;Sunday;Sun;1;0;1790
21.02.2022;20220221;2022;Q1-2022;8089;Q1;01.02.2022;01.02.2022;24266;February;Feb;2;Monday;Mon;2;0;1790
22.02.2022;20220222;2022;Q1-2022;8089;Q1;01.02.2022;01.02.2022;24266;February;Feb;2;Tuesday;Tue;3;1;1791
23.02.2022;20220223;2022;Q1-2022;8089;Q1;01.02.2022;01.02.2022;24266;February;Feb;2;Wednesday;Wed;4;1;1792
24.02.2022;20220224;2022;Q1-2022;8089;Q1;01.02.2022;01.02.2022;24266;February;Feb;2;Thursday;Thu;5;1;1793
25.02.2022;20220225;2022;Q1-2022;8089;Q1;01.02.2022;01.02.2022;24266;February;Feb;2;Friday;Fri;6;1;1794
26.02.2022;20220226;2022;Q1-2022;8089;Q1;01.02.2022;01.02.2022;24266;February;Feb;2;Saturday;Sat;7;0;1794
27.02.2022;20220227;2022;Q1-2022;8089;Q1;01.02.2022;01.02.2022;24266;February;Feb;2;Sunday;Sun;1;0;1794
28.02.2022;20220228;2022;Q1-2022;8089;Q1;01.02.2022;01.02.2022;24266;February;Feb;2;Monday;Mon;2;1;1795
01.03.2022;20220301;2022;Q1-2022;8089;Q1;01.03.2022;01.03.2022;24267;March;Mar;3;Tuesday;Tue;3;1;1796
02.03.2022;20220302;2022;Q1-2022;8089;Q1;01.03.2022;01.03.2022;24267;March;Mar;3;Wednesday;Wed;4;1;1797
03.03.2022;20220303;2022;Q1-2022;8089;Q1;01.03.2022;01.03.2022;24267;March;Mar;3;Thursday;Thu;5;1;1798
04.03.2022;20220304;2022;Q1-2022;8089;Q1;01.03.2022;01.03.2022;24267;March;Mar;3;Friday;Fri;6;1;1799
05.03.2022;20220305;2022;Q1-2022;8089;Q1;01.03.2022;01.03.2022;24267;March;Mar;3;Saturday;Sat;7;0;1799
06.03.2022;20220306;2022;Q1-2022;8089;Q1;01.03.2022;01.03.2022;24267;March;Mar;3;Sunday;Sun;1;0;1799
07.03.2022;20220307;2022;Q1-2022;8089;Q1;01.03.2022;01.03.2022;24267;March;Mar;3;Monday;Mon;2;1;1800
08.03.2022;20220308;2022;Q1-2022;8089;Q1;01.03.2022;01.03.2022;24267;March;Mar;3;Tuesday;Tue;3;1;1801
09.03.2022;20220309;2022;Q1-2022;8089;Q1;01.03.2022;01.03.2022;24267;March;Mar;3;Wednesday;Wed;4;1;1802
10.03.2022;20220310;2022;Q1-2022;8089;Q1;01.03.2022;01.03.2022;24267;March;Mar;3;Thursday;Thu;5;1;1803
11.03.2022;20220311;2022;Q1-2022;8089;Q1;01.03.2022;01.03.2022;24267;March;Mar;3;Friday;Fri;6;1;1804
12.03.2022;20220312;2022;Q1-2022;8089;Q1;01.03.2022;01.03.2022;24267;March;Mar;3;Saturday;Sat;7;0;1804
13.03.2022;20220313;2022;Q1-2022;8089;Q1;01.03.2022;01.03.2022;24267;March;Mar;3;Sunday;Sun;1;0;1804
14.03.2022;20220314;2022;Q1-2022;8089;Q1;01.03.2022;01.03.2022;24267;March;Mar;3;Monday;Mon;2;1;1805
15.03.2022;20220315;2022;Q1-2022;8089;Q1;01.03.2022;01.03.2022;24267;March;Mar;3;Tuesday;Tue;3;1;1806
16.03.2022;20220316;2022;Q1-2022;8089;Q1;01.03.2022;01.03.2022;24267;March;Mar;3;Wednesday;Wed;4;1;1807
17.03.2022;20220317;2022;Q1-2022;8089;Q1;01.03.2022;01.03.2022;24267;March;Mar;3;Thursday;Thu;5;1;1808
18.03.2022;20220318;2022;Q1-2022;8089;Q1;01.03.2022;01.03.2022;24267;March;Mar;3;Friday;Fri;6;1;1809
19.03.2022;20220319;2022;Q1-2022;8089;Q1;01.03.2022;01.03.2022;24267;March;Mar;3;Saturday;Sat;7;0;1809
20.03.2022;20220320;2022;Q1-2022;8089;Q1;01.03.2022;01.03.2022;24267;March;Mar;3;Sunday;Sun;1;0;1809
21.03.2022;20220321;2022;Q1-2022;8089;Q1;01.03.2022;01.03.2022;24267;March;Mar;3;Monday;Mon;2;1;1810
22.03.2022;20220322;2022;Q1-2022;8089;Q1;01.03.2022;01.03.2022;24267;March;Mar;3;Tuesday;Tue;3;1;1811
23.03.2022;20220323;2022;Q1-2022;8089;Q1;01.03.2022;01.03.2022;24267;March;Mar;3;Wednesday;Wed;4;1;1812
24.03.2022;20220324;2022;Q1-2022;8089;Q1;01.03.2022;01.03.2022;24267;March;Mar;3;Thursday;Thu;5;1;1813
25.03.2022;20220325;2022;Q1-2022;8089;Q1;01.03.2022;01.03.2022;24267;March;Mar;3;Friday;Fri;6;1;1814
26.03.2022;20220326;2022;Q1-2022;8089;Q1;01.03.2022;01.03.2022;24267;March;Mar;3;Saturday;Sat;7;0;1814
27.03.2022;20220327;2022;Q1-2022;8089;Q1;01.03.2022;01.03.2022;24267;March;Mar;3;Sunday;Sun;1;0;1814
28.03.2022;20220328;2022;Q1-2022;8089;Q1;01.03.2022;01.03.2022;24267;March;Mar;3;Monday;Mon;2;1;1815
29.03.2022;20220329;2022;Q1-2022;8089;Q1;01.03.2022;01.03.2022;24267;March;Mar;3;Tuesday;Tue;3;1;1816
30.03.2022;20220330;2022;Q1-2022;8089;Q1;01.03.2022;01.03.2022;24267;March;Mar;3;Wednesday;Wed;4;1;1817
31.03.2022;20220331;2022;Q1-2022;8089;Q1;01.03.2022;01.03.2022;24267;March;Mar;3;Thursday;Thu;5;1;1818
01.04.2022;20220401;2022;Q2-2022;8090;Q2;01.04.2022;01.04.2022;24268;April;Apr;4;Friday;Fri;6;1;1819
02.04.2022;20220402;2022;Q2-2022;8090;Q2;01.04.2022;01.04.2022;24268;April;Apr;4;Saturday;Sat;7;0;1819
03.04.2022;20220403;2022;Q2-2022;8090;Q2;01.04.2022;01.04.2022;24268;April;Apr;4;Sunday;Sun;1;0;1819
04.04.2022;20220404;2022;Q2-2022;8090;Q2;01.04.2022;01.04.2022;24268;April;Apr;4;Monday;Mon;2;1;1820
05.04.2022;20220405;2022;Q2-2022;8090;Q2;01.04.2022;01.04.2022;24268;April;Apr;4;Tuesday;Tue;3;1;1821
06.04.2022;20220406;2022;Q2-2022;8090;Q2;01.04.2022;01.04.2022;24268;April;Apr;4;Wednesday;Wed;4;1;1822
07.04.2022;20220407;2022;Q2-2022;8090;Q2;01.04.2022;01.04.2022;24268;April;Apr;4;Thursday;Thu;5;1;1823
08.04.2022;20220408;2022;Q2-2022;8090;Q2;01.04.2022;01.04.2022;24268;April;Apr;4;Friday;Fri;6;1;1824
09.04.2022;20220409;2022;Q2-2022;8090;Q2;01.04.2022;01.04.2022;24268;April;Apr;4;Saturday;Sat;7;0;1824
10.04.2022;20220410;2022;Q2-2022;8090;Q2;01.04.2022;01.04.2022;24268;April;Apr;4;Sunday;Sun;1;0;1824
11.04.2022;20220411;2022;Q2-2022;8090;Q2;01.04.2022;01.04.2022;24268;April;Apr;4;Monday;Mon;2;1;1825
12.04.2022;20220412;2022;Q2-2022;8090;Q2;01.04.2022;01.04.2022;24268;April;Apr;4;Tuesday;Tue;3;1;1826
13.04.2022;20220413;2022;Q2-2022;8090;Q2;01.04.2022;01.04.2022;24268;April;Apr;4;Wednesday;Wed;4;1;1827
14.04.2022;20220414;2022;Q2-2022;8090;Q2;01.04.2022;01.04.2022;24268;April;Apr;4;Thursday;Thu;5;1;1828
15.04.2022;20220415;2022;Q2-2022;8090;Q2;01.04.2022;01.04.2022;24268;April;Apr;4;Friday;Fri;6;1;1829
16.04.2022;20220416;2022;Q2-2022;8090;Q2;01.04.2022;01.04.2022;24268;April;Apr;4;Saturday;Sat;7;0;1829
17.04.2022;20220417;2022;Q2-2022;8090;Q2;01.04.2022;01.04.2022;24268;April;Apr;4;Sunday;Sun;1;0;1829
18.04.2022;20220418;2022;Q2-2022;8090;Q2;01.04.2022;01.04.2022;24268;April;Apr;4;Monday;Mon;2;1;1830
19.04.2022;20220419;2022;Q2-2022;8090;Q2;01.04.2022;01.04.2022;24268;April;Apr;4;Tuesday;Tue;3;1;1831
20.04.2022;20220420;2022;Q2-2022;8090;Q2;01.04.2022;01.04.2022;24268;April;Apr;4;Wednesday;Wed;4;1;1832
21.04.2022;20220421;2022;Q2-2022;8090;Q2;01.04.2022;01.04.2022;24268;April;Apr;4;Thursday;Thu;5;1;1833
22.04.2022;20220422;2022;Q2-2022;8090;Q2;01.04.2022;01.04.2022;24268;April;Apr;4;Friday;Fri;6;1;1834
23.04.2022;20220423;2022;Q2-2022;8090;Q2;01.04.2022;01.04.2022;24268;April;Apr;4;Saturday;Sat;7;0;1834
24.04.2022;20220424;2022;Q2-2022;8090;Q2;01.04.2022;01.04.2022;24268;April;Apr;4;Sunday;Sun;1;0;1834
25.04.2022;20220425;2022;Q2-2022;8090;Q2;01.04.2022;01.04.2022;24268;April;Apr;4;Monday;Mon;2;1;1835
26.04.2022;20220426;2022;Q2-2022;8090;Q2;01.04.2022;01.04.2022;24268;April;Apr;4;Tuesday;Tue;3;1;1836
27.04.2022;20220427;2022;Q2-2022;8090;Q2;01.04.2022;01.04.2022;24268;April;Apr;4;Wednesday;Wed;4;1;1837
28.04.2022;20220428;2022;Q2-2022;8090;Q2;01.04.2022;01.04.2022;24268;April;Apr;4;Thursday;Thu;5;1;1838
29.04.2022;20220429;2022;Q2-2022;8090;Q2;01.04.2022;01.04.2022;24268;April;Apr;4;Friday;Fri;6;1;1839
30.04.2022;20220430;2022;Q2-2022;8090;Q2;01.04.2022;01.04.2022;24268;April;Apr;4;Saturday;Sat;7;0;1839
01.05.2022;20220501;2022;Q2-2022;8090;Q2;01.05.2022;01.05.2022;24269;May;May;5;Sunday;Sun;1;0;1839
02.05.2022;20220502;2022;Q2-2022;8090;Q2;01.05.2022;01.05.2022;24269;May;May;5;Monday;Mon;2;1;1840
03.05.2022;20220503;2022;Q2-2022;8090;Q2;01.05.2022;01.05.2022;24269;May;May;5;Tuesday;Tue;3;1;1841
04.05.2022;20220504;2022;Q2-2022;8090;Q2;01.05.2022;01.05.2022;24269;May;May;5;Wednesday;Wed;4;1;1842
05.05.2022;20220505;2022;Q2-2022;8090;Q2;01.05.2022;01.05.2022;24269;May;May;5;Thursday;Thu;5;1;1843
06.05.2022;20220506;2022;Q2-2022;8090;Q2;01.05.2022;01.05.2022;24269;May;May;5;Friday;Fri;6;1;1844
07.05.2022;20220507;2022;Q2-2022;8090;Q2;01.05.2022;01.05.2022;24269;May;May;5;Saturday;Sat;7;0;1844
08.05.2022;20220508;2022;Q2-2022;8090;Q2;01.05.2022;01.05.2022;24269;May;May;5;Sunday;Sun;1;0;1844
09.05.2022;20220509;2022;Q2-2022;8090;Q2;01.05.2022;01.05.2022;24269;May;May;5;Monday;Mon;2;1;1845
10.05.2022;20220510;2022;Q2-2022;8090;Q2;01.05.2022;01.05.2022;24269;May;May;5;Tuesday;Tue;3;1;1846
11.05.2022;20220511;2022;Q2-2022;8090;Q2;01.05.2022;01.05.2022;24269;May;May;5;Wednesday;Wed;4;1;1847
12.05.2022;20220512;2022;Q2-2022;8090;Q2;01.05.2022;01.05.2022;24269;May;May;5;Thursday;Thu;5;1;1848
13.05.2022;20220513;2022;Q2-2022;8090;Q2;01.05.2022;01.05.2022;24269;May;May;5;Friday;Fri;6;1;1849
14.05.2022;20220514;2022;Q2-2022;8090;Q2;01.05.2022;01.05.2022;24269;May;May;5;Saturday;Sat;7;0;1849
15.05.2022;20220515;2022;Q2-2022;8090;Q2;01.05.2022;01.05.2022;24269;May;May;5;Sunday;Sun;1;0;1849
16.05.2022;20220516;2022;Q2-2022;8090;Q2;01.05.2022;01.05.2022;24269;May;May;5;Monday;Mon;2;1;1850
17.05.2022;20220517;2022;Q2-2022;8090;Q2;01.05.2022;01.05.2022;24269;May;May;5;Tuesday;Tue;3;1;1851
18.05.2022;20220518;2022;Q2-2022;8090;Q2;01.05.2022;01.05.2022;24269;May;May;5;Wednesday;Wed;4;1;1852
19.05.2022;20220519;2022;Q2-2022;8090;Q2;01.05.2022;01.05.2022;24269;May;May;5;Thursday;Thu;5;1;1853
20.05.2022;20220520;2022;Q2-2022;8090;Q2;01.05.2022;01.05.2022;24269;May;May;5;Friday;Fri;6;1;1854
21.05.2022;20220521;2022;Q2-2022;8090;Q2;01.05.2022;01.05.2022;24269;May;May;5;Saturday;Sat;7;0;1854
22.05.2022;20220522;2022;Q2-2022;8090;Q2;01.05.2022;01.05.2022;24269;May;May;5;Sunday;Sun;1;0;1854
23.05.2022;20220523;2022;Q2-2022;8090;Q2;01.05.2022;01.05.2022;24269;May;May;5;Monday;Mon;2;1;1855
24.05.2022;20220524;2022;Q2-2022;8090;Q2;01.05.2022;01.05.2022;24269;May;May;5;Tuesday;Tue;3;1;1856
25.05.2022;20220525;2022;Q2-2022;8090;Q2;01.05.2022;01.05.2022;24269;May;May;5;Wednesday;Wed;4;1;1857
26.05.2022;20220526;2022;Q2-2022;8090;Q2;01.05.2022;01.05.2022;24269;May;May;5;Thursday;Thu;5;1;1858
27.05.2022;20220527;2022;Q2-2022;8090;Q2;01.05.2022;01.05.2022;24269;May;May;5;Friday;Fri;6;1;1859
28.05.2022;20220528;2022;Q2-2022;8090;Q2;01.05.2022;01.05.2022;24269;May;May;5;Saturday;Sat;7;0;1859
29.05.2022;20220529;2022;Q2-2022;8090;Q2;01.05.2022;01.05.2022;24269;May;May;5;Sunday;Sun;1;0;1859
30.05.2022;20220530;2022;Q2-2022;8090;Q2;01.05.2022;01.05.2022;24269;May;May;5;Monday;Mon;2;0;1859
31.05.2022;20220531;2022;Q2-2022;8090;Q2;01.05.2022;01.05.2022;24269;May;May;5;Tuesday;Tue;3;1;1860
01.06.2022;20220601;2022;Q2-2022;8090;Q2;01.06.2022;01.06.2022;24270;June;Jun;6;Wednesday;Wed;4;1;1861
02.06.2022;20220602;2022;Q2-2022;8090;Q2;01.06.2022;01.06.2022;24270;June;Jun;6;Thursday;Thu;5;1;1862
03.06.2022;20220603;2022;Q2-2022;8090;Q2;01.06.2022;01.06.2022;24270;June;Jun;6;Friday;Fri;6;1;1863
04.06.2022;20220604;2022;Q2-2022;8090;Q2;01.06.2022;01.06.2022;24270;June;Jun;6;Saturday;Sat;7;0;1863
05.06.2022;20220605;2022;Q2-2022;8090;Q2;01.06.2022;01.06.2022;24270;June;Jun;6;Sunday;Sun;1;0;1863
06.06.2022;20220606;2022;Q2-2022;8090;Q2;01.06.2022;01.06.2022;24270;June;Jun;6;Monday;Mon;2;1;1864
07.06.2022;20220607;2022;Q2-2022;8090;Q2;01.06.2022;01.06.2022;24270;June;Jun;6;Tuesday;Tue;3;1;1865
08.06.2022;20220608;2022;Q2-2022;8090;Q2;01.06.2022;01.06.2022;24270;June;Jun;6;Wednesday;Wed;4;1;1866
09.06.2022;20220609;2022;Q2-2022;8090;Q2;01.06.2022;01.06.2022;24270;June;Jun;6;Thursday;Thu;5;1;1867
10.06.2022;20220610;2022;Q2-2022;8090;Q2;01.06.2022;01.06.2022;24270;June;Jun;6;Friday;Fri;6;1;1868
11.06.2022;20220611;2022;Q2-2022;8090;Q2;01.06.2022;01.06.2022;24270;June;Jun;6;Saturday;Sat;7;0;1868
12.06.2022;20220612;2022;Q2-2022;8090;Q2;01.06.2022;01.06.2022;24270;June;Jun;6;Sunday;Sun;1;0;1868
13.06.2022;20220613;2022;Q2-2022;8090;Q2;01.06.2022;01.06.2022;24270;June;Jun;6;Monday;Mon;2;1;1869
14.06.2022;20220614;2022;Q2-2022;8090;Q2;01.06.2022;01.06.2022;24270;June;Jun;6;Tuesday;Tue;3;1;1870
15.06.2022;20220615;2022;Q2-2022;8090;Q2;01.06.2022;01.06.2022;24270;June;Jun;6;Wednesday;Wed;4;1;1871
16.06.2022;20220616;2022;Q2-2022;8090;Q2;01.06.2022;01.06.2022;24270;June;Jun;6;Thursday;Thu;5;1;1872
17.06.2022;20220617;2022;Q2-2022;8090;Q2;01.06.2022;01.06.2022;24270;June;Jun;6;Friday;Fri;6;1;1873
18.06.2022;20220618;2022;Q2-2022;8090;Q2;01.06.2022;01.06.2022;24270;June;Jun;6;Saturday;Sat;7;0;1873
19.06.2022;20220619;2022;Q2-2022;8090;Q2;01.06.2022;01.06.2022;24270;June;Jun;6;Sunday;Sun;1;0;1873
20.06.2022;20220620;2022;Q2-2022;8090;Q2;01.06.2022;01.06.2022;24270;June;Jun;6;Monday;Mon;2;1;1874
21.06.2022;20220621;2022;Q2-2022;8090;Q2;01.06.2022;01.06.2022;24270;June;Jun;6;Tuesday;Tue;3;1;1875
22.06.2022;20220622;2022;Q2-2022;8090;Q2;01.06.2022;01.06.2022;24270;June;Jun;6;Wednesday;Wed;4;1;1876
23.06.2022;20220623;2022;Q2-2022;8090;Q2;01.06.2022;01.06.2022;24270;June;Jun;6;Thursday;Thu;5;1;1877
24.06.2022;20220624;2022;Q2-2022;8090;Q2;01.06.2022;01.06.2022;24270;June;Jun;6;Friday;Fri;6;1;1878
25.06.2022;20220625;2022;Q2-2022;8090;Q2;01.06.2022;01.06.2022;24270;June;Jun;6;Saturday;Sat;7;0;1878
26.06.2022;20220626;2022;Q2-2022;8090;Q2;01.06.2022;01.06.2022;24270;June;Jun;6;Sunday;Sun;1;0;1878
27.06.2022;20220627;2022;Q2-2022;8090;Q2;01.06.2022;01.06.2022;24270;June;Jun;6;Monday;Mon;2;1;1879
28.06.2022;20220628;2022;Q2-2022;8090;Q2;01.06.2022;01.06.2022;24270;June;Jun;6;Tuesday;Tue;3;1;1880
29.06.2022;20220629;2022;Q2-2022;8090;Q2;01.06.2022;01.06.2022;24270;June;Jun;6;Wednesday;Wed;4;1;1881
30.06.2022;20220630;2022;Q2-2022;8090;Q2;01.06.2022;01.06.2022;24270;June;Jun;6;Thursday;Thu;5;1;1882
01.07.2022;20220701;2022;Q3-2022;8091;Q3;01.07.2022;01.07.2022;24271;July;Jul;7;Friday;Fri;6;1;1883
02.07.2022;20220702;2022;Q3-2022;8091;Q3;01.07.2022;01.07.2022;24271;July;Jul;7;Saturday;Sat;7;0;1883
03.07.2022;20220703;2022;Q3-2022;8091;Q3;01.07.2022;01.07.2022;24271;July;Jul;7;Sunday;Sun;1;0;1883
04.07.2022;20220704;2022;Q3-2022;8091;Q3;01.07.2022;01.07.2022;24271;July;Jul;7;Monday;Mon;2;0;1883
05.07.2022;20220705;2022;Q3-2022;8091;Q3;01.07.2022;01.07.2022;24271;July;Jul;7;Tuesday;Tue;3;1;1884
06.07.2022;20220706;2022;Q3-2022;8091;Q3;01.07.2022;01.07.2022;24271;July;Jul;7;Wednesday;Wed;4;1;1885
07.07.2022;20220707;2022;Q3-2022;8091;Q3;01.07.2022;01.07.2022;24271;July;Jul;7;Thursday;Thu;5;1;1886
08.07.2022;20220708;2022;Q3-2022;8091;Q3;01.07.2022;01.07.2022;24271;July;Jul;7;Friday;Fri;6;1;1887
09.07.2022;20220709;2022;Q3-2022;8091;Q3;01.07.2022;01.07.2022;24271;July;Jul;7;Saturday;Sat;7;0;1887
10.07.2022;20220710;2022;Q3-2022;8091;Q3;01.07.2022;01.07.2022;24271;July;Jul;7;Sunday;Sun;1;0;1887
11.07.2022;20220711;2022;Q3-2022;8091;Q3;01.07.2022;01.07.2022;24271;July;Jul;7;Monday;Mon;2;1;1888
12.07.2022;20220712;2022;Q3-2022;8091;Q3;01.07.2022;01.07.2022;24271;July;Jul;7;Tuesday;Tue;3;1;1889
13.07.2022;20220713;2022;Q3-2022;8091;Q3;01.07.2022;01.07.2022;24271;July;Jul;7;Wednesday;Wed;4;1;1890
14.07.2022;20220714;2022;Q3-2022;8091;Q3;01.07.2022;01.07.2022;24271;July;Jul;7;Thursday;Thu;5;1;1891
15.07.2022;20220715;2022;Q3-2022;8091;Q3;01.07.2022;01.07.2022;24271;July;Jul;7;Friday;Fri;6;1;1892
16.07.2022;20220716;2022;Q3-2022;8091;Q3;01.07.2022;01.07.2022;24271;July;Jul;7;Saturday;Sat;7;0;1892
17.07.2022;20220717;2022;Q3-2022;8091;Q3;01.07.2022;01.07.2022;24271;July;Jul;7;Sunday;Sun;1;0;1892
18.07.2022;20220718;2022;Q3-2022;8091;Q3;01.07.2022;01.07.2022;24271;July;Jul;7;Monday;Mon;2;1;1893
19.07.2022;20220719;2022;Q3-2022;8091;Q3;01.07.2022;01.07.2022;24271;July;Jul;7;Tuesday;Tue;3;1;1894
20.07.2022;20220720;2022;Q3-2022;8091;Q3;01.07.2022;01.07.2022;24271;July;Jul;7;Wednesday;Wed;4;1;1895
21.07.2022;20220721;2022;Q3-2022;8091;Q3;01.07.2022;01.07.2022;24271;July;Jul;7;Thursday;Thu;5;1;1896
22.07.2022;20220722;2022;Q3-2022;8091;Q3;01.07.2022;01.07.2022;24271;July;Jul;7;Friday;Fri;6;1;1897
23.07.2022;20220723;2022;Q3-2022;8091;Q3;01.07.2022;01.07.2022;24271;July;Jul;7;Saturday;Sat;7;0;1897
24.07.2022;20220724;2022;Q3-2022;8091;Q3;01.07.2022;01.07.2022;24271;July;Jul;7;Sunday;Sun;1;0;1897
25.07.2022;20220725;2022;Q3-2022;8091;Q3;01.07.2022;01.07.2022;24271;July;Jul;7;Monday;Mon;2;1;1898
26.07.2022;20220726;2022;Q3-2022;8091;Q3;01.07.2022;01.07.2022;24271;July;Jul;7;Tuesday;Tue;3;1;1899
27.07.2022;20220727;2022;Q3-2022;8091;Q3;01.07.2022;01.07.2022;24271;July;Jul;7;Wednesday;Wed;4;1;1900
28.07.2022;20220728;2022;Q3-2022;8091;Q3;01.07.2022;01.07.2022;24271;July;Jul;7;Thursday;Thu;5;1;1901
29.07.2022;20220729;2022;Q3-2022;8091;Q3;01.07.2022;01.07.2022;24271;July;Jul;7;Friday;Fri;6;1;1902
30.07.2022;20220730;2022;Q3-2022;8091;Q3;01.07.2022;01.07.2022;24271;July;Jul;7;Saturday;Sat;7;0;1902
31.07.2022;20220731;2022;Q3-2022;8091;Q3;01.07.2022;01.07.2022;24271;July;Jul;7;Sunday;Sun;1;0;1902
01.08.2022;20220801;2022;Q3-2022;8091;Q3;01.08.2022;01.08.2022;24272;August;Aug;8;Monday;Mon;2;1;1903
02.08.2022;20220802;2022;Q3-2022;8091;Q3;01.08.2022;01.08.2022;24272;August;Aug;8;Tuesday;Tue;3;1;1904
03.08.2022;20220803;2022;Q3-2022;8091;Q3;01.08.2022;01.08.2022;24272;August;Aug;8;Wednesday;Wed;4;1;1905
04.08.2022;20220804;2022;Q3-2022;8091;Q3;01.08.2022;01.08.2022;24272;August;Aug;8;Thursday;Thu;5;1;1906
05.08.2022;20220805;2022;Q3-2022;8091;Q3;01.08.2022;01.08.2022;24272;August;Aug;8;Friday;Fri;6;1;1907
06.08.2022;20220806;2022;Q3-2022;8091;Q3;01.08.2022;01.08.2022;24272;August;Aug;8;Saturday;Sat;7;0;1907
07.08.2022;20220807;2022;Q3-2022;8091;Q3;01.08.2022;01.08.2022;24272;August;Aug;8;Sunday;Sun;1;0;1907
08.08.2022;20220808;2022;Q3-2022;8091;Q3;01.08.2022;01.08.2022;24272;August;Aug;8;Monday;Mon;2;1;1908
09.08.2022;20220809;2022;Q3-2022;8091;Q3;01.08.2022;01.08.2022;24272;August;Aug;8;Tuesday;Tue;3;1;1909
10.08.2022;20220810;2022;Q3-2022;8091;Q3;01.08.2022;01.08.2022;24272;August;Aug;8;Wednesday;Wed;4;1;1910
11.08.2022;20220811;2022;Q3-2022;8091;Q3;01.08.2022;01.08.2022;24272;August;Aug;8;Thursday;Thu;5;1;1911
12.08.2022;20220812;2022;Q3-2022;8091;Q3;01.08.2022;01.08.2022;24272;August;Aug;8;Friday;Fri;6;1;1912
13.08.2022;20220813;2022;Q3-2022;8091;Q3;01.08.2022;01.08.2022;24272;August;Aug;8;Saturday;Sat;7;0;1912
14.08.2022;20220814;2022;Q3-2022;8091;Q3;01.08.2022;01.08.2022;24272;August;Aug;8;Sunday;Sun;1;0;1912
15.08.2022;20220815;2022;Q3-2022;8091;Q3;01.08.2022;01.08.2022;24272;August;Aug;8;Monday;Mon;2;1;1913
16.08.2022;20220816;2022;Q3-2022;8091;Q3;01.08.2022;01.08.2022;24272;August;Aug;8;Tuesday;Tue;3;1;1914
17.08.2022;20220817;2022;Q3-2022;8091;Q3;01.08.2022;01.08.2022;24272;August;Aug;8;Wednesday;Wed;4;1;1915
18.08.2022;20220818;2022;Q3-2022;8091;Q3;01.08.2022;01.08.2022;24272;August;Aug;8;Thursday;Thu;5;1;1916
19.08.2022;20220819;2022;Q3-2022;8091;Q3;01.08.2022;01.08.2022;24272;August;Aug;8;Friday;Fri;6;1;1917
20.08.2022;20220820;2022;Q3-2022;8091;Q3;01.08.2022;01.08.2022;24272;August;Aug;8;Saturday;Sat;7;0;1917
21.08.2022;20220821;2022;Q3-2022;8091;Q3;01.08.2022;01.08.2022;24272;August;Aug;8;Sunday;Sun;1;0;1917
22.08.2022;20220822;2022;Q3-2022;8091;Q3;01.08.2022;01.08.2022;24272;August;Aug;8;Monday;Mon;2;1;1918
23.08.2022;20220823;2022;Q3-2022;8091;Q3;01.08.2022;01.08.2022;24272;August;Aug;8;Tuesday;Tue;3;1;1919
24.08.2022;20220824;2022;Q3-2022;8091;Q3;01.08.2022;01.08.2022;24272;August;Aug;8;Wednesday;Wed;4;1;1920
25.08.2022;20220825;2022;Q3-2022;8091;Q3;01.08.2022;01.08.2022;24272;August;Aug;8;Thursday;Thu;5;1;1921
26.08.2022;20220826;2022;Q3-2022;8091;Q3;01.08.2022;01.08.2022;24272;August;Aug;8;Friday;Fri;6;1;1922
27.08.2022;20220827;2022;Q3-2022;8091;Q3;01.08.2022;01.08.2022;24272;August;Aug;8;Saturday;Sat;7;0;1922
28.08.2022;20220828;2022;Q3-2022;8091;Q3;01.08.2022;01.08.2022;24272;August;Aug;8;Sunday;Sun;1;0;1922
29.08.2022;20220829;2022;Q3-2022;8091;Q3;01.08.2022;01.08.2022;24272;August;Aug;8;Monday;Mon;2;1;1923
30.08.2022;20220830;2022;Q3-2022;8091;Q3;01.08.2022;01.08.2022;24272;August;Aug;8;Tuesday;Tue;3;1;1924
31.08.2022;20220831;2022;Q3-2022;8091;Q3;01.08.2022;01.08.2022;24272;August;Aug;8;Wednesday;Wed;4;1;1925
01.09.2022;20220901;2022;Q3-2022;8091;Q3;01.09.2022;01.09.2022;24273;September;Sep;9;Thursday;Thu;5;1;1926
02.09.2022;20220902;2022;Q3-2022;8091;Q3;01.09.2022;01.09.2022;24273;September;Sep;9;Friday;Fri;6;1;1927
03.09.2022;20220903;2022;Q3-2022;8091;Q3;01.09.2022;01.09.2022;24273;September;Sep;9;Saturday;Sat;7;0;1927
04.09.2022;20220904;2022;Q3-2022;8091;Q3;01.09.2022;01.09.2022;24273;September;Sep;9;Sunday;Sun;1;0;1927
05.09.2022;20220905;2022;Q3-2022;8091;Q3;01.09.2022;01.09.2022;24273;September;Sep;9;Monday;Mon;2;0;1927
06.09.2022;20220906;2022;Q3-2022;8091;Q3;01.09.2022;01.09.2022;24273;September;Sep;9;Tuesday;Tue;3;1;1928
07.09.2022;20220907;2022;Q3-2022;8091;Q3;01.09.2022;01.09.2022;24273;September;Sep;9;Wednesday;Wed;4;1;1929
08.09.2022;20220908;2022;Q3-2022;8091;Q3;01.09.2022;01.09.2022;24273;September;Sep;9;Thursday;Thu;5;1;1930
09.09.2022;20220909;2022;Q3-2022;8091;Q3;01.09.2022;01.09.2022;24273;September;Sep;9;Friday;Fri;6;1;1931
10.09.2022;20220910;2022;Q3-2022;8091;Q3;01.09.2022;01.09.2022;24273;September;Sep;9;Saturday;Sat;7;0;1931
11.09.2022;20220911;2022;Q3-2022;8091;Q3;01.09.2022;01.09.2022;24273;September;Sep;9;Sunday;Sun;1;0;1931
12.09.2022;20220912;2022;Q3-2022;8091;Q3;01.09.2022;01.09.2022;24273;September;Sep;9;Monday;Mon;2;1;1932
13.09.2022;20220913;2022;Q3-2022;8091;Q3;01.09.2022;01.09.2022;24273;September;Sep;9;Tuesday;Tue;3;1;1933
14.09.2022;20220914;2022;Q3-2022;8091;Q3;01.09.2022;01.09.2022;24273;September;Sep;9;Wednesday;Wed;4;1;1934
15.09.2022;20220915;2022;Q3-2022;8091;Q3;01.09.2022;01.09.2022;24273;September;Sep;9;Thursday;Thu;5;1;1935
16.09.2022;20220916;2022;Q3-2022;8091;Q3;01.09.2022;01.09.2022;24273;September;Sep;9;Friday;Fri;6;1;1936
17.09.2022;20220917;2022;Q3-2022;8091;Q3;01.09.2022;01.09.2022;24273;September;Sep;9;Saturday;Sat;7;0;1936
18.09.2022;20220918;2022;Q3-2022;8091;Q3;01.09.2022;01.09.2022;24273;September;Sep;9;Sunday;Sun;1;0;1936
19.09.2022;20220919;2022;Q3-2022;8091;Q3;01.09.2022;01.09.2022;24273;September;Sep;9;Monday;Mon;2;1;1937
20.09.2022;20220920;2022;Q3-2022;8091;Q3;01.09.2022;01.09.2022;24273;September;Sep;9;Tuesday;Tue;3;1;1938
21.09.2022;20220921;2022;Q3-2022;8091;Q3;01.09.2022;01.09.2022;24273;September;Sep;9;Wednesday;Wed;4;1;1939
22.09.2022;20220922;2022;Q3-2022;8091;Q3;01.09.2022;01.09.2022;24273;September;Sep;9;Thursday;Thu;5;1;1940
23.09.2022;20220923;2022;Q3-2022;8091;Q3;01.09.2022;01.09.2022;24273;September;Sep;9;Friday;Fri;6;1;1941
24.09.2022;20220924;2022;Q3-2022;8091;Q3;01.09.2022;01.09.2022;24273;September;Sep;9;Saturday;Sat;7;0;1941
25.09.2022;20220925;2022;Q3-2022;8091;Q3;01.09.2022;01.09.2022;24273;September;Sep;9;Sunday;Sun;1;0;1941
26.09.2022;20220926;2022;Q3-2022;8091;Q3;01.09.2022;01.09.2022;24273;September;Sep;9;Monday;Mon;2;1;1942
27.09.2022;20220927;2022;Q3-2022;8091;Q3;01.09.2022;01.09.2022;24273;September;Sep;9;Tuesday;Tue;3;1;1943
28.09.2022;20220928;2022;Q3-2022;8091;Q3;01.09.2022;01.09.2022;24273;September;Sep;9;Wednesday;Wed;4;1;1944
29.09.2022;20220929;2022;Q3-2022;8091;Q3;01.09.2022;01.09.2022;24273;September;Sep;9;Thursday;Thu;5;1;1945
30.09.2022;20220930;2022;Q3-2022;8091;Q3;01.09.2022;01.09.2022;24273;September;Sep;9;Friday;Fri;6;1;1946
01.10.2022;20221001;2022;Q4-2022;8092;Q4;01.10.2022;01.10.2022;24274;October;Oct;10;Saturday;Sat;7;0;1946
02.10.2022;20221002;2022;Q4-2022;8092;Q4;01.10.2022;01.10.2022;24274;October;Oct;10;Sunday;Sun;1;0;1946
03.10.2022;20221003;2022;Q4-2022;8092;Q4;01.10.2022;01.10.2022;24274;October;Oct;10;Monday;Mon;2;1;1947
04.10.2022;20221004;2022;Q4-2022;8092;Q4;01.10.2022;01.10.2022;24274;October;Oct;10;Tuesday;Tue;3;1;1948
05.10.2022;20221005;2022;Q4-2022;8092;Q4;01.10.2022;01.10.2022;24274;October;Oct;10;Wednesday;Wed;4;1;1949
06.10.2022;20221006;2022;Q4-2022;8092;Q4;01.10.2022;01.10.2022;24274;October;Oct;10;Thursday;Thu;5;1;1950
07.10.2022;20221007;2022;Q4-2022;8092;Q4;01.10.2022;01.10.2022;24274;October;Oct;10;Friday;Fri;6;1;1951
08.10.2022;20221008;2022;Q4-2022;8092;Q4;01.10.2022;01.10.2022;24274;October;Oct;10;Saturday;Sat;7;0;1951
09.10.2022;20221009;2022;Q4-2022;8092;Q4;01.10.2022;01.10.2022;24274;October;Oct;10;Sunday;Sun;1;0;1951
10.10.2022;20221010;2022;Q4-2022;8092;Q4;01.10.2022;01.10.2022;24274;October;Oct;10;Monday;Mon;2;0;1951
11.10.2022;20221011;2022;Q4-2022;8092;Q4;01.10.2022;01.10.2022;24274;October;Oct;10;Tuesday;Tue;3;1;1952
12.10.2022;20221012;2022;Q4-2022;8092;Q4;01.10.2022;01.10.2022;24274;October;Oct;10;Wednesday;Wed;4;1;1953
13.10.2022;20221013;2022;Q4-2022;8092;Q4;01.10.2022;01.10.2022;24274;October;Oct;10;Thursday;Thu;5;1;1954
14.10.2022;20221014;2022;Q4-2022;8092;Q4;01.10.2022;01.10.2022;24274;October;Oct;10;Friday;Fri;6;1;1955
15.10.2022;20221015;2022;Q4-2022;8092;Q4;01.10.2022;01.10.2022;24274;October;Oct;10;Saturday;Sat;7;0;1955
16.10.2022;20221016;2022;Q4-2022;8092;Q4;01.10.2022;01.10.2022;24274;October;Oct;10;Sunday;Sun;1;0;1955
17.10.2022;20221017;2022;Q4-2022;8092;Q4;01.10.2022;01.10.2022;24274;October;Oct;10;Monday;Mon;2;1;1956
18.10.2022;20221018;2022;Q4-2022;8092;Q4;01.10.2022;01.10.2022;24274;October;Oct;10;Tuesday;Tue;3;1;1957
19.10.2022;20221019;2022;Q4-2022;8092;Q4;01.10.2022;01.10.2022;24274;October;Oct;10;Wednesday;Wed;4;1;1958
20.10.2022;20221020;2022;Q4-2022;8092;Q4;01.10.2022;01.10.2022;24274;October;Oct;10;Thursday;Thu;5;1;1959
21.10.2022;20221021;2022;Q4-2022;8092;Q4;01.10.2022;01.10.2022;24274;October;Oct;10;Friday;Fri;6;1;1960
22.10.2022;20221022;2022;Q4-2022;8092;Q4;01.10.2022;01.10.2022;24274;October;Oct;10;Saturday;Sat;7;0;1960
23.10.2022;20221023;2022;Q4-2022;8092;Q4;01.10.2022;01.10.2022;24274;October;Oct;10;Sunday;Sun;1;0;1960
24.10.2022;20221024;2022;Q4-2022;8092;Q4;01.10.2022;01.10.2022;24274;October;Oct;10;Monday;Mon;2;1;1961
25.10.2022;20221025;2022;Q4-2022;8092;Q4;01.10.2022;01.10.2022;24274;October;Oct;10;Tuesday;Tue;3;1;1962
26.10.2022;20221026;2022;Q4-2022;8092;Q4;01.10.2022;01.10.2022;24274;October;Oct;10;Wednesday;Wed;4;1;1963
27.10.2022;20221027;2022;Q4-2022;8092;Q4;01.10.2022;01.10.2022;24274;October;Oct;10;Thursday;Thu;5;1;1964
28.10.2022;20221028;2022;Q4-2022;8092;Q4;01.10.2022;01.10.2022;24274;October;Oct;10;Friday;Fri;6;1;1965
29.10.2022;20221029;2022;Q4-2022;8092;Q4;01.10.2022;01.10.2022;24274;October;Oct;10;Saturday;Sat;7;0;1965
30.10.2022;20221030;2022;Q4-2022;8092;Q4;01.10.2022;01.10.2022;24274;October;Oct;10;Sunday;Sun;1;0;1965
31.10.2022;20221031;2022;Q4-2022;8092;Q4;01.10.2022;01.10.2022;24274;October;Oct;10;Monday;Mon;2;1;1966
01.11.2022;20221101;2022;Q4-2022;8092;Q4;01.11.2022;01.11.2022;24275;November;Nov;11;Tuesday;Tue;3;1;1967
02.11.2022;20221102;2022;Q4-2022;8092;Q4;01.11.2022;01.11.2022;24275;November;Nov;11;Wednesday;Wed;4;1;1968
03.11.2022;20221103;2022;Q4-2022;8092;Q4;01.11.2022;01.11.2022;24275;November;Nov;11;Thursday;Thu;5;1;1969
04.11.2022;20221104;2022;Q4-2022;8092;Q4;01.11.2022;01.11.2022;24275;November;Nov;11;Friday;Fri;6;1;1970
05.11.2022;20221105;2022;Q4-2022;8092;Q4;01.11.2022;01.11.2022;24275;November;Nov;11;Saturday;Sat;7;0;1970
06.11.2022;20221106;2022;Q4-2022;8092;Q4;01.11.2022;01.11.2022;24275;November;Nov;11;Sunday;Sun;1;0;1970
07.11.2022;20221107;2022;Q4-2022;8092;Q4;01.11.2022;01.11.2022;24275;November;Nov;11;Monday;Mon;2;1;1971
08.11.2022;20221108;2022;Q4-2022;8092;Q4;01.11.2022;01.11.2022;24275;November;Nov;11;Tuesday;Tue;3;1;1972
09.11.2022;20221109;2022;Q4-2022;8092;Q4;01.11.2022;01.11.2022;24275;November;Nov;11;Wednesday;Wed;4;1;1973
10.11.2022;20221110;2022;Q4-2022;8092;Q4;01.11.2022;01.11.2022;24275;November;Nov;11;Thursday;Thu;5;1;1974
11.11.2022;20221111;2022;Q4-2022;8092;Q4;01.11.2022;01.11.2022;24275;November;Nov;11;Friday;Fri;6;0;1974
12.11.2022;20221112;2022;Q4-2022;8092;Q4;01.11.2022;01.11.2022;24275;November;Nov;11;Saturday;Sat;7;0;1974
13.11.2022;20221113;2022;Q4-2022;8092;Q4;01.11.2022;01.11.2022;24275;November;Nov;11;Sunday;Sun;1;0;1974
14.11.2022;20221114;2022;Q4-2022;8092;Q4;01.11.2022;01.11.2022;24275;November;Nov;11;Monday;Mon;2;1;1975
15.11.2022;20221115;2022;Q4-2022;8092;Q4;01.11.2022;01.11.2022;24275;November;Nov;11;Tuesday;Tue;3;1;1976
16.11.2022;20221116;2022;Q4-2022;8092;Q4;01.11.2022;01.11.2022;24275;November;Nov;11;Wednesday;Wed;4;1;1977
17.11.2022;20221117;2022;Q4-2022;8092;Q4;01.11.2022;01.11.2022;24275;November;Nov;11;Thursday;Thu;5;1;1978
18.11.2022;20221118;2022;Q4-2022;8092;Q4;01.11.2022;01.11.2022;24275;November;Nov;11;Friday;Fri;6;1;1979
19.11.2022;20221119;2022;Q4-2022;8092;Q4;01.11.2022;01.11.2022;24275;November;Nov;11;Saturday;Sat;7;0;1979
20.11.2022;20221120;2022;Q4-2022;8092;Q4;01.11.2022;01.11.2022;24275;November;Nov;11;Sunday;Sun;1;0;1979
21.11.2022;20221121;2022;Q4-2022;8092;Q4;01.11.2022;01.11.2022;24275;November;Nov;11;Monday;Mon;2;1;1980
22.11.2022;20221122;2022;Q4-2022;8092;Q4;01.11.2022;01.11.2022;24275;November;Nov;11;Tuesday;Tue;3;1;1981
23.11.2022;20221123;2022;Q4-2022;8092;Q4;01.11.2022;01.11.2022;24275;November;Nov;11;Wednesday;Wed;4;1;1982
24.11.2022;20221124;2022;Q4-2022;8092;Q4;01.11.2022;01.11.2022;24275;November;Nov;11;Thursday;Thu;5;0;1982
25.11.2022;20221125;2022;Q4-2022;8092;Q4;01.11.2022;01.11.2022;24275;November;Nov;11;Friday;Fri;6;1;1983
26.11.2022;20221126;2022;Q4-2022;8092;Q4;01.11.2022;01.11.2022;24275;November;Nov;11;Saturday;Sat;7;0;1983
27.11.2022;20221127;2022;Q4-2022;8092;Q4;01.11.2022;01.11.2022;24275;November;Nov;11;Sunday;Sun;1;0;1983
28.11.2022;20221128;2022;Q4-2022;8092;Q4;01.11.2022;01.11.2022;24275;November;Nov;11;Monday;Mon;2;1;1984
29.11.2022;20221129;2022;Q4-2022;8092;Q4;01.11.2022;01.11.2022;24275;November;Nov;11;Tuesday;Tue;3;1;1985
30.11.2022;20221130;2022;Q4-2022;8092;Q4;01.11.2022;01.11.2022;24275;November;Nov;11;Wednesday;Wed;4;1;1986
01.12.2022;20221201;2022;Q4-2022;8092;Q4;01.12.2022;01.12.2022;24276;December;Dec;12;Thursday;Thu;5;1;1987
02.12.2022;20221202;2022;Q4-2022;8092;Q4;01.12.2022;01.12.2022;24276;December;Dec;12;Friday;Fri;6;1;1988
03.12.2022;20221203;2022;Q4-2022;8092;Q4;01.12.2022;01.12.2022;24276;December;Dec;12;Saturday;Sat;7;0;1988
04.12.2022;20221204;2022;Q4-2022;8092;Q4;01.12.2022;01.12.2022;24276;December;Dec;12;Sunday;Sun;1;0;1988
05.12.2022;20221205;2022;Q4-2022;8092;Q4;01.12.2022;01.12.2022;24276;December;Dec;12;Monday;Mon;2;1;1989
06.12.2022;20221206;2022;Q4-2022;8092;Q4;01.12.2022;01.12.2022;24276;December;Dec;12;Tuesday;Tue;3;1;1990
07.12.2022;20221207;2022;Q4-2022;8092;Q4;01.12.2022;01.12.2022;24276;December;Dec;12;Wednesday;Wed;4;1;1991
08.12.2022;20221208;2022;Q4-2022;8092;Q4;01.12.2022;01.12.2022;24276;December;Dec;12;Thursday;Thu;5;1;1992
09.12.2022;20221209;2022;Q4-2022;8092;Q4;01.12.2022;01.12.2022;24276;December;Dec;12;Friday;Fri;6;1;1993
10.12.2022;20221210;2022;Q4-2022;8092;Q4;01.12.2022;01.12.2022;24276;December;Dec;12;Saturday;Sat;7;0;1993
11.12.2022;20221211;2022;Q4-2022;8092;Q4;01.12.2022;01.12.2022;24276;December;Dec;12;Sunday;Sun;1;0;1993
12.12.2022;20221212;2022;Q4-2022;8092;Q4;01.12.2022;01.12.2022;24276;December;Dec;12;Monday;Mon;2;1;1994
13.12.2022;20221213;2022;Q4-2022;8092;Q4;01.12.2022;01.12.2022;24276;December;Dec;12;Tuesday;Tue;3;1;1995
14.12.2022;20221214;2022;Q4-2022;8092;Q4;01.12.2022;01.12.2022;24276;December;Dec;12;Wednesday;Wed;4;1;1996
15.12.2022;20221215;2022;Q4-2022;8092;Q4;01.12.2022;01.12.2022;24276;December;Dec;12;Thursday;Thu;5;1;1997
16.12.2022;20221216;2022;Q4-2022;8092;Q4;01.12.2022;01.12.2022;24276;December;Dec;12;Friday;Fri;6;1;1998
17.12.2022;20221217;2022;Q4-2022;8092;Q4;01.12.2022;01.12.2022;24276;December;Dec;12;Saturday;Sat;7;0;1998
18.12.2022;20221218;2022;Q4-2022;8092;Q4;01.12.2022;01.12.2022;24276;December;Dec;12;Sunday;Sun;1;0;1998
19.12.2022;20221219;2022;Q4-2022;8092;Q4;01.12.2022;01.12.2022;24276;December;Dec;12;Monday;Mon;2;1;1999
20.12.2022;20221220;2022;Q4-2022;8092;Q4;01.12.2022;01.12.2022;24276;December;Dec;12;Tuesday;Tue;3;1;2000
21.12.2022;20221221;2022;Q4-2022;8092;Q4;01.12.2022;01.12.2022;24276;December;Dec;12;Wednesday;Wed;4;1;2001
22.12.2022;20221222;2022;Q4-2022;8092;Q4;01.12.2022;01.12.2022;24276;December;Dec;12;Thursday;Thu;5;1;2002
23.12.2022;20221223;2022;Q4-2022;8092;Q4;01.12.2022;01.12.2022;24276;December;Dec;12;Friday;Fri;6;1;2003
24.12.2022;20221224;2022;Q4-2022;8092;Q4;01.12.2022;01.12.2022;24276;December;Dec;12;Saturday;Sat;7;0;2003
25.12.2022;20221225;2022;Q4-2022;8092;Q4;01.12.2022;01.12.2022;24276;December;Dec;12;Sunday;Sun;1;0;2003
26.12.2022;20221226;2022;Q4-2022;8092;Q4;01.12.2022;01.12.2022;24276;December;Dec;12;Monday;Mon;2;0;2003
27.12.2022;20221227;2022;Q4-2022;8092;Q4;01.12.2022;01.12.2022;24276;December;Dec;12;Tuesday;Tue;3;1;2004
28.12.2022;20221228;2022;Q4-2022;8092;Q4;01.12.2022;01.12.2022;24276;December;Dec;12;Wednesday;Wed;4;1;2005
29.12.2022;20221229;2022;Q4-2022;8092;Q4;01.12.2022;01.12.2022;24276;December;Dec;12;Thursday;Thu;5;1;2006
30.12.2022;20221230;2022;Q4-2022;8092;Q4;01.12.2022;01.12.2022;24276;December;Dec;12;Friday;Fri;6;1;2007
31.12.2022;20221231;2022;Q4-2022;8092;Q4;01.12.2022;01.12.2022;24276;December;Dec;12;Saturday;Sat;7;0;2007
01.01.2023;20230101;2023;Q1-2023;8093;Q1;01.01.2023;01.01.2023;24277;January;Jan;1;Sunday;Sun;1;0;2007
02.01.2023;20230102;2023;Q1-2023;8093;Q1;01.01.2023;01.01.2023;24277;January;Jan;1;Monday;Mon;2;0;2007
03.01.2023;20230103;2023;Q1-2023;8093;Q1;01.01.2023;01.01.2023;24277;January;Jan;1;Tuesday;Tue;3;1;2008
04.01.2023;20230104;2023;Q1-2023;8093;Q1;01.01.2023;01.01.2023;24277;January;Jan;1;Wednesday;Wed;4;1;2009
05.01.2023;20230105;2023;Q1-2023;8093;Q1;01.01.2023;01.01.2023;24277;January;Jan;1;Thursday;Thu;5;1;2010
06.01.2023;20230106;2023;Q1-2023;8093;Q1;01.01.2023;01.01.2023;24277;January;Jan;1;Friday;Fri;6;1;2011
07.01.2023;20230107;2023;Q1-2023;8093;Q1;01.01.2023;01.01.2023;24277;January;Jan;1;Saturday;Sat;7;0;2011
08.01.2023;20230108;2023;Q1-2023;8093;Q1;01.01.2023;01.01.2023;24277;January;Jan;1;Sunday;Sun;1;0;2011
09.01.2023;20230109;2023;Q1-2023;8093;Q1;01.01.2023;01.01.2023;24277;January;Jan;1;Monday;Mon;2;1;2012
10.01.2023;20230110;2023;Q1-2023;8093;Q1;01.01.2023;01.01.2023;24277;January;Jan;1;Tuesday;Tue;3;1;2013
11.01.2023;20230111;2023;Q1-2023;8093;Q1;01.01.2023;01.01.2023;24277;January;Jan;1;Wednesday;Wed;4;1;2014
12.01.2023;20230112;2023;Q1-2023;8093;Q1;01.01.2023;01.01.2023;24277;January;Jan;1;Thursday;Thu;5;1;2015
13.01.2023;20230113;2023;Q1-2023;8093;Q1;01.01.2023;01.01.2023;24277;January;Jan;1;Friday;Fri;6;1;2016
14.01.2023;20230114;2023;Q1-2023;8093;Q1;01.01.2023;01.01.2023;24277;January;Jan;1;Saturday;Sat;7;0;2016
15.01.2023;20230115;2023;Q1-2023;8093;Q1;01.01.2023;01.01.2023;24277;January;Jan;1;Sunday;Sun;1;0;2016
16.01.2023;20230116;2023;Q1-2023;8093;Q1;01.01.2023;01.01.2023;24277;January;Jan;1;Monday;Mon;2;0;2016
17.01.2023;20230117;2023;Q1-2023;8093;Q1;01.01.2023;01.01.2023;24277;January;Jan;1;Tuesday;Tue;3;1;2017
18.01.2023;20230118;2023;Q1-2023;8093;Q1;01.01.2023;01.01.2023;24277;January;Jan;1;Wednesday;Wed;4;1;2018
19.01.2023;20230119;2023;Q1-2023;8093;Q1;01.01.2023;01.01.2023;24277;January;Jan;1;Thursday;Thu;5;1;2019
20.01.2023;20230120;2023;Q1-2023;8093;Q1;01.01.2023;01.01.2023;24277;January;Jan;1;Friday;Fri;6;1;2020
21.01.2023;20230121;2023;Q1-2023;8093;Q1;01.01.2023;01.01.2023;24277;January;Jan;1;Saturday;Sat;7;0;2020
22.01.2023;20230122;2023;Q1-2023;8093;Q1;01.01.2023;01.01.2023;24277;January;Jan;1;Sunday;Sun;1;0;2020
23.01.2023;20230123;2023;Q1-2023;8093;Q1;01.01.2023;01.01.2023;24277;January;Jan;1;Monday;Mon;2;1;2021
24.01.2023;20230124;2023;Q1-2023;8093;Q1;01.01.2023;01.01.2023;24277;January;Jan;1;Tuesday;Tue;3;1;2022
25.01.2023;20230125;2023;Q1-2023;8093;Q1;01.01.2023;01.01.2023;24277;January;Jan;1;Wednesday;Wed;4;1;2023
26.01.2023;20230126;2023;Q1-2023;8093;Q1;01.01.2023;01.01.2023;24277;January;Jan;1;Thursday;Thu;5;1;2024
27.01.2023;20230127;2023;Q1-2023;8093;Q1;01.01.2023;01.01.2023;24277;January;Jan;1;Friday;Fri;6;1;2025
28.01.2023;20230128;2023;Q1-2023;8093;Q1;01.01.2023;01.01.2023;24277;January;Jan;1;Saturday;Sat;7;0;2025
29.01.2023;20230129;2023;Q1-2023;8093;Q1;01.01.2023;01.01.2023;24277;January;Jan;1;Sunday;Sun;1;0;2025
30.01.2023;20230130;2023;Q1-2023;8093;Q1;01.01.2023;01.01.2023;24277;January;Jan;1;Monday;Mon;2;1;2026
31.01.2023;20230131;2023;Q1-2023;8093;Q1;01.01.2023;01.01.2023;24277;January;Jan;1;Tuesday;Tue;3;1;2027
01.02.2023;20230201;2023;Q1-2023;8093;Q1;01.02.2023;01.02.2023;24278;February;Feb;2;Wednesday;Wed;4;1;2028
02.02.2023;20230202;2023;Q1-2023;8093;Q1;01.02.2023;01.02.2023;24278;February;Feb;2;Thursday;Thu;5;1;2029
03.02.2023;20230203;2023;Q1-2023;8093;Q1;01.02.2023;01.02.2023;24278;February;Feb;2;Friday;Fri;6;1;2030
04.02.2023;20230204;2023;Q1-2023;8093;Q1;01.02.2023;01.02.2023;24278;February;Feb;2;Saturday;Sat;7;0;2030
05.02.2023;20230205;2023;Q1-2023;8093;Q1;01.02.2023;01.02.2023;24278;February;Feb;2;Sunday;Sun;1;0;2030
06.02.2023;20230206;2023;Q1-2023;8093;Q1;01.02.2023;01.02.2023;24278;February;Feb;2;Monday;Mon;2;1;2031
07.02.2023;20230207;2023;Q1-2023;8093;Q1;01.02.2023;01.02.2023;24278;February;Feb;2;Tuesday;Tue;3;1;2032
08.02.2023;20230208;2023;Q1-2023;8093;Q1;01.02.2023;01.02.2023;24278;February;Feb;2;Wednesday;Wed;4;1;2033
09.02.2023;20230209;2023;Q1-2023;8093;Q1;01.02.2023;01.02.2023;24278;February;Feb;2;Thursday;Thu;5;1;2034
10.02.2023;20230210;2023;Q1-2023;8093;Q1;01.02.2023;01.02.2023;24278;February;Feb;2;Friday;Fri;6;1;2035
11.02.2023;20230211;2023;Q1-2023;8093;Q1;01.02.2023;01.02.2023;24278;February;Feb;2;Saturday;Sat;7;0;2035
12.02.2023;20230212;2023;Q1-2023;8093;Q1;01.02.2023;01.02.2023;24278;February;Feb;2;Sunday;Sun;1;0;2035
13.02.2023;20230213;2023;Q1-2023;8093;Q1;01.02.2023;01.02.2023;24278;February;Feb;2;Monday;Mon;2;1;2036
14.02.2023;20230214;2023;Q1-2023;8093;Q1;01.02.2023;01.02.2023;24278;February;Feb;2;Tuesday;Tue;3;1;2037
15.02.2023;20230215;2023;Q1-2023;8093;Q1;01.02.2023;01.02.2023;24278;February;Feb;2;Wednesday;Wed;4;1;2038
16.02.2023;20230216;2023;Q1-2023;8093;Q1;01.02.2023;01.02.2023;24278;February;Feb;2;Thursday;Thu;5;1;2039
17.02.2023;20230217;2023;Q1-2023;8093;Q1;01.02.2023;01.02.2023;24278;February;Feb;2;Friday;Fri;6;1;2040
18.02.2023;20230218;2023;Q1-2023;8093;Q1;01.02.2023;01.02.2023;24278;February;Feb;2;Saturday;Sat;7;0;2040
19.02.2023;20230219;2023;Q1-2023;8093;Q1;01.02.2023;01.02.2023;24278;February;Feb;2;Sunday;Sun;1;0;2040
20.02.2023;20230220;2023;Q1-2023;8093;Q1;01.02.2023;01.02.2023;24278;February;Feb;2;Monday;Mon;2;0;2040
21.02.2023;20230221;2023;Q1-2023;8093;Q1;01.02.2023;01.02.2023;24278;February;Feb;2;Tuesday;Tue;3;1;2041
22.02.2023;20230222;2023;Q1-2023;8093;Q1;01.02.2023;01.02.2023;24278;February;Feb;2;Wednesday;Wed;4;1;2042
23.02.2023;20230223;2023;Q1-2023;8093;Q1;01.02.2023;01.02.2023;24278;February;Feb;2;Thursday;Thu;5;1;2043
24.02.2023;20230224;2023;Q1-2023;8093;Q1;01.02.2023;01.02.2023;24278;February;Feb;2;Friday;Fri;6;1;2044
25.02.2023;20230225;2023;Q1-2023;8093;Q1;01.02.2023;01.02.2023;24278;February;Feb;2;Saturday;Sat;7;0;2044
26.02.2023;20230226;2023;Q1-2023;8093;Q1;01.02.2023;01.02.2023;24278;February;Feb;2;Sunday;Sun;1;0;2044
27.02.2023;20230227;2023;Q1-2023;8093;Q1;01.02.2023;01.02.2023;24278;February;Feb;2;Monday;Mon;2;1;2045
28.02.2023;20230228;2023;Q1-2023;8093;Q1;01.02.2023;01.02.2023;24278;February;Feb;2;Tuesday;Tue;3;1;2046
01.03.2023;20230301;2023;Q1-2023;8093;Q1;01.03.2023;01.03.2023;24279;March;Mar;3;Wednesday;Wed;4;1;2047
02.03.2023;20230302;2023;Q1-2023;8093;Q1;01.03.2023;01.03.2023;24279;March;Mar;3;Thursday;Thu;5;1;2048
03.03.2023;20230303;2023;Q1-2023;8093;Q1;01.03.2023;01.03.2023;24279;March;Mar;3;Friday;Fri;6;1;2049
04.03.2023;20230304;2023;Q1-2023;8093;Q1;01.03.2023;01.03.2023;24279;March;Mar;3;Saturday;Sat;7;0;2049
05.03.2023;20230305;2023;Q1-2023;8093;Q1;01.03.2023;01.03.2023;24279;March;Mar;3;Sunday;Sun;1;0;2049
06.03.2023;20230306;2023;Q1-2023;8093;Q1;01.03.2023;01.03.2023;24279;March;Mar;3;Monday;Mon;2;1;2050
07.03.2023;20230307;2023;Q1-2023;8093;Q1;01.03.2023;01.03.2023;24279;March;Mar;3;Tuesday;Tue;3;1;2051
08.03.2023;20230308;2023;Q1-2023;8093;Q1;01.03.2023;01.03.2023;24279;March;Mar;3;Wednesday;Wed;4;1;2052
09.03.2023;20230309;2023;Q1-2023;8093;Q1;01.03.2023;01.03.2023;24279;March;Mar;3;Thursday;Thu;5;1;2053
10.03.2023;20230310;2023;Q1-2023;8093;Q1;01.03.2023;01.03.2023;24279;March;Mar;3;Friday;Fri;6;1;2054
11.03.2023;20230311;2023;Q1-2023;8093;Q1;01.03.2023;01.03.2023;24279;March;Mar;3;Saturday;Sat;7;0;2054
12.03.2023;20230312;2023;Q1-2023;8093;Q1;01.03.2023;01.03.2023;24279;March;Mar;3;Sunday;Sun;1;0;2054
13.03.2023;20230313;2023;Q1-2023;8093;Q1;01.03.2023;01.03.2023;24279;March;Mar;3;Monday;Mon;2;1;2055
14.03.2023;20230314;2023;Q1-2023;8093;Q1;01.03.2023;01.03.2023;24279;March;Mar;3;Tuesday;Tue;3;1;2056
15.03.2023;20230315;2023;Q1-2023;8093;Q1;01.03.2023;01.03.2023;24279;March;Mar;3;Wednesday;Wed;4;1;2057
16.03.2023;20230316;2023;Q1-2023;8093;Q1;01.03.2023;01.03.2023;24279;March;Mar;3;Thursday;Thu;5;1;2058
17.03.2023;20230317;2023;Q1-2023;8093;Q1;01.03.2023;01.03.2023;24279;March;Mar;3;Friday;Fri;6;1;2059
18.03.2023;20230318;2023;Q1-2023;8093;Q1;01.03.2023;01.03.2023;24279;March;Mar;3;Saturday;Sat;7;0;2059
19.03.2023;20230319;2023;Q1-2023;8093;Q1;01.03.2023;01.03.2023;24279;March;Mar;3;Sunday;Sun;1;0;2059
20.03.2023;20230320;2023;Q1-2023;8093;Q1;01.03.2023;01.03.2023;24279;March;Mar;3;Monday;Mon;2;1;2060
21.03.2023;20230321;2023;Q1-2023;8093;Q1;01.03.2023;01.03.2023;24279;March;Mar;3;Tuesday;Tue;3;1;2061
22.03.2023;20230322;2023;Q1-2023;8093;Q1;01.03.2023;01.03.2023;24279;March;Mar;3;Wednesday;Wed;4;1;2062
23.03.2023;20230323;2023;Q1-2023;8093;Q1;01.03.2023;01.03.2023;24279;March;Mar;3;Thursday;Thu;5;1;2063
24.03.2023;20230324;2023;Q1-2023;8093;Q1;01.03.2023;01.03.2023;24279;March;Mar;3;Friday;Fri;6;1;2064
25.03.2023;20230325;2023;Q1-2023;8093;Q1;01.03.2023;01.03.2023;24279;March;Mar;3;Saturday;Sat;7;0;2064
26.03.2023;20230326;2023;Q1-2023;8093;Q1;01.03.2023;01.03.2023;24279;March;Mar;3;Sunday;Sun;1;0;2064
27.03.2023;20230327;2023;Q1-2023;8093;Q1;01.03.2023;01.03.2023;24279;March;Mar;3;Monday;Mon;2;1;2065
28.03.2023;20230328;2023;Q1-2023;8093;Q1;01.03.2023;01.03.2023;24279;March;Mar;3;Tuesday;Tue;3;1;2066
29.03.2023;20230329;2023;Q1-2023;8093;Q1;01.03.2023;01.03.2023;24279;March;Mar;3;Wednesday;Wed;4;1;2067
30.03.2023;20230330;2023;Q1-2023;8093;Q1;01.03.2023;01.03.2023;24279;March;Mar;3;Thursday;Thu;5;1;2068
31.03.2023;20230331;2023;Q1-2023;8093;Q1;01.03.2023;01.03.2023;24279;March;Mar;3;Friday;Fri;6;1;2069
01.04.2023;20230401;2023;Q2-2023;8094;Q2;01.04.2023;01.04.2023;24280;April;Apr;4;Saturday;Sat;7;0;2069
02.04.2023;20230402;2023;Q2-2023;8094;Q2;01.04.2023;01.04.2023;24280;April;Apr;4;Sunday;Sun;1;0;2069
03.04.2023;20230403;2023;Q2-2023;8094;Q2;01.04.2023;01.04.2023;24280;April;Apr;4;Monday;Mon;2;1;2070
04.04.2023;20230404;2023;Q2-2023;8094;Q2;01.04.2023;01.04.2023;24280;April;Apr;4;Tuesday;Tue;3;1;2071
05.04.2023;20230405;2023;Q2-2023;8094;Q2;01.04.2023;01.04.2023;24280;April;Apr;4;Wednesday;Wed;4;1;2072
06.04.2023;20230406;2023;Q2-2023;8094;Q2;01.04.2023;01.04.2023;24280;April;Apr;4;Thursday;Thu;5;1;2073
07.04.2023;20230407;2023;Q2-2023;8094;Q2;01.04.2023;01.04.2023;24280;April;Apr;4;Friday;Fri;6;1;2074
08.04.2023;20230408;2023;Q2-2023;8094;Q2;01.04.2023;01.04.2023;24280;April;Apr;4;Saturday;Sat;7;0;2074
09.04.2023;20230409;2023;Q2-2023;8094;Q2;01.04.2023;01.04.2023;24280;April;Apr;4;Sunday;Sun;1;0;2074
10.04.2023;20230410;2023;Q2-2023;8094;Q2;01.04.2023;01.04.2023;24280;April;Apr;4;Monday;Mon;2;1;2075
11.04.2023;20230411;2023;Q2-2023;8094;Q2;01.04.2023;01.04.2023;24280;April;Apr;4;Tuesday;Tue;3;1;2076
12.04.2023;20230412;2023;Q2-2023;8094;Q2;01.04.2023;01.04.2023;24280;April;Apr;4;Wednesday;Wed;4;1;2077
13.04.2023;20230413;2023;Q2-2023;8094;Q2;01.04.2023;01.04.2023;24280;April;Apr;4;Thursday;Thu;5;1;2078
14.04.2023;20230414;2023;Q2-2023;8094;Q2;01.04.2023;01.04.2023;24280;April;Apr;4;Friday;Fri;6;1;2079
15.04.2023;20230415;2023;Q2-2023;8094;Q2;01.04.2023;01.04.2023;24280;April;Apr;4;Saturday;Sat;7;0;2079
16.04.2023;20230416;2023;Q2-2023;8094;Q2;01.04.2023;01.04.2023;24280;April;Apr;4;Sunday;Sun;1;0;2079
17.04.2023;20230417;2023;Q2-2023;8094;Q2;01.04.2023;01.04.2023;24280;April;Apr;4;Monday;Mon;2;1;2080
18.04.2023;20230418;2023;Q2-2023;8094;Q2;01.04.2023;01.04.2023;24280;April;Apr;4;Tuesday;Tue;3;1;2081
19.04.2023;20230419;2023;Q2-2023;8094;Q2;01.04.2023;01.04.2023;24280;April;Apr;4;Wednesday;Wed;4;1;2082
20.04.2023;20230420;2023;Q2-2023;8094;Q2;01.04.2023;01.04.2023;24280;April;Apr;4;Thursday;Thu;5;1;2083
21.04.2023;20230421;2023;Q2-2023;8094;Q2;01.04.2023;01.04.2023;24280;April;Apr;4;Friday;Fri;6;1;2084
22.04.2023;20230422;2023;Q2-2023;8094;Q2;01.04.2023;01.04.2023;24280;April;Apr;4;Saturday;Sat;7;0;2084
23.04.2023;20230423;2023;Q2-2023;8094;Q2;01.04.2023;01.04.2023;24280;April;Apr;4;Sunday;Sun;1;0;2084
24.04.2023;20230424;2023;Q2-2023;8094;Q2;01.04.2023;01.04.2023;24280;April;Apr;4;Monday;Mon;2;1;2085
25.04.2023;20230425;2023;Q2-2023;8094;Q2;01.04.2023;01.04.2023;24280;April;Apr;4;Tuesday;Tue;3;1;2086
26.04.2023;20230426;2023;Q2-2023;8094;Q2;01.04.2023;01.04.2023;24280;April;Apr;4;Wednesday;Wed;4;1;2087
27.04.2023;20230427;2023;Q2-2023;8094;Q2;01.04.2023;01.04.2023;24280;April;Apr;4;Thursday;Thu;5;1;2088
28.04.2023;20230428;2023;Q2-2023;8094;Q2;01.04.2023;01.04.2023;24280;April;Apr;4;Friday;Fri;6;1;2089
29.04.2023;20230429;2023;Q2-2023;8094;Q2;01.04.2023;01.04.2023;24280;April;Apr;4;Saturday;Sat;7;0;2089
30.04.2023;20230430;2023;Q2-2023;8094;Q2;01.04.2023;01.04.2023;24280;April;Apr;4;Sunday;Sun;1;0;2089
01.05.2023;20230501;2023;Q2-2023;8094;Q2;01.05.2023;01.05.2023;24281;May;May;5;Monday;Mon;2;1;2090
02.05.2023;20230502;2023;Q2-2023;8094;Q2;01.05.2023;01.05.2023;24281;May;May;5;Tuesday;Tue;3;1;2091
03.05.2023;20230503;2023;Q2-2023;8094;Q2;01.05.2023;01.05.2023;24281;May;May;5;Wednesday;Wed;4;1;2092
04.05.2023;20230504;2023;Q2-2023;8094;Q2;01.05.2023;01.05.2023;24281;May;May;5;Thursday;Thu;5;1;2093
05.05.2023;20230505;2023;Q2-2023;8094;Q2;01.05.2023;01.05.2023;24281;May;May;5;Friday;Fri;6;1;2094
06.05.2023;20230506;2023;Q2-2023;8094;Q2;01.05.2023;01.05.2023;24281;May;May;5;Saturday;Sat;7;0;2094
07.05.2023;20230507;2023;Q2-2023;8094;Q2;01.05.2023;01.05.2023;24281;May;May;5;Sunday;Sun;1;0;2094
08.05.2023;20230508;2023;Q2-2023;8094;Q2;01.05.2023;01.05.2023;24281;May;May;5;Monday;Mon;2;1;2095
09.05.2023;20230509;2023;Q2-2023;8094;Q2;01.05.2023;01.05.2023;24281;May;May;5;Tuesday;Tue;3;1;2096
10.05.2023;20230510;2023;Q2-2023;8094;Q2;01.05.2023;01.05.2023;24281;May;May;5;Wednesday;Wed;4;1;2097
11.05.2023;20230511;2023;Q2-2023;8094;Q2;01.05.2023;01.05.2023;24281;May;May;5;Thursday;Thu;5;1;2098
12.05.2023;20230512;2023;Q2-2023;8094;Q2;01.05.2023;01.05.2023;24281;May;May;5;Friday;Fri;6;1;2099
13.05.2023;20230513;2023;Q2-2023;8094;Q2;01.05.2023;01.05.2023;24281;May;May;5;Saturday;Sat;7;0;2099
14.05.2023;20230514;2023;Q2-2023;8094;Q2;01.05.2023;01.05.2023;24281;May;May;5;Sunday;Sun;1;0;2099
15.05.2023;20230515;2023;Q2-2023;8094;Q2;01.05.2023;01.05.2023;24281;May;May;5;Monday;Mon;2;1;2100
16.05.2023;20230516;2023;Q2-2023;8094;Q2;01.05.2023;01.05.2023;24281;May;May;5;Tuesday;Tue;3;1;2101
17.05.2023;20230517;2023;Q2-2023;8094;Q2;01.05.2023;01.05.2023;24281;May;May;5;Wednesday;Wed;4;1;2102
18.05.2023;20230518;2023;Q2-2023;8094;Q2;01.05.2023;01.05.2023;24281;May;May;5;Thursday;Thu;5;1;2103
19.05.2023;20230519;2023;Q2-2023;8094;Q2;01.05.2023;01.05.2023;24281;May;May;5;Friday;Fri;6;1;2104
20.05.2023;20230520;2023;Q2-2023;8094;Q2;01.05.2023;01.05.2023;24281;May;May;5;Saturday;Sat;7;0;2104
21.05.2023;20230521;2023;Q2-2023;8094;Q2;01.05.2023;01.05.2023;24281;May;May;5;Sunday;Sun;1;0;2104
22.05.2023;20230522;2023;Q2-2023;8094;Q2;01.05.2023;01.05.2023;24281;May;May;5;Monday;Mon;2;1;2105
23.05.2023;20230523;2023;Q2-2023;8094;Q2;01.05.2023;01.05.2023;24281;May;May;5;Tuesday;Tue;3;1;2106
24.05.2023;20230524;2023;Q2-2023;8094;Q2;01.05.2023;01.05.2023;24281;May;May;5;Wednesday;Wed;4;1;2107
25.05.2023;20230525;2023;Q2-2023;8094;Q2;01.05.2023;01.05.2023;24281;May;May;5;Thursday;Thu;5;1;2108
26.05.2023;20230526;2023;Q2-2023;8094;Q2;01.05.2023;01.05.2023;24281;May;May;5;Friday;Fri;6;1;2109
27.05.2023;20230527;2023;Q2-2023;8094;Q2;01.05.2023;01.05.2023;24281;May;May;5;Saturday;Sat;7;0;2109
28.05.2023;20230528;2023;Q2-2023;8094;Q2;01.05.2023;01.05.2023;24281;May;May;5;Sunday;Sun;1;0;2109
29.05.2023;20230529;2023;Q2-2023;8094;Q2;01.05.2023;01.05.2023;24281;May;May;5;Monday;Mon;2;0;2109
30.05.2023;20230530;2023;Q2-2023;8094;Q2;01.05.2023;01.05.2023;24281;May;May;5;Tuesday;Tue;3;1;2110
31.05.2023;20230531;2023;Q2-2023;8094;Q2;01.05.2023;01.05.2023;24281;May;May;5;Wednesday;Wed;4;1;2111
01.06.2023;20230601;2023;Q2-2023;8094;Q2;01.06.2023;01.06.2023;24282;June;Jun;6;Thursday;Thu;5;1;2112
02.06.2023;20230602;2023;Q2-2023;8094;Q2;01.06.2023;01.06.2023;24282;June;Jun;6;Friday;Fri;6;1;2113
03.06.2023;20230603;2023;Q2-2023;8094;Q2;01.06.2023;01.06.2023;24282;June;Jun;6;Saturday;Sat;7;0;2113
04.06.2023;20230604;2023;Q2-2023;8094;Q2;01.06.2023;01.06.2023;24282;June;Jun;6;Sunday;Sun;1;0;2113
05.06.2023;20230605;2023;Q2-2023;8094;Q2;01.06.2023;01.06.2023;24282;June;Jun;6;Monday;Mon;2;1;2114
06.06.2023;20230606;2023;Q2-2023;8094;Q2;01.06.2023;01.06.2023;24282;June;Jun;6;Tuesday;Tue;3;1;2115
07.06.2023;20230607;2023;Q2-2023;8094;Q2;01.06.2023;01.06.2023;24282;June;Jun;6;Wednesday;Wed;4;1;2116
08.06.2023;20230608;2023;Q2-2023;8094;Q2;01.06.2023;01.06.2023;24282;June;Jun;6;Thursday;Thu;5;1;2117
09.06.2023;20230609;2023;Q2-2023;8094;Q2;01.06.2023;01.06.2023;24282;June;Jun;6;Friday;Fri;6;1;2118
10.06.2023;20230610;2023;Q2-2023;8094;Q2;01.06.2023;01.06.2023;24282;June;Jun;6;Saturday;Sat;7;0;2118
11.06.2023;20230611;2023;Q2-2023;8094;Q2;01.06.2023;01.06.2023;24282;June;Jun;6;Sunday;Sun;1;0;2118
12.06.2023;20230612;2023;Q2-2023;8094;Q2;01.06.2023;01.06.2023;24282;June;Jun;6;Monday;Mon;2;1;2119
13.06.2023;20230613;2023;Q2-2023;8094;Q2;01.06.2023;01.06.2023;24282;June;Jun;6;Tuesday;Tue;3;1;2120
14.06.2023;20230614;2023;Q2-2023;8094;Q2;01.06.2023;01.06.2023;24282;June;Jun;6;Wednesday;Wed;4;1;2121
15.06.2023;20230615;2023;Q2-2023;8094;Q2;01.06.2023;01.06.2023;24282;June;Jun;6;Thursday;Thu;5;1;2122
16.06.2023;20230616;2023;Q2-2023;8094;Q2;01.06.2023;01.06.2023;24282;June;Jun;6;Friday;Fri;6;1;2123
17.06.2023;20230617;2023;Q2-2023;8094;Q2;01.06.2023;01.06.2023;24282;June;Jun;6;Saturday;Sat;7;0;2123
18.06.2023;20230618;2023;Q2-2023;8094;Q2;01.06.2023;01.06.2023;24282;June;Jun;6;Sunday;Sun;1;0;2123
19.06.2023;20230619;2023;Q2-2023;8094;Q2;01.06.2023;01.06.2023;24282;June;Jun;6;Monday;Mon;2;1;2124
20.06.2023;20230620;2023;Q2-2023;8094;Q2;01.06.2023;01.06.2023;24282;June;Jun;6;Tuesday;Tue;3;1;2125
21.06.2023;20230621;2023;Q2-2023;8094;Q2;01.06.2023;01.06.2023;24282;June;Jun;6;Wednesday;Wed;4;1;2126
22.06.2023;20230622;2023;Q2-2023;8094;Q2;01.06.2023;01.06.2023;24282;June;Jun;6;Thursday;Thu;5;1;2127
23.06.2023;20230623;2023;Q2-2023;8094;Q2;01.06.2023;01.06.2023;24282;June;Jun;6;Friday;Fri;6;1;2128
24.06.2023;20230624;2023;Q2-2023;8094;Q2;01.06.2023;01.06.2023;24282;June;Jun;6;Saturday;Sat;7;0;2128
25.06.2023;20230625;2023;Q2-2023;8094;Q2;01.06.2023;01.06.2023;24282;June;Jun;6;Sunday;Sun;1;0;2128
26.06.2023;20230626;2023;Q2-2023;8094;Q2;01.06.2023;01.06.2023;24282;June;Jun;6;Monday;Mon;2;1;2129
27.06.2023;20230627;2023;Q2-2023;8094;Q2;01.06.2023;01.06.2023;24282;June;Jun;6;Tuesday;Tue;3;1;2130
28.06.2023;20230628;2023;Q2-2023;8094;Q2;01.06.2023;01.06.2023;24282;June;Jun;6;Wednesday;Wed;4;1;2131
29.06.2023;20230629;2023;Q2-2023;8094;Q2;01.06.2023;01.06.2023;24282;June;Jun;6;Thursday;Thu;5;1;2132
30.06.2023;20230630;2023;Q2-2023;8094;Q2;01.06.2023;01.06.2023;24282;June;Jun;6;Friday;Fri;6;1;2133
01.07.2023;20230701;2023;Q3-2023;8095;Q3;01.07.2023;01.07.2023;24283;July;Jul;7;Saturday;Sat;7;0;2133
02.07.2023;20230702;2023;Q3-2023;8095;Q3;01.07.2023;01.07.2023;24283;July;Jul;7;Sunday;Sun;1;0;2133
03.07.2023;20230703;2023;Q3-2023;8095;Q3;01.07.2023;01.07.2023;24283;July;Jul;7;Monday;Mon;2;1;2134
04.07.2023;20230704;2023;Q3-2023;8095;Q3;01.07.2023;01.07.2023;24283;July;Jul;7;Tuesday;Tue;3;0;2134
05.07.2023;20230705;2023;Q3-2023;8095;Q3;01.07.2023;01.07.2023;24283;July;Jul;7;Wednesday;Wed;4;1;2135
06.07.2023;20230706;2023;Q3-2023;8095;Q3;01.07.2023;01.07.2023;24283;July;Jul;7;Thursday;Thu;5;1;2136
07.07.2023;20230707;2023;Q3-2023;8095;Q3;01.07.2023;01.07.2023;24283;July;Jul;7;Friday;Fri;6;1;2137
08.07.2023;20230708;2023;Q3-2023;8095;Q3;01.07.2023;01.07.2023;24283;July;Jul;7;Saturday;Sat;7;0;2137
09.07.2023;20230709;2023;Q3-2023;8095;Q3;01.07.2023;01.07.2023;24283;July;Jul;7;Sunday;Sun;1;0;2137
10.07.2023;20230710;2023;Q3-2023;8095;Q3;01.07.2023;01.07.2023;24283;July;Jul;7;Monday;Mon;2;1;2138
11.07.2023;20230711;2023;Q3-2023;8095;Q3;01.07.2023;01.07.2023;24283;July;Jul;7;Tuesday;Tue;3;1;2139
12.07.2023;20230712;2023;Q3-2023;8095;Q3;01.07.2023;01.07.2023;24283;July;Jul;7;Wednesday;Wed;4;1;2140
13.07.2023;20230713;2023;Q3-2023;8095;Q3;01.07.2023;01.07.2023;24283;July;Jul;7;Thursday;Thu;5;1;2141
14.07.2023;20230714;2023;Q3-2023;8095;Q3;01.07.2023;01.07.2023;24283;July;Jul;7;Friday;Fri;6;1;2142
15.07.2023;20230715;2023;Q3-2023;8095;Q3;01.07.2023;01.07.2023;24283;July;Jul;7;Saturday;Sat;7;0;2142
16.07.2023;20230716;2023;Q3-2023;8095;Q3;01.07.2023;01.07.2023;24283;July;Jul;7;Sunday;Sun;1;0;2142
17.07.2023;20230717;2023;Q3-2023;8095;Q3;01.07.2023;01.07.2023;24283;July;Jul;7;Monday;Mon;2;1;2143
18.07.2023;20230718;2023;Q3-2023;8095;Q3;01.07.2023;01.07.2023;24283;July;Jul;7;Tuesday;Tue;3;1;2144
19.07.2023;20230719;2023;Q3-2023;8095;Q3;01.07.2023;01.07.2023;24283;July;Jul;7;Wednesday;Wed;4;1;2145
20.07.2023;20230720;2023;Q3-2023;8095;Q3;01.07.2023;01.07.2023;24283;July;Jul;7;Thursday;Thu;5;1;2146
21.07.2023;20230721;2023;Q3-2023;8095;Q3;01.07.2023;01.07.2023;24283;July;Jul;7;Friday;Fri;6;1;2147
22.07.2023;20230722;2023;Q3-2023;8095;Q3;01.07.2023;01.07.2023;24283;July;Jul;7;Saturday;Sat;7;0;2147
23.07.2023;20230723;2023;Q3-2023;8095;Q3;01.07.2023;01.07.2023;24283;July;Jul;7;Sunday;Sun;1;0;2147
24.07.2023;20230724;2023;Q3-2023;8095;Q3;01.07.2023;01.07.2023;24283;July;Jul;7;Monday;Mon;2;1;2148
25.07.2023;20230725;2023;Q3-2023;8095;Q3;01.07.2023;01.07.2023;24283;July;Jul;7;Tuesday;Tue;3;1;2149
26.07.2023;20230726;2023;Q3-2023;8095;Q3;01.07.2023;01.07.2023;24283;July;Jul;7;Wednesday;Wed;4;1;2150
27.07.2023;20230727;2023;Q3-2023;8095;Q3;01.07.2023;01.07.2023;24283;July;Jul;7;Thursday;Thu;5;1;2151
28.07.2023;20230728;2023;Q3-2023;8095;Q3;01.07.2023;01.07.2023;24283;July;Jul;7;Friday;Fri;6;1;2152
29.07.2023;20230729;2023;Q3-2023;8095;Q3;01.07.2023;01.07.2023;24283;July;Jul;7;Saturday;Sat;7;0;2152
30.07.2023;20230730;2023;Q3-2023;8095;Q3;01.07.2023;01.07.2023;24283;July;Jul;7;Sunday;Sun;1;0;2152
31.07.2023;20230731;2023;Q3-2023;8095;Q3;01.07.2023;01.07.2023;24283;July;Jul;7;Monday;Mon;2;1;2153
01.08.2023;20230801;2023;Q3-2023;8095;Q3;01.08.2023;01.08.2023;24284;August;Aug;8;Tuesday;Tue;3;1;2154
02.08.2023;20230802;2023;Q3-2023;8095;Q3;01.08.2023;01.08.2023;24284;August;Aug;8;Wednesday;Wed;4;1;2155
03.08.2023;20230803;2023;Q3-2023;8095;Q3;01.08.2023;01.08.2023;24284;August;Aug;8;Thursday;Thu;5;1;2156
04.08.2023;20230804;2023;Q3-2023;8095;Q3;01.08.2023;01.08.2023;24284;August;Aug;8;Friday;Fri;6;1;2157
05.08.2023;20230805;2023;Q3-2023;8095;Q3;01.08.2023;01.08.2023;24284;August;Aug;8;Saturday;Sat;7;0;2157
06.08.2023;20230806;2023;Q3-2023;8095;Q3;01.08.2023;01.08.2023;24284;August;Aug;8;Sunday;Sun;1;0;2157
07.08.2023;20230807;2023;Q3-2023;8095;Q3;01.08.2023;01.08.2023;24284;August;Aug;8;Monday;Mon;2;1;2158
08.08.2023;20230808;2023;Q3-2023;8095;Q3;01.08.2023;01.08.2023;24284;August;Aug;8;Tuesday;Tue;3;1;2159
09.08.2023;20230809;2023;Q3-2023;8095;Q3;01.08.2023;01.08.2023;24284;August;Aug;8;Wednesday;Wed;4;1;2160
10.08.2023;20230810;2023;Q3-2023;8095;Q3;01.08.2023;01.08.2023;24284;August;Aug;8;Thursday;Thu;5;1;2161
11.08.2023;20230811;2023;Q3-2023;8095;Q3;01.08.2023;01.08.2023;24284;August;Aug;8;Friday;Fri;6;1;2162
12.08.2023;20230812;2023;Q3-2023;8095;Q3;01.08.2023;01.08.2023;24284;August;Aug;8;Saturday;Sat;7;0;2162
13.08.2023;20230813;2023;Q3-2023;8095;Q3;01.08.2023;01.08.2023;24284;August;Aug;8;Sunday;Sun;1;0;2162
14.08.2023;20230814;2023;Q3-2023;8095;Q3;01.08.2023;01.08.2023;24284;August;Aug;8;Monday;Mon;2;1;2163
15.08.2023;20230815;2023;Q3-2023;8095;Q3;01.08.2023;01.08.2023;24284;August;Aug;8;Tuesday;Tue;3;1;2164
16.08.2023;20230816;2023;Q3-2023;8095;Q3;01.08.2023;01.08.2023;24284;August;Aug;8;Wednesday;Wed;4;1;2165
17.08.2023;20230817;2023;Q3-2023;8095;Q3;01.08.2023;01.08.2023;24284;August;Aug;8;Thursday;Thu;5;1;2166
18.08.2023;20230818;2023;Q3-2023;8095;Q3;01.08.2023;01.08.2023;24284;August;Aug;8;Friday;Fri;6;1;2167
19.08.2023;20230819;2023;Q3-2023;8095;Q3;01.08.2023;01.08.2023;24284;August;Aug;8;Saturday;Sat;7;0;2167
20.08.2023;20230820;2023;Q3-2023;8095;Q3;01.08.2023;01.08.2023;24284;August;Aug;8;Sunday;Sun;1;0;2167
21.08.2023;20230821;2023;Q3-2023;8095;Q3;01.08.2023;01.08.2023;24284;August;Aug;8;Monday;Mon;2;1;2168
22.08.2023;20230822;2023;Q3-2023;8095;Q3;01.08.2023;01.08.2023;24284;August;Aug;8;Tuesday;Tue;3;1;2169
23.08.2023;20230823;2023;Q3-2023;8095;Q3;01.08.2023;01.08.2023;24284;August;Aug;8;Wednesday;Wed;4;1;2170
24.08.2023;20230824;2023;Q3-2023;8095;Q3;01.08.2023;01.08.2023;24284;August;Aug;8;Thursday;Thu;5;1;2171
25.08.2023;20230825;2023;Q3-2023;8095;Q3;01.08.2023;01.08.2023;24284;August;Aug;8;Friday;Fri;6;1;2172
26.08.2023;20230826;2023;Q3-2023;8095;Q3;01.08.2023;01.08.2023;24284;August;Aug;8;Saturday;Sat;7;0;2172
27.08.2023;20230827;2023;Q3-2023;8095;Q3;01.08.2023;01.08.2023;24284;August;Aug;8;Sunday;Sun;1;0;2172
28.08.2023;20230828;2023;Q3-2023;8095;Q3;01.08.2023;01.08.2023;24284;August;Aug;8;Monday;Mon;2;1;2173
29.08.2023;20230829;2023;Q3-2023;8095;Q3;01.08.2023;01.08.2023;24284;August;Aug;8;Tuesday;Tue;3;1;2174
30.08.2023;20230830;2023;Q3-2023;8095;Q3;01.08.2023;01.08.2023;24284;August;Aug;8;Wednesday;Wed;4;1;2175
31.08.2023;20230831;2023;Q3-2023;8095;Q3;01.08.2023;01.08.2023;24284;August;Aug;8;Thursday;Thu;5;1;2176
01.09.2023;20230901;2023;Q3-2023;8095;Q3;01.09.2023;01.09.2023;24285;September;Sep;9;Friday;Fri;6;1;2177
02.09.2023;20230902;2023;Q3-2023;8095;Q3;01.09.2023;01.09.2023;24285;September;Sep;9;Saturday;Sat;7;0;2177
03.09.2023;20230903;2023;Q3-2023;8095;Q3;01.09.2023;01.09.2023;24285;September;Sep;9;Sunday;Sun;1;0;2177
04.09.2023;20230904;2023;Q3-2023;8095;Q3;01.09.2023;01.09.2023;24285;September;Sep;9;Monday;Mon;2;0;2177
05.09.2023;20230905;2023;Q3-2023;8095;Q3;01.09.2023;01.09.2023;24285;September;Sep;9;Tuesday;Tue;3;1;2178
06.09.2023;20230906;2023;Q3-2023;8095;Q3;01.09.2023;01.09.2023;24285;September;Sep;9;Wednesday;Wed;4;1;2179
07.09.2023;20230907;2023;Q3-2023;8095;Q3;01.09.2023;01.09.2023;24285;September;Sep;9;Thursday;Thu;5;1;2180
08.09.2023;20230908;2023;Q3-2023;8095;Q3;01.09.2023;01.09.2023;24285;September;Sep;9;Friday;Fri;6;1;2181
09.09.2023;20230909;2023;Q3-2023;8095;Q3;01.09.2023;01.09.2023;24285;September;Sep;9;Saturday;Sat;7;0;2181
10.09.2023;20230910;2023;Q3-2023;8095;Q3;01.09.2023;01.09.2023;24285;September;Sep;9;Sunday;Sun;1;0;2181
11.09.2023;20230911;2023;Q3-2023;8095;Q3;01.09.2023;01.09.2023;24285;September;Sep;9;Monday;Mon;2;1;2182
12.09.2023;20230912;2023;Q3-2023;8095;Q3;01.09.2023;01.09.2023;24285;September;Sep;9;Tuesday;Tue;3;1;2183
13.09.2023;20230913;2023;Q3-2023;8095;Q3;01.09.2023;01.09.2023;24285;September;Sep;9;Wednesday;Wed;4;1;2184
14.09.2023;20230914;2023;Q3-2023;8095;Q3;01.09.2023;01.09.2023;24285;September;Sep;9;Thursday;Thu;5;1;2185
15.09.2023;20230915;2023;Q3-2023;8095;Q3;01.09.2023;01.09.2023;24285;September;Sep;9;Friday;Fri;6;1;2186
16.09.2023;20230916;2023;Q3-2023;8095;Q3;01.09.2023;01.09.2023;24285;September;Sep;9;Saturday;Sat;7;0;2186
17.09.2023;20230917;2023;Q3-2023;8095;Q3;01.09.2023;01.09.2023;24285;September;Sep;9;Sunday;Sun;1;0;2186
18.09.2023;20230918;2023;Q3-2023;8095;Q3;01.09.2023;01.09.2023;24285;September;Sep;9;Monday;Mon;2;1;2187
19.09.2023;20230919;2023;Q3-2023;8095;Q3;01.09.2023;01.09.2023;24285;September;Sep;9;Tuesday;Tue;3;1;2188
20.09.2023;20230920;2023;Q3-2023;8095;Q3;01.09.2023;01.09.2023;24285;September;Sep;9;Wednesday;Wed;4;1;2189
21.09.2023;20230921;2023;Q3-2023;8095;Q3;01.09.2023;01.09.2023;24285;September;Sep;9;Thursday;Thu;5;1;2190
22.09.2023;20230922;2023;Q3-2023;8095;Q3;01.09.2023;01.09.2023;24285;September;Sep;9;Friday;Fri;6;1;2191
23.09.2023;20230923;2023;Q3-2023;8095;Q3;01.09.2023;01.09.2023;24285;September;Sep;9;Saturday;Sat;7;0;2191
24.09.2023;20230924;2023;Q3-2023;8095;Q3;01.09.2023;01.09.2023;24285;September;Sep;9;Sunday;Sun;1;0;2191
25.09.2023;20230925;2023;Q3-2023;8095;Q3;01.09.2023;01.09.2023;24285;September;Sep;9;Monday;Mon;2;1;2192
26.09.2023;20230926;2023;Q3-2023;8095;Q3;01.09.2023;01.09.2023;24285;September;Sep;9;Tuesday;Tue;3;1;2193
27.09.2023;20230927;2023;Q3-2023;8095;Q3;01.09.2023;01.09.2023;24285;September;Sep;9;Wednesday;Wed;4;1;2194
28.09.2023;20230928;2023;Q3-2023;8095;Q3;01.09.2023;01.09.2023;24285;September;Sep;9;Thursday;Thu;5;1;2195
29.09.2023;20230929;2023;Q3-2023;8095;Q3;01.09.2023;01.09.2023;24285;September;Sep;9;Friday;Fri;6;1;2196
30.09.2023;20230930;2023;Q3-2023;8095;Q3;01.09.2023;01.09.2023;24285;September;Sep;9;Saturday;Sat;7;0;2196
01.10.2023;20231001;2023;Q4-2023;8096;Q4;01.10.2023;01.10.2023;24286;October;Oct;10;Sunday;Sun;1;0;2196
02.10.2023;20231002;2023;Q4-2023;8096;Q4;01.10.2023;01.10.2023;24286;October;Oct;10;Monday;Mon;2;1;2197
03.10.2023;20231003;2023;Q4-2023;8096;Q4;01.10.2023;01.10.2023;24286;October;Oct;10;Tuesday;Tue;3;1;2198
04.10.2023;20231004;2023;Q4-2023;8096;Q4;01.10.2023;01.10.2023;24286;October;Oct;10;Wednesday;Wed;4;1;2199
05.10.2023;20231005;2023;Q4-2023;8096;Q4;01.10.2023;01.10.2023;24286;October;Oct;10;Thursday;Thu;5;1;2200
06.10.2023;20231006;2023;Q4-2023;8096;Q4;01.10.2023;01.10.2023;24286;October;Oct;10;Friday;Fri;6;1;2201
07.10.2023;20231007;2023;Q4-2023;8096;Q4;01.10.2023;01.10.2023;24286;October;Oct;10;Saturday;Sat;7;0;2201
08.10.2023;20231008;2023;Q4-2023;8096;Q4;01.10.2023;01.10.2023;24286;October;Oct;10;Sunday;Sun;1;0;2201
09.10.2023;20231009;2023;Q4-2023;8096;Q4;01.10.2023;01.10.2023;24286;October;Oct;10;Monday;Mon;2;0;2201
10.10.2023;20231010;2023;Q4-2023;8096;Q4;01.10.2023;01.10.2023;24286;October;Oct;10;Tuesday;Tue;3;1;2202
11.10.2023;20231011;2023;Q4-2023;8096;Q4;01.10.2023;01.10.2023;24286;October;Oct;10;Wednesday;Wed;4;1;2203
12.10.2023;20231012;2023;Q4-2023;8096;Q4;01.10.2023;01.10.2023;24286;October;Oct;10;Thursday;Thu;5;1;2204
13.10.2023;20231013;2023;Q4-2023;8096;Q4;01.10.2023;01.10.2023;24286;October;Oct;10;Friday;Fri;6;1;2205
14.10.2023;20231014;2023;Q4-2023;8096;Q4;01.10.2023;01.10.2023;24286;October;Oct;10;Saturday;Sat;7;0;2205
15.10.2023;20231015;2023;Q4-2023;8096;Q4;01.10.2023;01.10.2023;24286;October;Oct;10;Sunday;Sun;1;0;2205
16.10.2023;20231016;2023;Q4-2023;8096;Q4;01.10.2023;01.10.2023;24286;October;Oct;10;Monday;Mon;2;1;2206
17.10.2023;20231017;2023;Q4-2023;8096;Q4;01.10.2023;01.10.2023;24286;October;Oct;10;Tuesday;Tue;3;1;2207
18.10.2023;20231018;2023;Q4-2023;8096;Q4;01.10.2023;01.10.2023;24286;October;Oct;10;Wednesday;Wed;4;1;2208
19.10.2023;20231019;2023;Q4-2023;8096;Q4;01.10.2023;01.10.2023;24286;October;Oct;10;Thursday;Thu;5;1;2209
20.10.2023;20231020;2023;Q4-2023;8096;Q4;01.10.2023;01.10.2023;24286;October;Oct;10;Friday;Fri;6;1;2210
21.10.2023;20231021;2023;Q4-2023;8096;Q4;01.10.2023;01.10.2023;24286;October;Oct;10;Saturday;Sat;7;0;2210
22.10.2023;20231022;2023;Q4-2023;8096;Q4;01.10.2023;01.10.2023;24286;October;Oct;10;Sunday;Sun;1;0;2210
23.10.2023;20231023;2023;Q4-2023;8096;Q4;01.10.2023;01.10.2023;24286;October;Oct;10;Monday;Mon;2;1;2211
24.10.2023;20231024;2023;Q4-2023;8096;Q4;01.10.2023;01.10.2023;24286;October;Oct;10;Tuesday;Tue;3;1;2212
25.10.2023;20231025;2023;Q4-2023;8096;Q4;01.10.2023;01.10.2023;24286;October;Oct;10;Wednesday;Wed;4;1;2213
26.10.2023;20231026;2023;Q4-2023;8096;Q4;01.10.2023;01.10.2023;24286;October;Oct;10;Thursday;Thu;5;1;2214
27.10.2023;20231027;2023;Q4-2023;8096;Q4;01.10.2023;01.10.2023;24286;October;Oct;10;Friday;Fri;6;1;2215
28.10.2023;20231028;2023;Q4-2023;8096;Q4;01.10.2023;01.10.2023;24286;October;Oct;10;Saturday;Sat;7;0;2215
29.10.2023;20231029;2023;Q4-2023;8096;Q4;01.10.2023;01.10.2023;24286;October;Oct;10;Sunday;Sun;1;0;2215
30.10.2023;20231030;2023;Q4-2023;8096;Q4;01.10.2023;01.10.2023;24286;October;Oct;10;Monday;Mon;2;1;2216
31.10.2023;20231031;2023;Q4-2023;8096;Q4;01.10.2023;01.10.2023;24286;October;Oct;10;Tuesday;Tue;3;1;2217
01.11.2023;20231101;2023;Q4-2023;8096;Q4;01.11.2023;01.11.2023;24287;November;Nov;11;Wednesday;Wed;4;1;2218
02.11.2023;20231102;2023;Q4-2023;8096;Q4;01.11.2023;01.11.2023;24287;November;Nov;11;Thursday;Thu;5;1;2219
03.11.2023;20231103;2023;Q4-2023;8096;Q4;01.11.2023;01.11.2023;24287;November;Nov;11;Friday;Fri;6;1;2220
04.11.2023;20231104;2023;Q4-2023;8096;Q4;01.11.2023;01.11.2023;24287;November;Nov;11;Saturday;Sat;7;0;2220
05.11.2023;20231105;2023;Q4-2023;8096;Q4;01.11.2023;01.11.2023;24287;November;Nov;11;Sunday;Sun;1;0;2220
06.11.2023;20231106;2023;Q4-2023;8096;Q4;01.11.2023;01.11.2023;24287;November;Nov;11;Monday;Mon;2;1;2221
07.11.2023;20231107;2023;Q4-2023;8096;Q4;01.11.2023;01.11.2023;24287;November;Nov;11;Tuesday;Tue;3;1;2222
08.11.2023;20231108;2023;Q4-2023;8096;Q4;01.11.2023;01.11.2023;24287;November;Nov;11;Wednesday;Wed;4;1;2223
09.11.2023;20231109;2023;Q4-2023;8096;Q4;01.11.2023;01.11.2023;24287;November;Nov;11;Thursday;Thu;5;1;2224
10.11.2023;20231110;2023;Q4-2023;8096;Q4;01.11.2023;01.11.2023;24287;November;Nov;11;Friday;Fri;6;0;2224
11.11.2023;20231111;2023;Q4-2023;8096;Q4;01.11.2023;01.11.2023;24287;November;Nov;11;Saturday;Sat;7;0;2224
12.11.2023;20231112;2023;Q4-2023;8096;Q4;01.11.2023;01.11.2023;24287;November;Nov;11;Sunday;Sun;1;0;2224
13.11.2023;20231113;2023;Q4-2023;8096;Q4;01.11.2023;01.11.2023;24287;November;Nov;11;Monday;Mon;2;1;2225
14.11.2023;20231114;2023;Q4-2023;8096;Q4;01.11.2023;01.11.2023;24287;November;Nov;11;Tuesday;Tue;3;1;2226
15.11.2023;20231115;2023;Q4-2023;8096;Q4;01.11.2023;01.11.2023;24287;November;Nov;11;Wednesday;Wed;4;1;2227
16.11.2023;20231116;2023;Q4-2023;8096;Q4;01.11.2023;01.11.2023;24287;November;Nov;11;Thursday;Thu;5;1;2228
17.11.2023;20231117;2023;Q4-2023;8096;Q4;01.11.2023;01.11.2023;24287;November;Nov;11;Friday;Fri;6;1;2229
18.11.2023;20231118;2023;Q4-2023;8096;Q4;01.11.2023;01.11.2023;24287;November;Nov;11;Saturday;Sat;7;0;2229
19.11.2023;20231119;2023;Q4-2023;8096;Q4;01.11.2023;01.11.2023;24287;November;Nov;11;Sunday;Sun;1;0;2229
20.11.2023;20231120;2023;Q4-2023;8096;Q4;01.11.2023;01.11.2023;24287;November;Nov;11;Monday;Mon;2;1;2230
21.11.2023;20231121;2023;Q4-2023;8096;Q4;01.11.2023;01.11.2023;24287;November;Nov;11;Tuesday;Tue;3;1;2231
22.11.2023;20231122;2023;Q4-2023;8096;Q4;01.11.2023;01.11.2023;24287;November;Nov;11;Wednesday;Wed;4;1;2232
23.11.2023;20231123;2023;Q4-2023;8096;Q4;01.11.2023;01.11.2023;24287;November;Nov;11;Thursday;Thu;5;0;2232
24.11.2023;20231124;2023;Q4-2023;8096;Q4;01.11.2023;01.11.2023;24287;November;Nov;11;Friday;Fri;6;1;2233
25.11.2023;20231125;2023;Q4-2023;8096;Q4;01.11.2023;01.11.2023;24287;November;Nov;11;Saturday;Sat;7;0;2233
26.11.2023;20231126;2023;Q4-2023;8096;Q4;01.11.2023;01.11.2023;24287;November;Nov;11;Sunday;Sun;1;0;2233
27.11.2023;20231127;2023;Q4-2023;8096;Q4;01.11.2023;01.11.2023;24287;November;Nov;11;Monday;Mon;2;1;2234
28.11.2023;20231128;2023;Q4-2023;8096;Q4;01.11.2023;01.11.2023;24287;November;Nov;11;Tuesday;Tue;3;1;2235
29.11.2023;20231129;2023;Q4-2023;8096;Q4;01.11.2023;01.11.2023;24287;November;Nov;11;Wednesday;Wed;4;1;2236
30.11.2023;20231130;2023;Q4-2023;8096;Q4;01.11.2023;01.11.2023;24287;November;Nov;11;Thursday;Thu;5;1;2237
01.12.2023;20231201;2023;Q4-2023;8096;Q4;01.12.2023;01.12.2023;24288;December;Dec;12;Friday;Fri;6;1;2238
02.12.2023;20231202;2023;Q4-2023;8096;Q4;01.12.2023;01.12.2023;24288;December;Dec;12;Saturday;Sat;7;0;2238
03.12.2023;20231203;2023;Q4-2023;8096;Q4;01.12.2023;01.12.2023;24288;December;Dec;12;Sunday;Sun;1;0;2238
04.12.2023;20231204;2023;Q4-2023;8096;Q4;01.12.2023;01.12.2023;24288;December;Dec;12;Monday;Mon;2;1;2239
05.12.2023;20231205;2023;Q4-2023;8096;Q4;01.12.2023;01.12.2023;24288;December;Dec;12;Tuesday;Tue;3;1;2240
06.12.2023;20231206;2023;Q4-2023;8096;Q4;01.12.2023;01.12.2023;24288;December;Dec;12;Wednesday;Wed;4;1;2241
07.12.2023;20231207;2023;Q4-2023;8096;Q4;01.12.2023;01.12.2023;24288;December;Dec;12;Thursday;Thu;5;1;2242
08.12.2023;20231208;2023;Q4-2023;8096;Q4;01.12.2023;01.12.2023;24288;December;Dec;12;Friday;Fri;6;1;2243
09.12.2023;20231209;2023;Q4-2023;8096;Q4;01.12.2023;01.12.2023;24288;December;Dec;12;Saturday;Sat;7;0;2243
10.12.2023;20231210;2023;Q4-2023;8096;Q4;01.12.2023;01.12.2023;24288;December;Dec;12;Sunday;Sun;1;0;2243
11.12.2023;20231211;2023;Q4-2023;8096;Q4;01.12.2023;01.12.2023;24288;December;Dec;12;Monday;Mon;2;1;2244
12.12.2023;20231212;2023;Q4-2023;8096;Q4;01.12.2023;01.12.2023;24288;December;Dec;12;Tuesday;Tue;3;1;2245
13.12.2023;20231213;2023;Q4-2023;8096;Q4;01.12.2023;01.12.2023;24288;December;Dec;12;Wednesday;Wed;4;1;2246
14.12.2023;20231214;2023;Q4-2023;8096;Q4;01.12.2023;01.12.2023;24288;December;Dec;12;Thursday;Thu;5;1;2247
15.12.2023;20231215;2023;Q4-2023;8096;Q4;01.12.2023;01.12.2023;24288;December;Dec;12;Friday;Fri;6;1;2248
16.12.2023;20231216;2023;Q4-2023;8096;Q4;01.12.2023;01.12.2023;24288;December;Dec;12;Saturday;Sat;7;0;2248
17.12.2023;20231217;2023;Q4-2023;8096;Q4;01.12.2023;01.12.2023;24288;December;Dec;12;Sunday;Sun;1;0;2248
18.12.2023;20231218;2023;Q4-2023;8096;Q4;01.12.2023;01.12.2023;24288;December;Dec;12;Monday;Mon;2;1;2249
19.12.2023;20231219;2023;Q4-2023;8096;Q4;01.12.2023;01.12.2023;24288;December;Dec;12;Tuesday;Tue;3;1;2250
20.12.2023;20231220;2023;Q4-2023;8096;Q4;01.12.2023;01.12.2023;24288;December;Dec;12;Wednesday;Wed;4;1;2251
21.12.2023;20231221;2023;Q4-2023;8096;Q4;01.12.2023;01.12.2023;24288;December;Dec;12;Thursday;Thu;5;1;2252
22.12.2023;20231222;2023;Q4-2023;8096;Q4;01.12.2023;01.12.2023;24288;December;Dec;12;Friday;Fri;6;1;2253
23.12.2023;20231223;2023;Q4-2023;8096;Q4;01.12.2023;01.12.2023;24288;December;Dec;12;Saturday;Sat;7;0;2253
24.12.2023;20231224;2023;Q4-2023;8096;Q4;01.12.2023;01.12.2023;24288;December;Dec;12;Sunday;Sun;1;0;2253
25.12.2023;20231225;2023;Q4-2023;8096;Q4;01.12.2023;01.12.2023;24288;December;Dec;12;Monday;Mon;2;0;2253
26.12.2023;20231226;2023;Q4-2023;8096;Q4;01.12.2023;01.12.2023;24288;December;Dec;12;Tuesday;Tue;3;1;2254
27.12.2023;20231227;2023;Q4-2023;8096;Q4;01.12.2023;01.12.2023;24288;December;Dec;12;Wednesday;Wed;4;1;2255
28.12.2023;20231228;2023;Q4-2023;8096;Q4;01.12.2023;01.12.2023;24288;December;Dec;12;Thursday;Thu;5;1;2256
29.12.2023;20231229;2023;Q4-2023;8096;Q4;01.12.2023;01.12.2023;24288;December;Dec;12;Friday;Fri;6;1;2257
30.12.2023;20231230;2023;Q4-2023;8096;Q4;01.12.2023;01.12.2023;24288;December;Dec;12;Saturday;Sat;7;0;2257
31.12.2023;20231231;2023;Q4-2023;8096;Q4;01.12.2023;01.12.2023;24288;December;Dec;12;Sunday;Sun;1;0;2257
01.01.2024;20240101;2024;Q1-2024;8097;Q1;01.01.2024;01.01.2024;24289;January;Jan;1;Monday;Mon;2;0;2257
02.01.2024;20240102;2024;Q1-2024;8097;Q1;01.01.2024;01.01.2024;24289;January;Jan;1;Tuesday;Tue;3;1;2258
03.01.2024;20240103;2024;Q1-2024;8097;Q1;01.01.2024;01.01.2024;24289;January;Jan;1;Wednesday;Wed;4;1;2259
04.01.2024;20240104;2024;Q1-2024;8097;Q1;01.01.2024;01.01.2024;24289;January;Jan;1;Thursday;Thu;5;1;2260
05.01.2024;20240105;2024;Q1-2024;8097;Q1;01.01.2024;01.01.2024;24289;January;Jan;1;Friday;Fri;6;1;2261
06.01.2024;20240106;2024;Q1-2024;8097;Q1;01.01.2024;01.01.2024;24289;January;Jan;1;Saturday;Sat;7;0;2261
07.01.2024;20240107;2024;Q1-2024;8097;Q1;01.01.2024;01.01.2024;24289;January;Jan;1;Sunday;Sun;1;0;2261
08.01.2024;20240108;2024;Q1-2024;8097;Q1;01.01.2024;01.01.2024;24289;January;Jan;1;Monday;Mon;2;1;2262
09.01.2024;20240109;2024;Q1-2024;8097;Q1;01.01.2024;01.01.2024;24289;January;Jan;1;Tuesday;Tue;3;1;2263
10.01.2024;20240110;2024;Q1-2024;8097;Q1;01.01.2024;01.01.2024;24289;January;Jan;1;Wednesday;Wed;4;1;2264
11.01.2024;20240111;2024;Q1-2024;8097;Q1;01.01.2024;01.01.2024;24289;January;Jan;1;Thursday;Thu;5;1;2265
12.01.2024;20240112;2024;Q1-2024;8097;Q1;01.01.2024;01.01.2024;24289;January;Jan;1;Friday;Fri;6;1;2266
13.01.2024;20240113;2024;Q1-2024;8097;Q1;01.01.2024;01.01.2024;24289;January;Jan;1;Saturday;Sat;7;0;2266
14.01.2024;20240114;2024;Q1-2024;8097;Q1;01.01.2024;01.01.2024;24289;January;Jan;1;Sunday;Sun;1;0;2266
15.01.2024;20240115;2024;Q1-2024;8097;Q1;01.01.2024;01.01.2024;24289;January;Jan;1;Monday;Mon;2;0;2266
16.01.2024;20240116;2024;Q1-2024;8097;Q1;01.01.2024;01.01.2024;24289;January;Jan;1;Tuesday;Tue;3;1;2267
17.01.2024;20240117;2024;Q1-2024;8097;Q1;01.01.2024;01.01.2024;24289;January;Jan;1;Wednesday;Wed;4;1;2268
18.01.2024;20240118;2024;Q1-2024;8097;Q1;01.01.2024;01.01.2024;24289;January;Jan;1;Thursday;Thu;5;1;2269
19.01.2024;20240119;2024;Q1-2024;8097;Q1;01.01.2024;01.01.2024;24289;January;Jan;1;Friday;Fri;6;1;2270
20.01.2024;20240120;2024;Q1-2024;8097;Q1;01.01.2024;01.01.2024;24289;January;Jan;1;Saturday;Sat;7;0;2270
21.01.2024;20240121;2024;Q1-2024;8097;Q1;01.01.2024;01.01.2024;24289;January;Jan;1;Sunday;Sun;1;0;2270
22.01.2024;20240122;2024;Q1-2024;8097;Q1;01.01.2024;01.01.2024;24289;January;Jan;1;Monday;Mon;2;1;2271
23.01.2024;20240123;2024;Q1-2024;8097;Q1;01.01.2024;01.01.2024;24289;January;Jan;1;Tuesday;Tue;3;1;2272
24.01.2024;20240124;2024;Q1-2024;8097;Q1;01.01.2024;01.01.2024;24289;January;Jan;1;Wednesday;Wed;4;1;2273
25.01.2024;20240125;2024;Q1-2024;8097;Q1;01.01.2024;01.01.2024;24289;January;Jan;1;Thursday;Thu;5;1;2274
26.01.2024;20240126;2024;Q1-2024;8097;Q1;01.01.2024;01.01.2024;24289;January;Jan;1;Friday;Fri;6;1;2275
27.01.2024;20240127;2024;Q1-2024;8097;Q1;01.01.2024;01.01.2024;24289;January;Jan;1;Saturday;Sat;7;0;2275
28.01.2024;20240128;2024;Q1-2024;8097;Q1;01.01.2024;01.01.2024;24289;January;Jan;1;Sunday;Sun;1;0;2275
29.01.2024;20240129;2024;Q1-2024;8097;Q1;01.01.2024;01.01.2024;24289;January;Jan;1;Monday;Mon;2;1;2276
30.01.2024;20240130;2024;Q1-2024;8097;Q1;01.01.2024;01.01.2024;24289;January;Jan;1;Tuesday;Tue;3;1;2277
31.01.2024;20240131;2024;Q1-2024;8097;Q1;01.01.2024;01.01.2024;24289;January;Jan;1;Wednesday;Wed;4;1;2278
01.02.2024;20240201;2024;Q1-2024;8097;Q1;01.02.2024;01.02.2024;24290;February;Feb;2;Thursday;Thu;5;1;2279
02.02.2024;20240202;2024;Q1-2024;8097;Q1;01.02.2024;01.02.2024;24290;February;Feb;2;Friday;Fri;6;1;2280
03.02.2024;20240203;2024;Q1-2024;8097;Q1;01.02.2024;01.02.2024;24290;February;Feb;2;Saturday;Sat;7;0;2280
04.02.2024;20240204;2024;Q1-2024;8097;Q1;01.02.2024;01.02.2024;24290;February;Feb;2;Sunday;Sun;1;0;2280
05.02.2024;20240205;2024;Q1-2024;8097;Q1;01.02.2024;01.02.2024;24290;February;Feb;2;Monday;Mon;2;1;2281
06.02.2024;20240206;2024;Q1-2024;8097;Q1;01.02.2024;01.02.2024;24290;February;Feb;2;Tuesday;Tue;3;1;2282
07.02.2024;20240207;2024;Q1-2024;8097;Q1;01.02.2024;01.02.2024;24290;February;Feb;2;Wednesday;Wed;4;1;2283
08.02.2024;20240208;2024;Q1-2024;8097;Q1;01.02.2024;01.02.2024;24290;February;Feb;2;Thursday;Thu;5;1;2284
09.02.2024;20240209;2024;Q1-2024;8097;Q1;01.02.2024;01.02.2024;24290;February;Feb;2;Friday;Fri;6;1;2285
10.02.2024;20240210;2024;Q1-2024;8097;Q1;01.02.2024;01.02.2024;24290;February;Feb;2;Saturday;Sat;7;0;2285
11.02.2024;20240211;2024;Q1-2024;8097;Q1;01.02.2024;01.02.2024;24290;February;Feb;2;Sunday;Sun;1;0;2285
12.02.2024;20240212;2024;Q1-2024;8097;Q1;01.02.2024;01.02.2024;24290;February;Feb;2;Monday;Mon;2;1;2286
13.02.2024;20240213;2024;Q1-2024;8097;Q1;01.02.2024;01.02.2024;24290;February;Feb;2;Tuesday;Tue;3;1;2287
14.02.2024;20240214;2024;Q1-2024;8097;Q1;01.02.2024;01.02.2024;24290;February;Feb;2;Wednesday;Wed;4;1;2288
15.02.2024;20240215;2024;Q1-2024;8097;Q1;01.02.2024;01.02.2024;24290;February;Feb;2;Thursday;Thu;5;1;2289
16.02.2024;20240216;2024;Q1-2024;8097;Q1;01.02.2024;01.02.2024;24290;February;Feb;2;Friday;Fri;6;1;2290
17.02.2024;20240217;2024;Q1-2024;8097;Q1;01.02.2024;01.02.2024;24290;February;Feb;2;Saturday;Sat;7;0;2290
18.02.2024;20240218;2024;Q1-2024;8097;Q1;01.02.2024;01.02.2024;24290;February;Feb;2;Sunday;Sun;1;0;2290
19.02.2024;20240219;2024;Q1-2024;8097;Q1;01.02.2024;01.02.2024;24290;February;Feb;2;Monday;Mon;2;0;2290
20.02.2024;20240220;2024;Q1-2024;8097;Q1;01.02.2024;01.02.2024;24290;February;Feb;2;Tuesday;Tue;3;1;2291
21.02.2024;20240221;2024;Q1-2024;8097;Q1;01.02.2024;01.02.2024;24290;February;Feb;2;Wednesday;Wed;4;1;2292
22.02.2024;20240222;2024;Q1-2024;8097;Q1;01.02.2024;01.02.2024;24290;February;Feb;2;Thursday;Thu;5;1;2293
23.02.2024;20240223;2024;Q1-2024;8097;Q1;01.02.2024;01.02.2024;24290;February;Feb;2;Friday;Fri;6;1;2294
24.02.2024;20240224;2024;Q1-2024;8097;Q1;01.02.2024;01.02.2024;24290;February;Feb;2;Saturday;Sat;7;0;2294
25.02.2024;20240225;2024;Q1-2024;8097;Q1;01.02.2024;01.02.2024;24290;February;Feb;2;Sunday;Sun;1;0;2294
26.02.2024;20240226;2024;Q1-2024;8097;Q1;01.02.2024;01.02.2024;24290;February;Feb;2;Monday;Mon;2;1;2295
27.02.2024;20240227;2024;Q1-2024;8097;Q1;01.02.2024;01.02.2024;24290;February;Feb;2;Tuesday;Tue;3;1;2296
28.02.2024;20240228;2024;Q1-2024;8097;Q1;01.02.2024;01.02.2024;24290;February;Feb;2;Wednesday;Wed;4;1;2297
29.02.2024;20240229;2024;Q1-2024;8097;Q1;01.02.2024;01.02.2024;24290;February;Feb;2;Thursday;Thu;5;1;2298
01.03.2024;20240301;2024;Q1-2024;8097;Q1;01.03.2024;01.03.2024;24291;March;Mar;3;Friday;Fri;6;1;2299
02.03.2024;20240302;2024;Q1-2024;8097;Q1;01.03.2024;01.03.2024;24291;March;Mar;3;Saturday;Sat;7;0;2299
03.03.2024;20240303;2024;Q1-2024;8097;Q1;01.03.2024;01.03.2024;24291;March;Mar;3;Sunday;Sun;1;0;2299
04.03.2024;20240304;2024;Q1-2024;8097;Q1;01.03.2024;01.03.2024;24291;March;Mar;3;Monday;Mon;2;1;2300
05.03.2024;20240305;2024;Q1-2024;8097;Q1;01.03.2024;01.03.2024;24291;March;Mar;3;Tuesday;Tue;3;1;2301
06.03.2024;20240306;2024;Q1-2024;8097;Q1;01.03.2024;01.03.2024;24291;March;Mar;3;Wednesday;Wed;4;1;2302
07.03.2024;20240307;2024;Q1-2024;8097;Q1;01.03.2024;01.03.2024;24291;March;Mar;3;Thursday;Thu;5;1;2303
08.03.2024;20240308;2024;Q1-2024;8097;Q1;01.03.2024;01.03.2024;24291;March;Mar;3;Friday;Fri;6;1;2304
09.03.2024;20240309;2024;Q1-2024;8097;Q1;01.03.2024;01.03.2024;24291;March;Mar;3;Saturday;Sat;7;0;2304
10.03.2024;20240310;2024;Q1-2024;8097;Q1;01.03.2024;01.03.2024;24291;March;Mar;3;Sunday;Sun;1;0;2304
11.03.2024;20240311;2024;Q1-2024;8097;Q1;01.03.2024;01.03.2024;24291;March;Mar;3;Monday;Mon;2;1;2305
12.03.2024;20240312;2024;Q1-2024;8097;Q1;01.03.2024;01.03.2024;24291;March;Mar;3;Tuesday;Tue;3;1;2306
13.03.2024;20240313;2024;Q1-2024;8097;Q1;01.03.2024;01.03.2024;24291;March;Mar;3;Wednesday;Wed;4;1;2307
14.03.2024;20240314;2024;Q1-2024;8097;Q1;01.03.2024;01.03.2024;24291;March;Mar;3;Thursday;Thu;5;1;2308
15.03.2024;20240315;2024;Q1-2024;8097;Q1;01.03.2024;01.03.2024;24291;March;Mar;3;Friday;Fri;6;1;2309
16.03.2024;20240316;2024;Q1-2024;8097;Q1;01.03.2024;01.03.2024;24291;March;Mar;3;Saturday;Sat;7;0;2309
17.03.2024;20240317;2024;Q1-2024;8097;Q1;01.03.2024;01.03.2024;24291;March;Mar;3;Sunday;Sun;1;0;2309
18.03.2024;20240318;2024;Q1-2024;8097;Q1;01.03.2024;01.03.2024;24291;March;Mar;3;Monday;Mon;2;1;2310
19.03.2024;20240319;2024;Q1-2024;8097;Q1;01.03.2024;01.03.2024;24291;March;Mar;3;Tuesday;Tue;3;1;2311
20.03.2024;20240320;2024;Q1-2024;8097;Q1;01.03.2024;01.03.2024;24291;March;Mar;3;Wednesday;Wed;4;1;2312
21.03.2024;20240321;2024;Q1-2024;8097;Q1;01.03.2024;01.03.2024;24291;March;Mar;3;Thursday;Thu;5;1;2313
22.03.2024;20240322;2024;Q1-2024;8097;Q1;01.03.2024;01.03.2024;24291;March;Mar;3;Friday;Fri;6;1;2314
23.03.2024;20240323;2024;Q1-2024;8097;Q1;01.03.2024;01.03.2024;24291;March;Mar;3;Saturday;Sat;7;0;2314
24.03.2024;20240324;2024;Q1-2024;8097;Q1;01.03.2024;01.03.2024;24291;March;Mar;3;Sunday;Sun;1;0;2314
25.03.2024;20240325;2024;Q1-2024;8097;Q1;01.03.2024;01.03.2024;24291;March;Mar;3;Monday;Mon;2;1;2315
26.03.2024;20240326;2024;Q1-2024;8097;Q1;01.03.2024;01.03.2024;24291;March;Mar;3;Tuesday;Tue;3;1;2316
27.03.2024;20240327;2024;Q1-2024;8097;Q1;01.03.2024;01.03.2024;24291;March;Mar;3;Wednesday;Wed;4;1;2317
28.03.2024;20240328;2024;Q1-2024;8097;Q1;01.03.2024;01.03.2024;24291;March;Mar;3;Thursday;Thu;5;1;2318
29.03.2024;20240329;2024;Q1-2024;8097;Q1;01.03.2024;01.03.2024;24291;March;Mar;3;Friday;Fri;6;1;2319
30.03.2024;20240330;2024;Q1-2024;8097;Q1;01.03.2024;01.03.2024;24291;March;Mar;3;Saturday;Sat;7;0;2319
31.03.2024;20240331;2024;Q1-2024;8097;Q1;01.03.2024;01.03.2024;24291;March;Mar;3;Sunday;Sun;1;0;2319
01.04.2024;20240401;2024;Q2-2024;8098;Q2;01.04.2024;01.04.2024;24292;April;Apr;4;Monday;Mon;2;1;2320
02.04.2024;20240402;2024;Q2-2024;8098;Q2;01.04.2024;01.04.2024;24292;April;Apr;4;Tuesday;Tue;3;1;2321
03.04.2024;20240403;2024;Q2-2024;8098;Q2;01.04.2024;01.04.2024;24292;April;Apr;4;Wednesday;Wed;4;1;2322
04.04.2024;20240404;2024;Q2-2024;8098;Q2;01.04.2024;01.04.2024;24292;April;Apr;4;Thursday;Thu;5;1;2323
05.04.2024;20240405;2024;Q2-2024;8098;Q2;01.04.2024;01.04.2024;24292;April;Apr;4;Friday;Fri;6;1;2324
06.04.2024;20240406;2024;Q2-2024;8098;Q2;01.04.2024;01.04.2024;24292;April;Apr;4;Saturday;Sat;7;0;2324
07.04.2024;20240407;2024;Q2-2024;8098;Q2;01.04.2024;01.04.2024;24292;April;Apr;4;Sunday;Sun;1;0;2324
08.04.2024;20240408;2024;Q2-2024;8098;Q2;01.04.2024;01.04.2024;24292;April;Apr;4;Monday;Mon;2;1;2325
09.04.2024;20240409;2024;Q2-2024;8098;Q2;01.04.2024;01.04.2024;24292;April;Apr;4;Tuesday;Tue;3;1;2326
10.04.2024;20240410;2024;Q2-2024;8098;Q2;01.04.2024;01.04.2024;24292;April;Apr;4;Wednesday;Wed;4;1;2327
11.04.2024;20240411;2024;Q2-2024;8098;Q2;01.04.2024;01.04.2024;24292;April;Apr;4;Thursday;Thu;5;1;2328
12.04.2024;20240412;2024;Q2-2024;8098;Q2;01.04.2024;01.04.2024;24292;April;Apr;4;Friday;Fri;6;1;2329
13.04.2024;20240413;2024;Q2-2024;8098;Q2;01.04.2024;01.04.2024;24292;April;Apr;4;Saturday;Sat;7;0;2329
14.04.2024;20240414;2024;Q2-2024;8098;Q2;01.04.2024;01.04.2024;24292;April;Apr;4;Sunday;Sun;1;0;2329
15.04.2024;20240415;2024;Q2-2024;8098;Q2;01.04.2024;01.04.2024;24292;April;Apr;4;Monday;Mon;2;1;2330
16.04.2024;20240416;2024;Q2-2024;8098;Q2;01.04.2024;01.04.2024;24292;April;Apr;4;Tuesday;Tue;3;1;2331
17.04.2024;20240417;2024;Q2-2024;8098;Q2;01.04.2024;01.04.2024;24292;April;Apr;4;Wednesday;Wed;4;1;2332
18.04.2024;20240418;2024;Q2-2024;8098;Q2;01.04.2024;01.04.2024;24292;April;Apr;4;Thursday;Thu;5;1;2333
19.04.2024;20240419;2024;Q2-2024;8098;Q2;01.04.2024;01.04.2024;24292;April;Apr;4;Friday;Fri;6;1;2334
20.04.2024;20240420;2024;Q2-2024;8098;Q2;01.04.2024;01.04.2024;24292;April;Apr;4;Saturday;Sat;7;0;2334
21.04.2024;20240421;2024;Q2-2024;8098;Q2;01.04.2024;01.04.2024;24292;April;Apr;4;Sunday;Sun;1;0;2334
22.04.2024;20240422;2024;Q2-2024;8098;Q2;01.04.2024;01.04.2024;24292;April;Apr;4;Monday;Mon;2;1;2335
23.04.2024;20240423;2024;Q2-2024;8098;Q2;01.04.2024;01.04.2024;24292;April;Apr;4;Tuesday;Tue;3;1;2336
24.04.2024;20240424;2024;Q2-2024;8098;Q2;01.04.2024;01.04.2024;24292;April;Apr;4;Wednesday;Wed;4;1;2337
25.04.2024;20240425;2024;Q2-2024;8098;Q2;01.04.2024;01.04.2024;24292;April;Apr;4;Thursday;Thu;5;1;2338
26.04.2024;20240426;2024;Q2-2024;8098;Q2;01.04.2024;01.04.2024;24292;April;Apr;4;Friday;Fri;6;1;2339
27.04.2024;20240427;2024;Q2-2024;8098;Q2;01.04.2024;01.04.2024;24292;April;Apr;4;Saturday;Sat;7;0;2339
28.04.2024;20240428;2024;Q2-2024;8098;Q2;01.04.2024;01.04.2024;24292;April;Apr;4;Sunday;Sun;1;0;2339
29.04.2024;20240429;2024;Q2-2024;8098;Q2;01.04.2024;01.04.2024;24292;April;Apr;4;Monday;Mon;2;1;2340
30.04.2024;20240430;2024;Q2-2024;8098;Q2;01.04.2024;01.04.2024;24292;April;Apr;4;Tuesday;Tue;3;1;2341
01.05.2024;20240501;2024;Q2-2024;8098;Q2;01.05.2024;01.05.2024;24293;May;May;5;Wednesday;Wed;4;1;2342
02.05.2024;20240502;2024;Q2-2024;8098;Q2;01.05.2024;01.05.2024;24293;May;May;5;Thursday;Thu;5;1;2343
03.05.2024;20240503;2024;Q2-2024;8098;Q2;01.05.2024;01.05.2024;24293;May;May;5;Friday;Fri;6;1;2344
04.05.2024;20240504;2024;Q2-2024;8098;Q2;01.05.2024;01.05.2024;24293;May;May;5;Saturday;Sat;7;0;2344
05.05.2024;20240505;2024;Q2-2024;8098;Q2;01.05.2024;01.05.2024;24293;May;May;5;Sunday;Sun;1;0;2344
06.05.2024;20240506;2024;Q2-2024;8098;Q2;01.05.2024;01.05.2024;24293;May;May;5;Monday;Mon;2;1;2345
07.05.2024;20240507;2024;Q2-2024;8098;Q2;01.05.2024;01.05.2024;24293;May;May;5;Tuesday;Tue;3;1;2346
08.05.2024;20240508;2024;Q2-2024;8098;Q2;01.05.2024;01.05.2024;24293;May;May;5;Wednesday;Wed;4;1;2347
09.05.2024;20240509;2024;Q2-2024;8098;Q2;01.05.2024;01.05.2024;24293;May;May;5;Thursday;Thu;5;1;2348
10.05.2024;20240510;2024;Q2-2024;8098;Q2;01.05.2024;01.05.2024;24293;May;May;5;Friday;Fri;6;1;2349
11.05.2024;20240511;2024;Q2-2024;8098;Q2;01.05.2024;01.05.2024;24293;May;May;5;Saturday;Sat;7;0;2349
12.05.2024;20240512;2024;Q2-2024;8098;Q2;01.05.2024;01.05.2024;24293;May;May;5;Sunday;Sun;1;0;2349
13.05.2024;20240513;2024;Q2-2024;8098;Q2;01.05.2024;01.05.2024;24293;May;May;5;Monday;Mon;2;1;2350
14.05.2024;20240514;2024;Q2-2024;8098;Q2;01.05.2024;01.05.2024;24293;May;May;5;Tuesday;Tue;3;1;2351
15.05.2024;20240515;2024;Q2-2024;8098;Q2;01.05.2024;01.05.2024;24293;May;May;5;Wednesday;Wed;4;1;2352
16.05.2024;20240516;2024;Q2-2024;8098;Q2;01.05.2024;01.05.2024;24293;May;May;5;Thursday;Thu;5;1;2353
17.05.2024;20240517;2024;Q2-2024;8098;Q2;01.05.2024;01.05.2024;24293;May;May;5;Friday;Fri;6;1;2354
18.05.2024;20240518;2024;Q2-2024;8098;Q2;01.05.2024;01.05.2024;24293;May;May;5;Saturday;Sat;7;0;2354
19.05.2024;20240519;2024;Q2-2024;8098;Q2;01.05.2024;01.05.2024;24293;May;May;5;Sunday;Sun;1;0;2354
20.05.2024;20240520;2024;Q2-2024;8098;Q2;01.05.2024;01.05.2024;24293;May;May;5;Monday;Mon;2;1;2355
21.05.2024;20240521;2024;Q2-2024;8098;Q2;01.05.2024;01.05.2024;24293;May;May;5;Tuesday;Tue;3;1;2356
22.05.2024;20240522;2024;Q2-2024;8098;Q2;01.05.2024;01.05.2024;24293;May;May;5;Wednesday;Wed;4;1;2357
23.05.2024;20240523;2024;Q2-2024;8098;Q2;01.05.2024;01.05.2024;24293;May;May;5;Thursday;Thu;5;1;2358
24.05.2024;20240524;2024;Q2-2024;8098;Q2;01.05.2024;01.05.2024;24293;May;May;5;Friday;Fri;6;1;2359
25.05.2024;20240525;2024;Q2-2024;8098;Q2;01.05.2024;01.05.2024;24293;May;May;5;Saturday;Sat;7;0;2359
26.05.2024;20240526;2024;Q2-2024;8098;Q2;01.05.2024;01.05.2024;24293;May;May;5;Sunday;Sun;1;0;2359
27.05.2024;20240527;2024;Q2-2024;8098;Q2;01.05.2024;01.05.2024;24293;May;May;5;Monday;Mon;2;0;2359
28.05.2024;20240528;2024;Q2-2024;8098;Q2;01.05.2024;01.05.2024;24293;May;May;5;Tuesday;Tue;3;1;2360
29.05.2024;20240529;2024;Q2-2024;8098;Q2;01.05.2024;01.05.2024;24293;May;May;5;Wednesday;Wed;4;1;2361
30.05.2024;20240530;2024;Q2-2024;8098;Q2;01.05.2024;01.05.2024;24293;May;May;5;Thursday;Thu;5;1;2362
31.05.2024;20240531;2024;Q2-2024;8098;Q2;01.05.2024;01.05.2024;24293;May;May;5;Friday;Fri;6;1;2363
01.06.2024;20240601;2024;Q2-2024;8098;Q2;01.06.2024;01.06.2024;24294;June;Jun;6;Saturday;Sat;7;0;2363
02.06.2024;20240602;2024;Q2-2024;8098;Q2;01.06.2024;01.06.2024;24294;June;Jun;6;Sunday;Sun;1;0;2363
03.06.2024;20240603;2024;Q2-2024;8098;Q2;01.06.2024;01.06.2024;24294;June;Jun;6;Monday;Mon;2;1;2364
04.06.2024;20240604;2024;Q2-2024;8098;Q2;01.06.2024;01.06.2024;24294;June;Jun;6;Tuesday;Tue;3;1;2365
05.06.2024;20240605;2024;Q2-2024;8098;Q2;01.06.2024;01.06.2024;24294;June;Jun;6;Wednesday;Wed;4;1;2366
06.06.2024;20240606;2024;Q2-2024;8098;Q2;01.06.2024;01.06.2024;24294;June;Jun;6;Thursday;Thu;5;1;2367
07.06.2024;20240607;2024;Q2-2024;8098;Q2;01.06.2024;01.06.2024;24294;June;Jun;6;Friday;Fri;6;1;2368
08.06.2024;20240608;2024;Q2-2024;8098;Q2;01.06.2024;01.06.2024;24294;June;Jun;6;Saturday;Sat;7;0;2368
09.06.2024;20240609;2024;Q2-2024;8098;Q2;01.06.2024;01.06.2024;24294;June;Jun;6;Sunday;Sun;1;0;2368
10.06.2024;20240610;2024;Q2-2024;8098;Q2;01.06.2024;01.06.2024;24294;June;Jun;6;Monday;Mon;2;1;2369
11.06.2024;20240611;2024;Q2-2024;8098;Q2;01.06.2024;01.06.2024;24294;June;Jun;6;Tuesday;Tue;3;1;2370
12.06.2024;20240612;2024;Q2-2024;8098;Q2;01.06.2024;01.06.2024;24294;June;Jun;6;Wednesday;Wed;4;1;2371
13.06.2024;20240613;2024;Q2-2024;8098;Q2;01.06.2024;01.06.2024;24294;June;Jun;6;Thursday;Thu;5;1;2372
14.06.2024;20240614;2024;Q2-2024;8098;Q2;01.06.2024;01.06.2024;24294;June;Jun;6;Friday;Fri;6;1;2373
15.06.2024;20240615;2024;Q2-2024;8098;Q2;01.06.2024;01.06.2024;24294;June;Jun;6;Saturday;Sat;7;0;2373
16.06.2024;20240616;2024;Q2-2024;8098;Q2;01.06.2024;01.06.2024;24294;June;Jun;6;Sunday;Sun;1;0;2373
17.06.2024;20240617;2024;Q2-2024;8098;Q2;01.06.2024;01.06.2024;24294;June;Jun;6;Monday;Mon;2;1;2374
18.06.2024;20240618;2024;Q2-2024;8098;Q2;01.06.2024;01.06.2024;24294;June;Jun;6;Tuesday;Tue;3;1;2375
19.06.2024;20240619;2024;Q2-2024;8098;Q2;01.06.2024;01.06.2024;24294;June;Jun;6;Wednesday;Wed;4;1;2376
20.06.2024;20240620;2024;Q2-2024;8098;Q2;01.06.2024;01.06.2024;24294;June;Jun;6;Thursday;Thu;5;1;2377
21.06.2024;20240621;2024;Q2-2024;8098;Q2;01.06.2024;01.06.2024;24294;June;Jun;6;Friday;Fri;6;1;2378
22.06.2024;20240622;2024;Q2-2024;8098;Q2;01.06.2024;01.06.2024;24294;June;Jun;6;Saturday;Sat;7;0;2378
23.06.2024;20240623;2024;Q2-2024;8098;Q2;01.06.2024;01.06.2024;24294;June;Jun;6;Sunday;Sun;1;0;2378
24.06.2024;20240624;2024;Q2-2024;8098;Q2;01.06.2024;01.06.2024;24294;June;Jun;6;Monday;Mon;2;1;2379
25.06.2024;20240625;2024;Q2-2024;8098;Q2;01.06.2024;01.06.2024;24294;June;Jun;6;Tuesday;Tue;3;1;2380
26.06.2024;20240626;2024;Q2-2024;8098;Q2;01.06.2024;01.06.2024;24294;June;Jun;6;Wednesday;Wed;4;1;2381
27.06.2024;20240627;2024;Q2-2024;8098;Q2;01.06.2024;01.06.2024;24294;June;Jun;6;Thursday;Thu;5;1;2382
28.06.2024;20240628;2024;Q2-2024;8098;Q2;01.06.2024;01.06.2024;24294;June;Jun;6;Friday;Fri;6;1;2383
29.06.2024;20240629;2024;Q2-2024;8098;Q2;01.06.2024;01.06.2024;24294;June;Jun;6;Saturday;Sat;7;0;2383
30.06.2024;20240630;2024;Q2-2024;8098;Q2;01.06.2024;01.06.2024;24294;June;Jun;6;Sunday;Sun;1;0;2383
01.07.2024;20240701;2024;Q3-2024;8099;Q3;01.07.2024;01.07.2024;24295;July;Jul;7;Monday;Mon;2;1;2384
02.07.2024;20240702;2024;Q3-2024;8099;Q3;01.07.2024;01.07.2024;24295;July;Jul;7;Tuesday;Tue;3;1;2385
03.07.2024;20240703;2024;Q3-2024;8099;Q3;01.07.2024;01.07.2024;24295;July;Jul;7;Wednesday;Wed;4;1;2386
04.07.2024;20240704;2024;Q3-2024;8099;Q3;01.07.2024;01.07.2024;24295;July;Jul;7;Thursday;Thu;5;0;2386
05.07.2024;20240705;2024;Q3-2024;8099;Q3;01.07.2024;01.07.2024;24295;July;Jul;7;Friday;Fri;6;1;2387
06.07.2024;20240706;2024;Q3-2024;8099;Q3;01.07.2024;01.07.2024;24295;July;Jul;7;Saturday;Sat;7;0;2387
07.07.2024;20240707;2024;Q3-2024;8099;Q3;01.07.2024;01.07.2024;24295;July;Jul;7;Sunday;Sun;1;0;2387
08.07.2024;20240708;2024;Q3-2024;8099;Q3;01.07.2024;01.07.2024;24295;July;Jul;7;Monday;Mon;2;1;2388
09.07.2024;20240709;2024;Q3-2024;8099;Q3;01.07.2024;01.07.2024;24295;July;Jul;7;Tuesday;Tue;3;1;2389
10.07.2024;20240710;2024;Q3-2024;8099;Q3;01.07.2024;01.07.2024;24295;July;Jul;7;Wednesday;Wed;4;1;2390
11.07.2024;20240711;2024;Q3-2024;8099;Q3;01.07.2024;01.07.2024;24295;July;Jul;7;Thursday;Thu;5;1;2391
12.07.2024;20240712;2024;Q3-2024;8099;Q3;01.07.2024;01.07.2024;24295;July;Jul;7;Friday;Fri;6;1;2392
13.07.2024;20240713;2024;Q3-2024;8099;Q3;01.07.2024;01.07.2024;24295;July;Jul;7;Saturday;Sat;7;0;2392
14.07.2024;20240714;2024;Q3-2024;8099;Q3;01.07.2024;01.07.2024;24295;July;Jul;7;Sunday;Sun;1;0;2392
15.07.2024;20240715;2024;Q3-2024;8099;Q3;01.07.2024;01.07.2024;24295;July;Jul;7;Monday;Mon;2;1;2393
16.07.2024;20240716;2024;Q3-2024;8099;Q3;01.07.2024;01.07.2024;24295;July;Jul;7;Tuesday;Tue;3;1;2394
17.07.2024;20240717;2024;Q3-2024;8099;Q3;01.07.2024;01.07.2024;24295;July;Jul;7;Wednesday;Wed;4;1;2395
18.07.2024;20240718;2024;Q3-2024;8099;Q3;01.07.2024;01.07.2024;24295;July;Jul;7;Thursday;Thu;5;1;2396
19.07.2024;20240719;2024;Q3-2024;8099;Q3;01.07.2024;01.07.2024;24295;July;Jul;7;Friday;Fri;6;1;2397
20.07.2024;20240720;2024;Q3-2024;8099;Q3;01.07.2024;01.07.2024;24295;July;Jul;7;Saturday;Sat;7;0;2397
21.07.2024;20240721;2024;Q3-2024;8099;Q3;01.07.2024;01.07.2024;24295;July;Jul;7;Sunday;Sun;1;0;2397
22.07.2024;20240722;2024;Q3-2024;8099;Q3;01.07.2024;01.07.2024;24295;July;Jul;7;Monday;Mon;2;1;2398
23.07.2024;20240723;2024;Q3-2024;8099;Q3;01.07.2024;01.07.2024;24295;July;Jul;7;Tuesday;Tue;3;1;2399
24.07.2024;20240724;2024;Q3-2024;8099;Q3;01.07.2024;01.07.2024;24295;July;Jul;7;Wednesday;Wed;4;1;2400
25.07.2024;20240725;2024;Q3-2024;8099;Q3;01.07.2024;01.07.2024;24295;July;Jul;7;Thursday;Thu;5;1;2401
26.07.2024;20240726;2024;Q3-2024;8099;Q3;01.07.2024;01.07.2024;24295;July;Jul;7;Friday;Fri;6;1;2402
27.07.2024;20240727;2024;Q3-2024;8099;Q3;01.07.2024;01.07.2024;24295;July;Jul;7;Saturday;Sat;7;0;2402
28.07.2024;20240728;2024;Q3-2024;8099;Q3;01.07.2024;01.07.2024;24295;July;Jul;7;Sunday;Sun;1;0;2402
29.07.2024;20240729;2024;Q3-2024;8099;Q3;01.07.2024;01.07.2024;24295;July;Jul;7;Monday;Mon;2;1;2403
30.07.2024;20240730;2024;Q3-2024;8099;Q3;01.07.2024;01.07.2024;24295;July;Jul;7;Tuesday;Tue;3;1;2404
31.07.2024;20240731;2024;Q3-2024;8099;Q3;01.07.2024;01.07.2024;24295;July;Jul;7;Wednesday;Wed;4;1;2405
01.08.2024;20240801;2024;Q3-2024;8099;Q3;01.08.2024;01.08.2024;24296;August;Aug;8;Thursday;Thu;5;1;2406
02.08.2024;20240802;2024;Q3-2024;8099;Q3;01.08.2024;01.08.2024;24296;August;Aug;8;Friday;Fri;6;1;2407
03.08.2024;20240803;2024;Q3-2024;8099;Q3;01.08.2024;01.08.2024;24296;August;Aug;8;Saturday;Sat;7;0;2407
04.08.2024;20240804;2024;Q3-2024;8099;Q3;01.08.2024;01.08.2024;24296;August;Aug;8;Sunday;Sun;1;0;2407
05.08.2024;20240805;2024;Q3-2024;8099;Q3;01.08.2024;01.08.2024;24296;August;Aug;8;Monday;Mon;2;1;2408
06.08.2024;20240806;2024;Q3-2024;8099;Q3;01.08.2024;01.08.2024;24296;August;Aug;8;Tuesday;Tue;3;1;2409
07.08.2024;20240807;2024;Q3-2024;8099;Q3;01.08.2024;01.08.2024;24296;August;Aug;8;Wednesday;Wed;4;1;2410
08.08.2024;20240808;2024;Q3-2024;8099;Q3;01.08.2024;01.08.2024;24296;August;Aug;8;Thursday;Thu;5;1;2411
09.08.2024;20240809;2024;Q3-2024;8099;Q3;01.08.2024;01.08.2024;24296;August;Aug;8;Friday;Fri;6;1;2412
10.08.2024;20240810;2024;Q3-2024;8099;Q3;01.08.2024;01.08.2024;24296;August;Aug;8;Saturday;Sat;7;0;2412
11.08.2024;20240811;2024;Q3-2024;8099;Q3;01.08.2024;01.08.2024;24296;August;Aug;8;Sunday;Sun;1;0;2412
12.08.2024;20240812;2024;Q3-2024;8099;Q3;01.08.2024;01.08.2024;24296;August;Aug;8;Monday;Mon;2;1;2413
13.08.2024;20240813;2024;Q3-2024;8099;Q3;01.08.2024;01.08.2024;24296;August;Aug;8;Tuesday;Tue;3;1;2414
14.08.2024;20240814;2024;Q3-2024;8099;Q3;01.08.2024;01.08.2024;24296;August;Aug;8;Wednesday;Wed;4;1;2415
15.08.2024;20240815;2024;Q3-2024;8099;Q3;01.08.2024;01.08.2024;24296;August;Aug;8;Thursday;Thu;5;1;2416
16.08.2024;20240816;2024;Q3-2024;8099;Q3;01.08.2024;01.08.2024;24296;August;Aug;8;Friday;Fri;6;1;2417
17.08.2024;20240817;2024;Q3-2024;8099;Q3;01.08.2024;01.08.2024;24296;August;Aug;8;Saturday;Sat;7;0;2417
18.08.2024;20240818;2024;Q3-2024;8099;Q3;01.08.2024;01.08.2024;24296;August;Aug;8;Sunday;Sun;1;0;2417
19.08.2024;20240819;2024;Q3-2024;8099;Q3;01.08.2024;01.08.2024;24296;August;Aug;8;Monday;Mon;2;1;2418
20.08.2024;20240820;2024;Q3-2024;8099;Q3;01.08.2024;01.08.2024;24296;August;Aug;8;Tuesday;Tue;3;1;2419
21.08.2024;20240821;2024;Q3-2024;8099;Q3;01.08.2024;01.08.2024;24296;August;Aug;8;Wednesday;Wed;4;1;2420
22.08.2024;20240822;2024;Q3-2024;8099;Q3;01.08.2024;01.08.2024;24296;August;Aug;8;Thursday;Thu;5;1;2421
23.08.2024;20240823;2024;Q3-2024;8099;Q3;01.08.2024;01.08.2024;24296;August;Aug;8;Friday;Fri;6;1;2422
24.08.2024;20240824;2024;Q3-2024;8099;Q3;01.08.2024;01.08.2024;24296;August;Aug;8;Saturday;Sat;7;0;2422
25.08.2024;20240825;2024;Q3-2024;8099;Q3;01.08.2024;01.08.2024;24296;August;Aug;8;Sunday;Sun;1;0;2422
26.08.2024;20240826;2024;Q3-2024;8099;Q3;01.08.2024;01.08.2024;24296;August;Aug;8;Monday;Mon;2;1;2423
27.08.2024;20240827;2024;Q3-2024;8099;Q3;01.08.2024;01.08.2024;24296;August;Aug;8;Tuesday;Tue;3;1;2424
28.08.2024;20240828;2024;Q3-2024;8099;Q3;01.08.2024;01.08.2024;24296;August;Aug;8;Wednesday;Wed;4;1;2425
29.08.2024;20240829;2024;Q3-2024;8099;Q3;01.08.2024;01.08.2024;24296;August;Aug;8;Thursday;Thu;5;1;2426
30.08.2024;20240830;2024;Q3-2024;8099;Q3;01.08.2024;01.08.2024;24296;August;Aug;8;Friday;Fri;6;1;2427
31.08.2024;20240831;2024;Q3-2024;8099;Q3;01.08.2024;01.08.2024;24296;August;Aug;8;Saturday;Sat;7;0;2427
01.09.2024;20240901;2024;Q3-2024;8099;Q3;01.09.2024;01.09.2024;24297;September;Sep;9;Sunday;Sun;1;0;2427
02.09.2024;20240902;2024;Q3-2024;8099;Q3;01.09.2024;01.09.2024;24297;September;Sep;9;Monday;Mon;2;0;2427
03.09.2024;20240903;2024;Q3-2024;8099;Q3;01.09.2024;01.09.2024;24297;September;Sep;9;Tuesday;Tue;3;1;2428
04.09.2024;20240904;2024;Q3-2024;8099;Q3;01.09.2024;01.09.2024;24297;September;Sep;9;Wednesday;Wed;4;1;2429
05.09.2024;20240905;2024;Q3-2024;8099;Q3;01.09.2024;01.09.2024;24297;September;Sep;9;Thursday;Thu;5;1;2430
06.09.2024;20240906;2024;Q3-2024;8099;Q3;01.09.2024;01.09.2024;24297;September;Sep;9;Friday;Fri;6;1;2431
07.09.2024;20240907;2024;Q3-2024;8099;Q3;01.09.2024;01.09.2024;24297;September;Sep;9;Saturday;Sat;7;0;2431
08.09.2024;20240908;2024;Q3-2024;8099;Q3;01.09.2024;01.09.2024;24297;September;Sep;9;Sunday;Sun;1;0;2431
09.09.2024;20240909;2024;Q3-2024;8099;Q3;01.09.2024;01.09.2024;24297;September;Sep;9;Monday;Mon;2;1;2432
10.09.2024;20240910;2024;Q3-2024;8099;Q3;01.09.2024;01.09.2024;24297;September;Sep;9;Tuesday;Tue;3;1;2433
11.09.2024;20240911;2024;Q3-2024;8099;Q3;01.09.2024;01.09.2024;24297;September;Sep;9;Wednesday;Wed;4;1;2434
12.09.2024;20240912;2024;Q3-2024;8099;Q3;01.09.2024;01.09.2024;24297;September;Sep;9;Thursday;Thu;5;1;2435
13.09.2024;20240913;2024;Q3-2024;8099;Q3;01.09.2024;01.09.2024;24297;September;Sep;9;Friday;Fri;6;1;2436
14.09.2024;20240914;2024;Q3-2024;8099;Q3;01.09.2024;01.09.2024;24297;September;Sep;9;Saturday;Sat;7;0;2436
15.09.2024;20240915;2024;Q3-2024;8099;Q3;01.09.2024;01.09.2024;24297;September;Sep;9;Sunday;Sun;1;0;2436
16.09.2024;20240916;2024;Q3-2024;8099;Q3;01.09.2024;01.09.2024;24297;September;Sep;9;Monday;Mon;2;1;2437
17.09.2024;20240917;2024;Q3-2024;8099;Q3;01.09.2024;01.09.2024;24297;September;Sep;9;Tuesday;Tue;3;1;2438
18.09.2024;20240918;2024;Q3-2024;8099;Q3;01.09.2024;01.09.2024;24297;September;Sep;9;Wednesday;Wed;4;1;2439
19.09.2024;20240919;2024;Q3-2024;8099;Q3;01.09.2024;01.09.2024;24297;September;Sep;9;Thursday;Thu;5;1;2440
20.09.2024;20240920;2024;Q3-2024;8099;Q3;01.09.2024;01.09.2024;24297;September;Sep;9;Friday;Fri;6;1;2441
21.09.2024;20240921;2024;Q3-2024;8099;Q3;01.09.2024;01.09.2024;24297;September;Sep;9;Saturday;Sat;7;0;2441
22.09.2024;20240922;2024;Q3-2024;8099;Q3;01.09.2024;01.09.2024;24297;September;Sep;9;Sunday;Sun;1;0;2441
23.09.2024;20240923;2024;Q3-2024;8099;Q3;01.09.2024;01.09.2024;24297;September;Sep;9;Monday;Mon;2;1;2442
24.09.2024;20240924;2024;Q3-2024;8099;Q3;01.09.2024;01.09.2024;24297;September;Sep;9;Tuesday;Tue;3;1;2443
25.09.2024;20240925;2024;Q3-2024;8099;Q3;01.09.2024;01.09.2024;24297;September;Sep;9;Wednesday;Wed;4;1;2444
26.09.2024;20240926;2024;Q3-2024;8099;Q3;01.09.2024;01.09.2024;24297;September;Sep;9;Thursday;Thu;5;1;2445
27.09.2024;20240927;2024;Q3-2024;8099;Q3;01.09.2024;01.09.2024;24297;September;Sep;9;Friday;Fri;6;1;2446
28.09.2024;20240928;2024;Q3-2024;8099;Q3;01.09.2024;01.09.2024;24297;September;Sep;9;Saturday;Sat;7;0;2446
29.09.2024;20240929;2024;Q3-2024;8099;Q3;01.09.2024;01.09.2024;24297;September;Sep;9;Sunday;Sun;1;0;2446
30.09.2024;20240930;2024;Q3-2024;8099;Q3;01.09.2024;01.09.2024;24297;September;Sep;9;Monday;Mon;2;1;2447
01.10.2024;20241001;2024;Q4-2024;8100;Q4;01.10.2024;01.10.2024;24298;October;Oct;10;Tuesday;Tue;3;1;2448
02.10.2024;20241002;2024;Q4-2024;8100;Q4;01.10.2024;01.10.2024;24298;October;Oct;10;Wednesday;Wed;4;1;2449
03.10.2024;20241003;2024;Q4-2024;8100;Q4;01.10.2024;01.10.2024;24298;October;Oct;10;Thursday;Thu;5;1;2450
04.10.2024;20241004;2024;Q4-2024;8100;Q4;01.10.2024;01.10.2024;24298;October;Oct;10;Friday;Fri;6;1;2451
05.10.2024;20241005;2024;Q4-2024;8100;Q4;01.10.2024;01.10.2024;24298;October;Oct;10;Saturday;Sat;7;0;2451
06.10.2024;20241006;2024;Q4-2024;8100;Q4;01.10.2024;01.10.2024;24298;October;Oct;10;Sunday;Sun;1;0;2451
07.10.2024;20241007;2024;Q4-2024;8100;Q4;01.10.2024;01.10.2024;24298;October;Oct;10;Monday;Mon;2;1;2452
08.10.2024;20241008;2024;Q4-2024;8100;Q4;01.10.2024;01.10.2024;24298;October;Oct;10;Tuesday;Tue;3;1;2453
09.10.2024;20241009;2024;Q4-2024;8100;Q4;01.10.2024;01.10.2024;24298;October;Oct;10;Wednesday;Wed;4;1;2454
10.10.2024;20241010;2024;Q4-2024;8100;Q4;01.10.2024;01.10.2024;24298;October;Oct;10;Thursday;Thu;5;1;2455
11.10.2024;20241011;2024;Q4-2024;8100;Q4;01.10.2024;01.10.2024;24298;October;Oct;10;Friday;Fri;6;1;2456
12.10.2024;20241012;2024;Q4-2024;8100;Q4;01.10.2024;01.10.2024;24298;October;Oct;10;Saturday;Sat;7;0;2456
13.10.2024;20241013;2024;Q4-2024;8100;Q4;01.10.2024;01.10.2024;24298;October;Oct;10;Sunday;Sun;1;0;2456
14.10.2024;20241014;2024;Q4-2024;8100;Q4;01.10.2024;01.10.2024;24298;October;Oct;10;Monday;Mon;2;0;2456
15.10.2024;20241015;2024;Q4-2024;8100;Q4;01.10.2024;01.10.2024;24298;October;Oct;10;Tuesday;Tue;3;1;2457
16.10.2024;20241016;2024;Q4-2024;8100;Q4;01.10.2024;01.10.2024;24298;October;Oct;10;Wednesday;Wed;4;1;2458
17.10.2024;20241017;2024;Q4-2024;8100;Q4;01.10.2024;01.10.2024;24298;October;Oct;10;Thursday;Thu;5;1;2459
18.10.2024;20241018;2024;Q4-2024;8100;Q4;01.10.2024;01.10.2024;24298;October;Oct;10;Friday;Fri;6;1;2460
19.10.2024;20241019;2024;Q4-2024;8100;Q4;01.10.2024;01.10.2024;24298;October;Oct;10;Saturday;Sat;7;0;2460
20.10.2024;20241020;2024;Q4-2024;8100;Q4;01.10.2024;01.10.2024;24298;October;Oct;10;Sunday;Sun;1;0;2460
21.10.2024;20241021;2024;Q4-2024;8100;Q4;01.10.2024;01.10.2024;24298;October;Oct;10;Monday;Mon;2;1;2461
22.10.2024;20241022;2024;Q4-2024;8100;Q4;01.10.2024;01.10.2024;24298;October;Oct;10;Tuesday;Tue;3;1;2462
23.10.2024;20241023;2024;Q4-2024;8100;Q4;01.10.2024;01.10.2024;24298;October;Oct;10;Wednesday;Wed;4;1;2463
24.10.2024;20241024;2024;Q4-2024;8100;Q4;01.10.2024;01.10.2024;24298;October;Oct;10;Thursday;Thu;5;1;2464
25.10.2024;20241025;2024;Q4-2024;8100;Q4;01.10.2024;01.10.2024;24298;October;Oct;10;Friday;Fri;6;1;2465
26.10.2024;20241026;2024;Q4-2024;8100;Q4;01.10.2024;01.10.2024;24298;October;Oct;10;Saturday;Sat;7;0;2465
27.10.2024;20241027;2024;Q4-2024;8100;Q4;01.10.2024;01.10.2024;24298;October;Oct;10;Sunday;Sun;1;0;2465
28.10.2024;20241028;2024;Q4-2024;8100;Q4;01.10.2024;01.10.2024;24298;October;Oct;10;Monday;Mon;2;1;2466
29.10.2024;20241029;2024;Q4-2024;8100;Q4;01.10.2024;01.10.2024;24298;October;Oct;10;Tuesday;Tue;3;1;2467
30.10.2024;20241030;2024;Q4-2024;8100;Q4;01.10.2024;01.10.2024;24298;October;Oct;10;Wednesday;Wed;4;1;2468
31.10.2024;20241031;2024;Q4-2024;8100;Q4;01.10.2024;01.10.2024;24298;October;Oct;10;Thursday;Thu;5;1;2469
01.11.2024;20241101;2024;Q4-2024;8100;Q4;01.11.2024;01.11.2024;24299;November;Nov;11;Friday;Fri;6;1;2470
02.11.2024;20241102;2024;Q4-2024;8100;Q4;01.11.2024;01.11.2024;24299;November;Nov;11;Saturday;Sat;7;0;2470
03.11.2024;20241103;2024;Q4-2024;8100;Q4;01.11.2024;01.11.2024;24299;November;Nov;11;Sunday;Sun;1;0;2470
04.11.2024;20241104;2024;Q4-2024;8100;Q4;01.11.2024;01.11.2024;24299;November;Nov;11;Monday;Mon;2;1;2471
05.11.2024;20241105;2024;Q4-2024;8100;Q4;01.11.2024;01.11.2024;24299;November;Nov;11;Tuesday;Tue;3;1;2472
06.11.2024;20241106;2024;Q4-2024;8100;Q4;01.11.2024;01.11.2024;24299;November;Nov;11;Wednesday;Wed;4;1;2473
07.11.2024;20241107;2024;Q4-2024;8100;Q4;01.11.2024;01.11.2024;24299;November;Nov;11;Thursday;Thu;5;1;2474
08.11.2024;20241108;2024;Q4-2024;8100;Q4;01.11.2024;01.11.2024;24299;November;Nov;11;Friday;Fri;6;1;2475
09.11.2024;20241109;2024;Q4-2024;8100;Q4;01.11.2024;01.11.2024;24299;November;Nov;11;Saturday;Sat;7;0;2475
10.11.2024;20241110;2024;Q4-2024;8100;Q4;01.11.2024;01.11.2024;24299;November;Nov;11;Sunday;Sun;1;0;2475
11.11.2024;20241111;2024;Q4-2024;8100;Q4;01.11.2024;01.11.2024;24299;November;Nov;11;Monday;Mon;2;0;2475
12.11.2024;20241112;2024;Q4-2024;8100;Q4;01.11.2024;01.11.2024;24299;November;Nov;11;Tuesday;Tue;3;1;2476
13.11.2024;20241113;2024;Q4-2024;8100;Q4;01.11.2024;01.11.2024;24299;November;Nov;11;Wednesday;Wed;4;1;2477
14.11.2024;20241114;2024;Q4-2024;8100;Q4;01.11.2024;01.11.2024;24299;November;Nov;11;Thursday;Thu;5;1;2478
15.11.2024;20241115;2024;Q4-2024;8100;Q4;01.11.2024;01.11.2024;24299;November;Nov;11;Friday;Fri;6;1;2479
16.11.2024;20241116;2024;Q4-2024;8100;Q4;01.11.2024;01.11.2024;24299;November;Nov;11;Saturday;Sat;7;0;2479
17.11.2024;20241117;2024;Q4-2024;8100;Q4;01.11.2024;01.11.2024;24299;November;Nov;11;Sunday;Sun;1;0;2479
18.11.2024;20241118;2024;Q4-2024;8100;Q4;01.11.2024;01.11.2024;24299;November;Nov;11;Monday;Mon;2;1;2480
19.11.2024;20241119;2024;Q4-2024;8100;Q4;01.11.2024;01.11.2024;24299;November;Nov;11;Tuesday;Tue;3;1;2481
20.11.2024;20241120;2024;Q4-2024;8100;Q4;01.11.2024;01.11.2024;24299;November;Nov;11;Wednesday;Wed;4;1;2482
21.11.2024;20241121;2024;Q4-2024;8100;Q4;01.11.2024;01.11.2024;24299;November;Nov;11;Thursday;Thu;5;1;2483
22.11.2024;20241122;2024;Q4-2024;8100;Q4;01.11.2024;01.11.2024;24299;November;Nov;11;Friday;Fri;6;1;2484
23.11.2024;20241123;2024;Q4-2024;8100;Q4;01.11.2024;01.11.2024;24299;November;Nov;11;Saturday;Sat;7;0;2484
24.11.2024;20241124;2024;Q4-2024;8100;Q4;01.11.2024;01.11.2024;24299;November;Nov;11;Sunday;Sun;1;0;2484
25.11.2024;20241125;2024;Q4-2024;8100;Q4;01.11.2024;01.11.2024;24299;November;Nov;11;Monday;Mon;2;1;2485
26.11.2024;20241126;2024;Q4-2024;8100;Q4;01.11.2024;01.11.2024;24299;November;Nov;11;Tuesday;Tue;3;1;2486
27.11.2024;20241127;2024;Q4-2024;8100;Q4;01.11.2024;01.11.2024;24299;November;Nov;11;Wednesday;Wed;4;1;2487
28.11.2024;20241128;2024;Q4-2024;8100;Q4;01.11.2024;01.11.2024;24299;November;Nov;11;Thursday;Thu;5;0;2487
29.11.2024;20241129;2024;Q4-2024;8100;Q4;01.11.2024;01.11.2024;24299;November;Nov;11;Friday;Fri;6;1;2488
30.11.2024;20241130;2024;Q4-2024;8100;Q4;01.11.2024;01.11.2024;24299;November;Nov;11;Saturday;Sat;7;0;2488
01.12.2024;20241201;2024;Q4-2024;8100;Q4;01.12.2024;01.12.2024;24300;December;Dec;12;Sunday;Sun;1;0;2488
02.12.2024;20241202;2024;Q4-2024;8100;Q4;01.12.2024;01.12.2024;24300;December;Dec;12;Monday;Mon;2;1;2489
03.12.2024;20241203;2024;Q4-2024;8100;Q4;01.12.2024;01.12.2024;24300;December;Dec;12;Tuesday;Tue;3;1;2490
04.12.2024;20241204;2024;Q4-2024;8100;Q4;01.12.2024;01.12.2024;24300;December;Dec;12;Wednesday;Wed;4;1;2491
05.12.2024;20241205;2024;Q4-2024;8100;Q4;01.12.2024;01.12.2024;24300;December;Dec;12;Thursday;Thu;5;1;2492
06.12.2024;20241206;2024;Q4-2024;8100;Q4;01.12.2024;01.12.2024;24300;December;Dec;12;Friday;Fri;6;1;2493
07.12.2024;20241207;2024;Q4-2024;8100;Q4;01.12.2024;01.12.2024;24300;December;Dec;12;Saturday;Sat;7;0;2493
08.12.2024;20241208;2024;Q4-2024;8100;Q4;01.12.2024;01.12.2024;24300;December;Dec;12;Sunday;Sun;1;0;2493
09.12.2024;20241209;2024;Q4-2024;8100;Q4;01.12.2024;01.12.2024;24300;December;Dec;12;Monday;Mon;2;1;2494
10.12.2024;20241210;2024;Q4-2024;8100;Q4;01.12.2024;01.12.2024;24300;December;Dec;12;Tuesday;Tue;3;1;2495
11.12.2024;20241211;2024;Q4-2024;8100;Q4;01.12.2024;01.12.2024;24300;December;Dec;12;Wednesday;Wed;4;1;2496
12.12.2024;20241212;2024;Q4-2024;8100;Q4;01.12.2024;01.12.2024;24300;December;Dec;12;Thursday;Thu;5;1;2497
13.12.2024;20241213;2024;Q4-2024;8100;Q4;01.12.2024;01.12.2024;24300;December;Dec;12;Friday;Fri;6;1;2498
14.12.2024;20241214;2024;Q4-2024;8100;Q4;01.12.2024;01.12.2024;24300;December;Dec;12;Saturday;Sat;7;0;2498
15.12.2024;20241215;2024;Q4-2024;8100;Q4;01.12.2024;01.12.2024;24300;December;Dec;12;Sunday;Sun;1;0;2498
16.12.2024;20241216;2024;Q4-2024;8100;Q4;01.12.2024;01.12.2024;24300;December;Dec;12;Monday;Mon;2;1;2499
17.12.2024;20241217;2024;Q4-2024;8100;Q4;01.12.2024;01.12.2024;24300;December;Dec;12;Tuesday;Tue;3;1;2500
18.12.2024;20241218;2024;Q4-2024;8100;Q4;01.12.2024;01.12.2024;24300;December;Dec;12;Wednesday;Wed;4;1;2501
19.12.2024;20241219;2024;Q4-2024;8100;Q4;01.12.2024;01.12.2024;24300;December;Dec;12;Thursday;Thu;5;1;2502
20.12.2024;20241220;2024;Q4-2024;8100;Q4;01.12.2024;01.12.2024;24300;December;Dec;12;Friday;Fri;6;1;2503
21.12.2024;20241221;2024;Q4-2024;8100;Q4;01.12.2024;01.12.2024;24300;December;Dec;12;Saturday;Sat;7;0;2503
22.12.2024;20241222;2024;Q4-2024;8100;Q4;01.12.2024;01.12.2024;24300;December;Dec;12;Sunday;Sun;1;0;2503
23.12.2024;20241223;2024;Q4-2024;8100;Q4;01.12.2024;01.12.2024;24300;December;Dec;12;Monday;Mon;2;1;2504
24.12.2024;20241224;2024;Q4-2024;8100;Q4;01.12.2024;01.12.2024;24300;December;Dec;12;Tuesday;Tue;3;1;2505
25.12.2024;20241225;2024;Q4-2024;8100;Q4;01.12.2024;01.12.2024;24300;December;Dec;12;Wednesday;Wed;4;0;2505
26.12.2024;20241226;2024;Q4-2024;8100;Q4;01.12.2024;01.12.2024;24300;December;Dec;12;Thursday;Thu;5;1;2506
27.12.2024;20241227;2024;Q4-2024;8100;Q4;01.12.2024;01.12.2024;24300;December;Dec;12;Friday;Fri;6;1;2507
28.12.2024;20241228;2024;Q4-2024;8100;Q4;01.12.2024;01.12.2024;24300;December;Dec;12;Saturday;Sat;7;0;2507
29.12.2024;20241229;2024;Q4-2024;8100;Q4;01.12.2024;01.12.2024;24300;December;Dec;12;Sunday;Sun;1;0;2507
30.12.2024;20241230;2024;Q4-2024;8100;Q4;01.12.2024;01.12.2024;24300;December;Dec;12;Monday;Mon;2;1;2508
31.12.2024;20241231;2024;Q4-2024;8100;Q4;01.12.2024;01.12.2024;24300;December;Dec;12;Tuesday;Tue;3;1;2509
